[2026-07-30T19:15:16.206+0000] {manager.py:470} INFO - Processing files using up to 2 processes at a time 
[2026-07-30T19:15:16.207+0000] {manager.py:471} INFO - Process each file at most once every 30 seconds
[2026-07-30T19:15:16.207+0000] {manager.py:472} INFO - Checking for new files in /opt/airflow/dags every 300 seconds
[2026-07-30T19:15:16.207+0000] {manager.py:737} INFO - Searching for files in /opt/airflow/dags
[2026-07-30T19:15:16.208+0000] {manager.py:740} INFO - There are 1 files in /opt/airflow/dags
[2026-07-30T19:15:16.257+0000] {manager.py:878} INFO - 
================================================================================
DAG File Processing Stats

File Path                    PID  Runtime      # DAGs    # Errors  Last Runtime    Last Run
-------------------------  -----  ---------  --------  ----------  --------------  ----------
/opt/airflow/dags/main.py     36  0.03s             0           0
================================================================================
[2026-07-30T19:15:46.330+0000] {manager.py:878} INFO - 
================================================================================
DAG File Processing Stats

File Path                  PID    Runtime      # DAGs    # Errors  Last Runtime    Last Run
-------------------------  -----  ---------  --------  ----------  --------------  -------------------
/opt/airflow/dags/main.py                           1           0  0.22s           2026-07-30T19:15:16
================================================================================
[2026-07-30T19:16:16.615+0000] {manager.py:878} INFO - 
================================================================================
DAG File Processing Stats

File Path                    PID  Runtime      # DAGs    # Errors  Last Runtime    Last Run
-------------------------  -----  ---------  --------  ----------  --------------  -------------------
/opt/airflow/dags/main.py     50  0.01s             1           0  0.08s           2026-07-30T19:15:46
================================================================================
[2026-07-30T19:16:46.729+0000] {manager.py:878} INFO - 
================================================================================
DAG File Processing Stats

File Path                    PID  Runtime      # DAGs    # Errors  Last Runtime    Last Run
-------------------------  -----  ---------  --------  ----------  --------------  -------------------
/opt/airflow/dags/main.py     57  0.00s             1           0  0.09s           2026-07-30T19:16:16
================================================================================
[2026-07-30T19:17:16.828+0000] {manager.py:878} INFO - 
================================================================================
DAG File Processing Stats

File Path                    PID  Runtime      # DAGs    # Errors  Last Runtime    Last Run
-------------------------  -----  ---------  --------  ----------  --------------  -------------------
/opt/airflow/dags/main.py     64  0.00s             1           0  0.09s           2026-07-30T19:16:46
================================================================================
[2026-07-30T19:17:46.965+0000] {manager.py:878} INFO - 
================================================================================
DAG File Processing Stats

File Path                    PID  Runtime      # DAGs    # Errors  Last Runtime    Last Run
-------------------------  -----  ---------  --------  ----------  --------------  -------------------
/opt/airflow/dags/main.py     71  0.00s             1           0  0.10s           2026-07-30T19:17:16
================================================================================
[2026-07-30T19:18:17.060+0000] {manager.py:878} INFO - 
================================================================================
DAG File Processing Stats

File Path                    PID  Runtime      # DAGs    # Errors  Last Runtime    Last Run
-------------------------  -----  ---------  --------  ----------  --------------  -------------------
/opt/airflow/dags/main.py     78  0.01s             1           0  0.08s           2026-07-30T19:17:47
================================================================================
[2026-07-30T19:18:47.204+0000] {manager.py:878} INFO - 
================================================================================
DAG File Processing Stats

File Path                    PID  Runtime      # DAGs    # Errors  Last Runtime    Last Run
-------------------------  -----  ---------  --------  ----------  --------------  -------------------
/opt/airflow/dags/main.py     85  0.00s             1           0  0.09s           2026-07-30T19:18:17
================================================================================
[2026-07-30T19:19:17.356+0000] {manager.py:878} INFO - 
================================================================================
DAG File Processing Stats

File Path                    PID  Runtime      # DAGs    # Errors  Last Runtime    Last Run
-------------------------  -----  ---------  --------  ----------  --------------  -------------------
/opt/airflow/dags/main.py     92  0.01s             1           0  0.08s           2026-07-30T19:18:47
================================================================================
[2026-07-30T19:19:47.509+0000] {manager.py:878} INFO - 
================================================================================
DAG File Processing Stats

File Path                    PID  Runtime      # DAGs    # Errors  Last Runtime    Last Run
-------------------------  -----  ---------  --------  ----------  --------------  -------------------
/opt/airflow/dags/main.py     99  0.01s             1           0  0.10s           2026-07-30T19:19:17
================================================================================
[2026-07-30T19:20:16.627+0000] {manager.py:737} INFO - Searching for files in /opt/airflow/dags
[2026-07-30T19:20:16.628+0000] {manager.py:740} INFO - There are 1 files in /opt/airflow/dags
[2026-07-30T19:20:17.654+0000] {manager.py:878} INFO - 
================================================================================
DAG File Processing Stats

File Path                    PID  Runtime      # DAGs    # Errors  Last Runtime    Last Run
-------------------------  -----  ---------  --------  ----------  --------------  -------------------
/opt/airflow/dags/main.py    105  0.01s             1           0  0.08s           2026-07-30T19:19:47
================================================================================
[2026-07-30T19:20:47.753+0000] {manager.py:878} INFO - 
================================================================================
DAG File Processing Stats

File Path                    PID  Runtime      # DAGs    # Errors  Last Runtime    Last Run
-------------------------  -----  ---------  --------  ----------  --------------  -------------------
/opt/airflow/dags/main.py    112  0.00s             1           0  0.10s           2026-07-30T19:20:17
================================================================================
[2026-07-30T19:21:17.915+0000] {manager.py:878} INFO - 
================================================================================
DAG File Processing Stats

File Path                    PID  Runtime      # DAGs    # Errors  Last Runtime    Last Run
-------------------------  -----  ---------  --------  ----------  --------------  -------------------
/opt/airflow/dags/main.py    119  0.01s             1           0  0.10s           2026-07-30T19:20:47
================================================================================
[2026-07-30T19:21:48.053+0000] {manager.py:878} INFO - 
================================================================================
DAG File Processing Stats

File Path                    PID  Runtime      # DAGs    # Errors  Last Runtime    Last Run
-------------------------  -----  ---------  --------  ----------  --------------  -------------------
/opt/airflow/dags/main.py    126  0.01s             1           0  0.12s           2026-07-30T19:21:18
================================================================================
[2026-07-30T19:22:18.252+0000] {manager.py:878} INFO - 
================================================================================
DAG File Processing Stats

File Path                    PID  Runtime      # DAGs    # Errors  Last Runtime    Last Run
-------------------------  -----  ---------  --------  ----------  --------------  -------------------
/opt/airflow/dags/main.py    133  0.01s             1           0  0.11s           2026-07-30T19:21:48
================================================================================
[2026-07-30T19:22:48.360+0000] {manager.py:878} INFO - 
================================================================================
DAG File Processing Stats

File Path                    PID  Runtime      # DAGs    # Errors  Last Runtime    Last Run
-------------------------  -----  ---------  --------  ----------  --------------  -------------------
/opt/airflow/dags/main.py    146  0.00s             1           0  0.09s           2026-07-30T19:22:18
================================================================================
[2026-07-30T19:23:18.478+0000] {manager.py:878} INFO - 
================================================================================
DAG File Processing Stats

File Path                    PID  Runtime      # DAGs    # Errors  Last Runtime    Last Run
-------------------------  -----  ---------  --------  ----------  --------------  -------------------
/opt/airflow/dags/main.py    153  0.00s             1           0  0.08s           2026-07-30T19:22:48
================================================================================
[2026-07-30T19:23:48.590+0000] {manager.py:878} INFO - 
================================================================================
DAG File Processing Stats

File Path                    PID  Runtime      # DAGs    # Errors  Last Runtime    Last Run
-------------------------  -----  ---------  --------  ----------  --------------  -------------------
/opt/airflow/dags/main.py    160  0.00s             1           0  0.09s           2026-07-30T19:23:18
================================================================================
[2026-07-30T19:24:18.739+0000] {manager.py:878} INFO - 
================================================================================
DAG File Processing Stats

File Path                    PID  Runtime      # DAGs    # Errors  Last Runtime    Last Run
-------------------------  -----  ---------  --------  ----------  --------------  -------------------
/opt/airflow/dags/main.py    167  0.01s             1           0  0.09s           2026-07-30T19:23:48
================================================================================
[2026-07-30T19:24:48.943+0000] {manager.py:878} INFO - 
================================================================================
DAG File Processing Stats

File Path                    PID  Runtime      # DAGs    # Errors  Last Runtime    Last Run
-------------------------  -----  ---------  --------  ----------  --------------  -------------------
/opt/airflow/dags/main.py    174  0.01s             1           0  0.10s           2026-07-30T19:24:18
================================================================================
[2026-07-30T19:25:17.080+0000] {manager.py:737} INFO - Searching for files in /opt/airflow/dags
[2026-07-30T19:25:17.081+0000] {manager.py:740} INFO - There are 1 files in /opt/airflow/dags
[2026-07-30T19:25:19.114+0000] {manager.py:878} INFO - 
================================================================================
DAG File Processing Stats

File Path                    PID  Runtime      # DAGs    # Errors  Last Runtime    Last Run
-------------------------  -----  ---------  --------  ----------  --------------  -------------------
/opt/airflow/dags/main.py    180  0.01s             1           0  0.11s           2026-07-30T19:24:49
================================================================================
[2026-07-30T19:25:49.286+0000] {manager.py:878} INFO - 
================================================================================
DAG File Processing Stats

File Path                    PID  Runtime      # DAGs    # Errors  Last Runtime    Last Run
-------------------------  -----  ---------  --------  ----------  --------------  -------------------
/opt/airflow/dags/main.py    187  0.00s             1           0  0.12s           2026-07-30T19:25:19
================================================================================
[2026-07-30T19:26:19.472+0000] {manager.py:878} INFO - 
================================================================================
DAG File Processing Stats

File Path                    PID  Runtime      # DAGs    # Errors  Last Runtime    Last Run
-------------------------  -----  ---------  --------  ----------  --------------  -------------------
/opt/airflow/dags/main.py    194  0.00s             1           0  0.10s           2026-07-30T19:25:49
================================================================================
[2026-07-30T19:26:49.652+0000] {manager.py:878} INFO - 
================================================================================
DAG File Processing Stats

File Path                    PID  Runtime      # DAGs    # Errors  Last Runtime    Last Run
-------------------------  -----  ---------  --------  ----------  --------------  -------------------
/opt/airflow/dags/main.py    201  0.01s             1           0  0.08s           2026-07-30T19:26:19
================================================================================
[2026-07-30T19:27:19.841+0000] {manager.py:878} INFO - 
================================================================================
DAG File Processing Stats

File Path                    PID  Runtime      # DAGs    # Errors  Last Runtime    Last Run
-------------------------  -----  ---------  --------  ----------  --------------  -------------------
/opt/airflow/dags/main.py    208  0.01s             1           0  0.10s           2026-07-30T19:26:49
================================================================================
[2026-07-30T19:27:50.026+0000] {manager.py:878} INFO - 
================================================================================
DAG File Processing Stats

File Path                    PID  Runtime      # DAGs    # Errors  Last Runtime    Last Run
-------------------------  -----  ---------  --------  ----------  --------------  -------------------
/opt/airflow/dags/main.py    215  0.01s             1           0  0.09s           2026-07-30T19:27:19
================================================================================
[2026-07-30T19:28:20.215+0000] {manager.py:878} INFO - 
================================================================================
DAG File Processing Stats

File Path                    PID  Runtime      # DAGs    # Errors  Last Runtime    Last Run
-------------------------  -----  ---------  --------  ----------  --------------  -------------------
/opt/airflow/dags/main.py    222  0.01s             1           0  0.10s           2026-07-30T19:27:50
================================================================================
[2026-07-30T19:28:50.357+0000] {manager.py:878} INFO - 
================================================================================
DAG File Processing Stats

File Path                    PID  Runtime      # DAGs    # Errors  Last Runtime    Last Run
-------------------------  -----  ---------  --------  ----------  --------------  -------------------
/opt/airflow/dags/main.py    229  0.01s             1           0  0.11s           2026-07-30T19:28:20
================================================================================
[2026-07-30T19:29:20.530+0000] {manager.py:878} INFO - 
================================================================================
DAG File Processing Stats

File Path                    PID  Runtime      # DAGs    # Errors  Last Runtime    Last Run
-------------------------  -----  ---------  --------  ----------  --------------  -------------------
/opt/airflow/dags/main.py    235  0.01s             1           0  0.10s           2026-07-30T19:28:50
================================================================================
[2026-07-30T19:29:50.713+0000] {manager.py:878} INFO - 
================================================================================
DAG File Processing Stats

File Path                    PID  Runtime      # DAGs    # Errors  Last Runtime    Last Run
-------------------------  -----  ---------  --------  ----------  --------------  -------------------
/opt/airflow/dags/main.py    242  0.01s             1           0  0.10s           2026-07-30T19:29:20
================================================================================
[2026-07-30T19:30:17.837+0000] {manager.py:737} INFO - Searching for files in /opt/airflow/dags
[2026-07-30T19:30:17.840+0000] {manager.py:740} INFO - There are 1 files in /opt/airflow/dags
[2026-07-30T19:30:20.887+0000] {manager.py:878} INFO - 
================================================================================
DAG File Processing Stats

File Path                    PID  Runtime      # DAGs    # Errors  Last Runtime    Last Run
-------------------------  -----  ---------  --------  ----------  --------------  -------------------
/opt/airflow/dags/main.py    248  0.01s             1           0  0.09s           2026-07-30T19:29:50
================================================================================
[2026-07-30T19:30:51.051+0000] {manager.py:878} INFO - 
================================================================================
DAG File Processing Stats

File Path                    PID  Runtime      # DAGs    # Errors  Last Runtime    Last Run
-------------------------  -----  ---------  --------  ----------  --------------  -------------------
/opt/airflow/dags/main.py    255  0.00s             1           0  0.10s           2026-07-30T19:30:20
================================================================================
[2026-07-30T19:31:21.182+0000] {manager.py:878} INFO - 
================================================================================
DAG File Processing Stats

File Path                    PID  Runtime      # DAGs    # Errors  Last Runtime    Last Run
-------------------------  -----  ---------  --------  ----------  --------------  -------------------
/opt/airflow/dags/main.py    262  0.01s             1           0  0.08s           2026-07-30T19:30:51
================================================================================
[2026-07-30T19:31:51.366+0000] {manager.py:878} INFO - 
================================================================================
DAG File Processing Stats

File Path                    PID  Runtime      # DAGs    # Errors  Last Runtime    Last Run
-------------------------  -----  ---------  --------  ----------  --------------  -------------------
/opt/airflow/dags/main.py    269  0.01s             1           0  0.10s           2026-07-30T19:31:21
================================================================================
[2026-07-30T19:32:21.570+0000] {manager.py:878} INFO - 
================================================================================
DAG File Processing Stats

File Path                    PID  Runtime      # DAGs    # Errors  Last Runtime    Last Run
-------------------------  -----  ---------  --------  ----------  --------------  -------------------
/opt/airflow/dags/main.py    276  0.01s             1           0  0.11s           2026-07-30T19:31:51
================================================================================
[2026-07-30T19:32:51.754+0000] {manager.py:878} INFO - 
================================================================================
DAG File Processing Stats

File Path                    PID  Runtime      # DAGs    # Errors  Last Runtime    Last Run
-------------------------  -----  ---------  --------  ----------  --------------  -------------------
/opt/airflow/dags/main.py    283  0.01s             1           0  0.10s           2026-07-30T19:32:21
================================================================================
[2026-07-30T19:33:21.931+0000] {manager.py:878} INFO - 
================================================================================
DAG File Processing Stats

File Path                    PID  Runtime      # DAGs    # Errors  Last Runtime    Last Run
-------------------------  -----  ---------  --------  ----------  --------------  -------------------
/opt/airflow/dags/main.py    290  0.01s             1           0  0.09s           2026-07-30T19:32:51
================================================================================
[2026-07-30T19:33:52.037+0000] {manager.py:878} INFO - 
================================================================================
DAG File Processing Stats

File Path                    PID  Runtime      # DAGs    # Errors  Last Runtime    Last Run
-------------------------  -----  ---------  --------  ----------  --------------  -------------------
/opt/airflow/dags/main.py    297  0.00s             1           0  0.09s           2026-07-30T19:33:22
================================================================================
[2026-07-30T19:34:22.166+0000] {manager.py:878} INFO - 
================================================================================
DAG File Processing Stats

File Path                    PID  Runtime      # DAGs    # Errors  Last Runtime    Last Run
-------------------------  -----  ---------  --------  ----------  --------------  -------------------
/opt/airflow/dags/main.py    303  0.00s             1           0  0.08s           2026-07-30T19:33:52
================================================================================
[2026-07-30T19:34:52.268+0000] {manager.py:878} INFO - 
================================================================================
DAG File Processing Stats

File Path                    PID  Runtime      # DAGs    # Errors  Last Runtime    Last Run
-------------------------  -----  ---------  --------  ----------  --------------  -------------------
/opt/airflow/dags/main.py    309  0.00s             1           0  0.09s           2026-07-30T19:34:22
================================================================================
[2026-07-30T19:35:18.369+0000] {manager.py:737} INFO - Searching for files in /opt/airflow/dags
[2026-07-30T19:35:18.370+0000] {manager.py:740} INFO - There are 1 files in /opt/airflow/dags
[2026-07-30T19:35:22.396+0000] {manager.py:878} INFO - 
================================================================================
DAG File Processing Stats

File Path                    PID  Runtime      # DAGs    # Errors  Last Runtime    Last Run
-------------------------  -----  ---------  --------  ----------  --------------  -------------------
/opt/airflow/dags/main.py    316  0.00s             1           0  0.08s           2026-07-30T19:34:52
================================================================================
[2026-07-30T19:35:52.517+0000] {manager.py:878} INFO - 
================================================================================
DAG File Processing Stats

File Path                    PID  Runtime      # DAGs    # Errors  Last Runtime    Last Run
-------------------------  -----  ---------  --------  ----------  --------------  -------------------
/opt/airflow/dags/main.py    323  0.00s             1           0  0.09s           2026-07-30T19:35:22
================================================================================
[2026-07-30T19:36:22.695+0000] {manager.py:878} INFO - 
================================================================================
DAG File Processing Stats

File Path                    PID  Runtime      # DAGs    # Errors  Last Runtime    Last Run
-------------------------  -----  ---------  --------  ----------  --------------  -------------------
/opt/airflow/dags/main.py    330  0.01s             1           0  0.08s           2026-07-30T19:35:52
================================================================================
[2026-07-30T19:36:52.827+0000] {manager.py:878} INFO - 
================================================================================
DAG File Processing Stats

File Path                    PID  Runtime      # DAGs    # Errors  Last Runtime    Last Run
-------------------------  -----  ---------  --------  ----------  --------------  -------------------
/opt/airflow/dags/main.py    337  0.01s             1           0  0.10s           2026-07-30T19:36:22
================================================================================
[2026-07-30T19:37:23.041+0000] {manager.py:878} INFO - 
================================================================================
DAG File Processing Stats

File Path                    PID  Runtime      # DAGs    # Errors  Last Runtime    Last Run
-------------------------  -----  ---------  --------  ----------  --------------  -------------------
/opt/airflow/dags/main.py    345  0.01s             1           0  0.10s           2026-07-30T19:36:52
================================================================================
[2026-07-30T19:37:53.211+0000] {manager.py:878} INFO - 
================================================================================
DAG File Processing Stats

File Path                    PID  Runtime      # DAGs    # Errors  Last Runtime    Last Run
-------------------------  -----  ---------  --------  ----------  --------------  -------------------
/opt/airflow/dags/main.py    352  0.01s             1           0  0.09s           2026-07-30T19:37:23
================================================================================
[2026-07-30T19:38:23.358+0000] {manager.py:878} INFO - 
================================================================================
DAG File Processing Stats

File Path                    PID  Runtime      # DAGs    # Errors  Last Runtime    Last Run
-------------------------  -----  ---------  --------  ----------  --------------  -------------------
/opt/airflow/dags/main.py    359  0.00s             1           0  0.09s           2026-07-30T19:37:53
================================================================================
[2026-07-30T19:38:53.511+0000] {manager.py:878} INFO - 
================================================================================
DAG File Processing Stats

File Path                    PID  Runtime      # DAGs    # Errors  Last Runtime    Last Run
-------------------------  -----  ---------  --------  ----------  --------------  -------------------
/opt/airflow/dags/main.py    365  0.00s             1           0  0.08s           2026-07-30T19:38:23
================================================================================
[2026-07-30T19:39:23.671+0000] {manager.py:878} INFO - 
================================================================================
DAG File Processing Stats

File Path                    PID  Runtime      # DAGs    # Errors  Last Runtime    Last Run
-------------------------  -----  ---------  --------  ----------  --------------  -------------------
/opt/airflow/dags/main.py    372  0.01s             1           0  0.08s           2026-07-30T19:38:53
================================================================================
[2026-07-30T19:39:53.761+0000] {manager.py:878} INFO - 
================================================================================
DAG File Processing Stats

File Path                    PID  Runtime      # DAGs    # Errors  Last Runtime    Last Run
-------------------------  -----  ---------  --------  ----------  --------------  -------------------
/opt/airflow/dags/main.py    379  0.00s             1           0  0.09s           2026-07-30T19:39:23
================================================================================
[2026-07-30T19:40:18.859+0000] {manager.py:737} INFO - Searching for files in /opt/airflow/dags
[2026-07-30T19:40:18.860+0000] {manager.py:740} INFO - There are 1 files in /opt/airflow/dags
[2026-07-30T19:40:23.890+0000] {manager.py:878} INFO - 
================================================================================
DAG File Processing Stats

File Path                    PID  Runtime      # DAGs    # Errors  Last Runtime    Last Run
-------------------------  -----  ---------  --------  ----------  --------------  -------------------
/opt/airflow/dags/main.py    386  0.00s             1           0  0.09s           2026-07-30T19:39:53
================================================================================
[2026-07-30T19:40:53.981+0000] {manager.py:878} INFO - 
================================================================================
DAG File Processing Stats

File Path                    PID  Runtime      # DAGs    # Errors  Last Runtime    Last Run
-------------------------  -----  ---------  --------  ----------  --------------  -------------------
/opt/airflow/dags/main.py    394  0.00s             1           0  0.08s           2026-07-30T19:40:23
================================================================================
[2026-07-30T19:41:24.110+0000] {manager.py:878} INFO - 
================================================================================
DAG File Processing Stats

File Path                    PID  Runtime      # DAGs    # Errors  Last Runtime    Last Run
-------------------------  -----  ---------  --------  ----------  --------------  -------------------
/opt/airflow/dags/main.py    401  0.00s             1           0  0.08s           2026-07-30T19:40:54
================================================================================
[2026-07-30T19:41:54.199+0000] {manager.py:878} INFO - 
================================================================================
DAG File Processing Stats

File Path                    PID  Runtime      # DAGs    # Errors  Last Runtime    Last Run
-------------------------  -----  ---------  --------  ----------  --------------  -------------------
/opt/airflow/dags/main.py    408  0.00s             1           0  0.08s           2026-07-30T19:41:24
================================================================================
[2026-07-30T19:42:24.310+0000] {manager.py:878} INFO - 
================================================================================
DAG File Processing Stats

File Path                    PID  Runtime      # DAGs    # Errors  Last Runtime    Last Run
-------------------------  -----  ---------  --------  ----------  --------------  -------------------
/opt/airflow/dags/main.py    415  0.00s             1           0  0.09s           2026-07-30T19:41:54
================================================================================
[2026-07-30T19:42:54.409+0000] {manager.py:878} INFO - 
================================================================================
DAG File Processing Stats

File Path                    PID  Runtime      # DAGs    # Errors  Last Runtime    Last Run
-------------------------  -----  ---------  --------  ----------  --------------  -------------------
/opt/airflow/dags/main.py    422  0.00s             1           0  0.09s           2026-07-30T19:42:24
================================================================================
[2026-07-30T19:43:24.521+0000] {manager.py:878} INFO - 
================================================================================
DAG File Processing Stats

File Path                    PID  Runtime      # DAGs    # Errors  Last Runtime    Last Run
-------------------------  -----  ---------  --------  ----------  --------------  -------------------
/opt/airflow/dags/main.py    429  0.00s             1           0  0.08s           2026-07-30T19:42:54
================================================================================
[2026-07-30T19:43:54.615+0000] {manager.py:878} INFO - 
================================================================================
DAG File Processing Stats

File Path                    PID  Runtime      # DAGs    # Errors  Last Runtime    Last Run
-------------------------  -----  ---------  --------  ----------  --------------  -------------------
/opt/airflow/dags/main.py    436  0.00s             1           0  0.08s           2026-07-30T19:43:24
================================================================================
[2026-07-30T19:44:24.743+0000] {manager.py:878} INFO - 
================================================================================
DAG File Processing Stats

File Path                    PID  Runtime      # DAGs    # Errors  Last Runtime    Last Run
-------------------------  -----  ---------  --------  ----------  --------------  -------------------
/opt/airflow/dags/main.py    443  0.00s             1           0  0.09s           2026-07-30T19:43:54
================================================================================
[2026-07-30T19:44:54.834+0000] {manager.py:878} INFO - 
================================================================================
DAG File Processing Stats

File Path                    PID  Runtime      # DAGs    # Errors  Last Runtime    Last Run
-------------------------  -----  ---------  --------  ----------  --------------  -------------------
/opt/airflow/dags/main.py    450  0.00s             1           0  0.08s           2026-07-30T19:44:24
================================================================================
[2026-07-30T19:45:18.924+0000] {manager.py:737} INFO - Searching for files in /opt/airflow/dags
[2026-07-30T19:45:18.925+0000] {manager.py:740} INFO - There are 1 files in /opt/airflow/dags
[2026-07-30T19:45:24.958+0000] {manager.py:878} INFO - 
================================================================================
DAG File Processing Stats

File Path                    PID  Runtime      # DAGs    # Errors  Last Runtime    Last Run
-------------------------  -----  ---------  --------  ----------  --------------  -------------------
/opt/airflow/dags/main.py    457  0.00s             1           0  0.10s           2026-07-30T19:44:54
================================================================================
[2026-07-30T19:45:55.062+0000] {manager.py:878} INFO - 
================================================================================
DAG File Processing Stats

File Path                    PID  Runtime      # DAGs    # Errors  Last Runtime    Last Run
-------------------------  -----  ---------  --------  ----------  --------------  -------------------
/opt/airflow/dags/main.py    464  0.00s             1           0  0.08s           2026-07-30T19:45:25
================================================================================
[2026-07-30T19:46:25.165+0000] {manager.py:878} INFO - 
================================================================================
DAG File Processing Stats

File Path                    PID  Runtime      # DAGs    # Errors  Last Runtime    Last Run
-------------------------  -----  ---------  --------  ----------  --------------  -------------------
/opt/airflow/dags/main.py    471  0.00s             1           0  0.10s           2026-07-30T19:45:55
================================================================================
[2026-07-30T19:46:55.325+0000] {manager.py:878} INFO - 
================================================================================
DAG File Processing Stats

File Path                    PID  Runtime      # DAGs    # Errors  Last Runtime    Last Run
-------------------------  -----  ---------  --------  ----------  --------------  -------------------
/opt/airflow/dags/main.py    478  0.00s             1           0  0.09s           2026-07-30T19:46:25
================================================================================
[2026-07-30T19:47:25.431+0000] {manager.py:878} INFO - 
================================================================================
DAG File Processing Stats

File Path                    PID  Runtime      # DAGs    # Errors  Last Runtime    Last Run
-------------------------  -----  ---------  --------  ----------  --------------  -------------------
/opt/airflow/dags/main.py    485  0.00s             1           0  0.08s           2026-07-30T19:46:55
================================================================================
[2026-07-30T19:47:55.563+0000] {manager.py:878} INFO - 
================================================================================
DAG File Processing Stats

File Path                    PID  Runtime      # DAGs    # Errors  Last Runtime    Last Run
-------------------------  -----  ---------  --------  ----------  --------------  -------------------
/opt/airflow/dags/main.py    492  0.00s             1           0  0.09s           2026-07-30T19:47:25
================================================================================
[2026-07-30T19:48:25.674+0000] {manager.py:878} INFO - 
================================================================================
DAG File Processing Stats

File Path                    PID  Runtime      # DAGs    # Errors  Last Runtime    Last Run
-------------------------  -----  ---------  --------  ----------  --------------  -------------------
/opt/airflow/dags/main.py    499  0.00s             1           0  0.08s           2026-07-30T19:47:55
================================================================================
[2026-07-30T19:48:55.798+0000] {manager.py:878} INFO - 
================================================================================
DAG File Processing Stats

File Path                    PID  Runtime      # DAGs    # Errors  Last Runtime    Last Run
-------------------------  -----  ---------  --------  ----------  --------------  -------------------
/opt/airflow/dags/main.py    506  0.01s             1           0  0.09s           2026-07-30T19:48:25
================================================================================
[2026-07-30T19:49:25.879+0000] {manager.py:878} INFO - 
================================================================================
DAG File Processing Stats

File Path                  PID    Runtime      # DAGs    # Errors  Last Runtime    Last Run
-------------------------  -----  ---------  --------  ----------  --------------  -------------------
/opt/airflow/dags/main.py                           1           0  0.11s           2026-07-30T19:48:55
================================================================================
[2026-07-30T19:49:56.028+0000] {manager.py:878} INFO - 
================================================================================
DAG File Processing Stats

File Path                  PID    Runtime      # DAGs    # Errors  Last Runtime    Last Run
-------------------------  -----  ---------  --------  ----------  --------------  -------------------
/opt/airflow/dags/main.py                           1           0  0.08s           2026-07-30T19:49:26
================================================================================
[2026-07-30T19:50:19.114+0000] {manager.py:737} INFO - Searching for files in /opt/airflow/dags
[2026-07-30T19:50:19.116+0000] {manager.py:740} INFO - There are 1 files in /opt/airflow/dags
[2026-07-30T19:50:26.149+0000] {manager.py:878} INFO - 
================================================================================
DAG File Processing Stats

File Path                  PID    Runtime      # DAGs    # Errors  Last Runtime    Last Run
-------------------------  -----  ---------  --------  ----------  --------------  -------------------
/opt/airflow/dags/main.py                           1           0  0.09s           2026-07-30T19:49:56
================================================================================
[2026-07-30T19:50:56.286+0000] {manager.py:878} INFO - 
================================================================================
DAG File Processing Stats

File Path                  PID    Runtime      # DAGs    # Errors  Last Runtime    Last Run
-------------------------  -----  ---------  --------  ----------  --------------  -------------------
/opt/airflow/dags/main.py                           1           0  0.09s           2026-07-30T19:50:26
================================================================================
[2026-07-30T19:51:26.476+0000] {manager.py:878} INFO - 
================================================================================
DAG File Processing Stats

File Path                    PID  Runtime      # DAGs    # Errors  Last Runtime    Last Run
-------------------------  -----  ---------  --------  ----------  --------------  -------------------
/opt/airflow/dags/main.py    541  0.01s             1           0  0.09s           2026-07-30T19:50:56
================================================================================
[2026-07-30T19:51:56.674+0000] {manager.py:878} INFO - 
================================================================================
DAG File Processing Stats

File Path                    PID  Runtime      # DAGs    # Errors  Last Runtime    Last Run
-------------------------  -----  ---------  --------  ----------  --------------  -------------------
/opt/airflow/dags/main.py    549  0.01s             1           0  0.09s           2026-07-30T19:51:26
================================================================================
[2026-07-30T19:52:26.838+0000] {manager.py:878} INFO - 
================================================================================
DAG File Processing Stats

File Path                    PID  Runtime      # DAGs    # Errors  Last Runtime    Last Run
-------------------------  -----  ---------  --------  ----------  --------------  -------------------
/opt/airflow/dags/main.py    557  0.01s             1           0  0.10s           2026-07-30T19:51:56
================================================================================
[2026-07-30T19:52:56.995+0000] {manager.py:878} INFO - 
================================================================================
DAG File Processing Stats

File Path                    PID  Runtime      # DAGs    # Errors  Last Runtime    Last Run
-------------------------  -----  ---------  --------  ----------  --------------  -------------------
/opt/airflow/dags/main.py    563  0.00s             1           0  0.10s           2026-07-30T19:52:26
================================================================================
[2026-07-30T19:53:27.179+0000] {manager.py:878} INFO - 
================================================================================
DAG File Processing Stats

File Path                    PID  Runtime      # DAGs    # Errors  Last Runtime    Last Run
-------------------------  -----  ---------  --------  ----------  --------------  -------------------
/opt/airflow/dags/main.py    570  0.01s             1           0  0.08s           2026-07-30T19:52:57
================================================================================
[2026-07-30T19:53:57.299+0000] {manager.py:878} INFO - 
================================================================================
DAG File Processing Stats

File Path                    PID  Runtime      # DAGs    # Errors  Last Runtime    Last Run
-------------------------  -----  ---------  --------  ----------  --------------  -------------------
/opt/airflow/dags/main.py    577  0.00s             1           0  0.09s           2026-07-30T19:53:27
================================================================================
[2026-07-30T19:54:27.439+0000] {manager.py:878} INFO - 
================================================================================
DAG File Processing Stats

File Path                    PID  Runtime      # DAGs    # Errors  Last Runtime    Last Run
-------------------------  -----  ---------  --------  ----------  --------------  -------------------
/opt/airflow/dags/main.py    584  0.00s             1           0  0.09s           2026-07-30T19:53:57
================================================================================
[2026-07-30T19:54:57.600+0000] {manager.py:878} INFO - 
================================================================================
DAG File Processing Stats

File Path                    PID  Runtime      # DAGs    # Errors  Last Runtime    Last Run
-------------------------  -----  ---------  --------  ----------  --------------  -------------------
/opt/airflow/dags/main.py    591  0.00s             1           0  0.08s           2026-07-30T19:54:27
================================================================================
[2026-07-30T19:55:19.683+0000] {manager.py:737} INFO - Searching for files in /opt/airflow/dags
[2026-07-30T19:55:19.686+0000] {manager.py:740} INFO - There are 1 files in /opt/airflow/dags
[2026-07-30T19:55:27.772+0000] {manager.py:878} INFO - 
================================================================================
DAG File Processing Stats

File Path                    PID  Runtime      # DAGs    # Errors  Last Runtime    Last Run
-------------------------  -----  ---------  --------  ----------  --------------  -------------------
/opt/airflow/dags/main.py    598  0.01s             1           0  0.09s           2026-07-30T19:54:57
================================================================================
[2026-07-30T19:55:57.925+0000] {manager.py:878} INFO - 
================================================================================
DAG File Processing Stats

File Path                    PID  Runtime      # DAGs    # Errors  Last Runtime    Last Run
-------------------------  -----  ---------  --------  ----------  --------------  -------------------
/opt/airflow/dags/main.py    605  0.01s             1           0  0.09s           2026-07-30T19:55:27
================================================================================
[2026-07-30T19:56:28.115+0000] {manager.py:878} INFO - 
================================================================================
DAG File Processing Stats

File Path                    PID  Runtime      # DAGs    # Errors  Last Runtime    Last Run
-------------------------  -----  ---------  --------  ----------  --------------  -------------------
/opt/airflow/dags/main.py    611  0.01s             1           0  0.10s           2026-07-30T19:55:58
================================================================================
[2026-07-30T19:56:58.289+0000] {manager.py:878} INFO - 
================================================================================
DAG File Processing Stats

File Path                    PID  Runtime      # DAGs    # Errors  Last Runtime    Last Run
-------------------------  -----  ---------  --------  ----------  --------------  -------------------
/opt/airflow/dags/main.py    618  0.01s             1           0  0.09s           2026-07-30T19:56:28
================================================================================
[2026-07-30T19:57:28.429+0000] {manager.py:878} INFO - 
================================================================================
DAG File Processing Stats

File Path                    PID  Runtime      # DAGs    # Errors  Last Runtime    Last Run
-------------------------  -----  ---------  --------  ----------  --------------  -------------------
/opt/airflow/dags/main.py    625  0.01s             1           0  0.11s           2026-07-30T19:56:58
================================================================================
[2026-07-30T19:57:58.612+0000] {manager.py:878} INFO - 
================================================================================
DAG File Processing Stats

File Path                    PID  Runtime      # DAGs    # Errors  Last Runtime    Last Run
-------------------------  -----  ---------  --------  ----------  --------------  -------------------
/opt/airflow/dags/main.py    632  0.02s             1           0  0.10s           2026-07-30T19:57:28
================================================================================
[2026-07-30T19:58:28.749+0000] {manager.py:878} INFO - 
================================================================================
DAG File Processing Stats

File Path                    PID  Runtime      # DAGs    # Errors  Last Runtime    Last Run
-------------------------  -----  ---------  --------  ----------  --------------  -------------------
/opt/airflow/dags/main.py    639  0.01s             1           0  0.10s           2026-07-30T19:57:58
================================================================================
[2026-07-30T19:58:58.889+0000] {manager.py:878} INFO - 
================================================================================
DAG File Processing Stats

File Path                    PID  Runtime      # DAGs    # Errors  Last Runtime    Last Run
-------------------------  -----  ---------  --------  ----------  --------------  -------------------
/opt/airflow/dags/main.py    646  0.01s             1           0  0.10s           2026-07-30T19:58:28
================================================================================
[2026-07-30T19:59:29.011+0000] {manager.py:878} INFO - 
================================================================================
DAG File Processing Stats

File Path                    PID  Runtime      # DAGs    # Errors  Last Runtime    Last Run
-------------------------  -----  ---------  --------  ----------  --------------  -------------------
/opt/airflow/dags/main.py    653  0.01s             1           0  0.09s           2026-07-30T19:58:58
================================================================================
[2026-07-30T19:59:59.153+0000] {manager.py:878} INFO - 
================================================================================
DAG File Processing Stats

File Path                    PID  Runtime      # DAGs    # Errors  Last Runtime    Last Run
-------------------------  -----  ---------  --------  ----------  --------------  -------------------
/opt/airflow/dags/main.py    660  0.00s             1           0  0.09s           2026-07-30T19:59:29
================================================================================
[2026-07-30T20:00:20.221+0000] {manager.py:737} INFO - Searching for files in /opt/airflow/dags
[2026-07-30T20:00:20.223+0000] {manager.py:740} INFO - There are 1 files in /opt/airflow/dags
[2026-07-30T20:00:29.288+0000] {manager.py:878} INFO - 
================================================================================
DAG File Processing Stats

File Path                    PID  Runtime      # DAGs    # Errors  Last Runtime    Last Run
-------------------------  -----  ---------  --------  ----------  --------------  -------------------
/opt/airflow/dags/main.py    667  0.00s             1           0  0.09s           2026-07-30T19:59:59
================================================================================
[2026-07-30T20:00:59.466+0000] {manager.py:878} INFO - 
================================================================================
DAG File Processing Stats

File Path                    PID  Runtime      # DAGs    # Errors  Last Runtime    Last Run
-------------------------  -----  ---------  --------  ----------  --------------  -------------------
/opt/airflow/dags/main.py    674  0.01s             1           0  0.08s           2026-07-30T20:00:29
================================================================================
[2026-07-30T20:01:29.618+0000] {manager.py:878} INFO - 
================================================================================
DAG File Processing Stats

File Path                    PID  Runtime      # DAGs    # Errors  Last Runtime    Last Run
-------------------------  -----  ---------  --------  ----------  --------------  -------------------
/opt/airflow/dags/main.py    681  0.01s             1           0  0.09s           2026-07-30T20:00:59
================================================================================
[2026-07-30T20:01:59.766+0000] {manager.py:878} INFO - 
================================================================================
DAG File Processing Stats

File Path                    PID  Runtime      # DAGs    # Errors  Last Runtime    Last Run
-------------------------  -----  ---------  --------  ----------  --------------  -------------------
/opt/airflow/dags/main.py    688  0.00s             1           0  0.10s           2026-07-30T20:01:29
================================================================================
[2026-07-30T20:02:29.926+0000] {manager.py:878} INFO - 
================================================================================
DAG File Processing Stats

File Path                    PID  Runtime      # DAGs    # Errors  Last Runtime    Last Run
-------------------------  -----  ---------  --------  ----------  --------------  -------------------
/opt/airflow/dags/main.py    695  0.00s             1           0  0.08s           2026-07-30T20:01:59
================================================================================
[2026-07-30T20:03:00.054+0000] {manager.py:878} INFO - 
================================================================================
DAG File Processing Stats

File Path                    PID  Runtime      # DAGs    # Errors  Last Runtime    Last Run
-------------------------  -----  ---------  --------  ----------  --------------  -------------------
/opt/airflow/dags/main.py    702  0.00s             1           0  0.08s           2026-07-30T20:02:30
================================================================================
[2026-07-30T20:03:30.214+0000] {manager.py:878} INFO - 
================================================================================
DAG File Processing Stats

File Path                    PID  Runtime      # DAGs    # Errors  Last Runtime    Last Run
-------------------------  -----  ---------  --------  ----------  --------------  -------------------
/opt/airflow/dags/main.py    709  0.00s             1           0  0.09s           2026-07-30T20:03:00
================================================================================
[2026-07-30T20:04:00.322+0000] {manager.py:878} INFO - 
================================================================================
DAG File Processing Stats

File Path                    PID  Runtime      # DAGs    # Errors  Last Runtime    Last Run
-------------------------  -----  ---------  --------  ----------  --------------  -------------------
/opt/airflow/dags/main.py    716  0.00s             1           0  0.08s           2026-07-30T20:03:30
================================================================================
[2026-07-30T20:04:30.491+0000] {manager.py:878} INFO - 
================================================================================
DAG File Processing Stats

File Path                    PID  Runtime      # DAGs    # Errors  Last Runtime    Last Run
-------------------------  -----  ---------  --------  ----------  --------------  -------------------
/opt/airflow/dags/main.py    723  0.00s             1           0  0.08s           2026-07-30T20:04:00
================================================================================
[2026-07-30T20:05:00.605+0000] {manager.py:878} INFO - 
================================================================================
DAG File Processing Stats

File Path                    PID  Runtime      # DAGs    # Errors  Last Runtime    Last Run
-------------------------  -----  ---------  --------  ----------  --------------  -------------------
/opt/airflow/dags/main.py    730  0.00s             1           0  0.09s           2026-07-30T20:04:30
================================================================================
[2026-07-30T20:05:20.688+0000] {manager.py:737} INFO - Searching for files in /opt/airflow/dags
[2026-07-30T20:05:20.689+0000] {manager.py:740} INFO - There are 1 files in /opt/airflow/dags
[2026-07-30T20:05:30.744+0000] {manager.py:878} INFO - 
================================================================================
DAG File Processing Stats

File Path                    PID  Runtime      # DAGs    # Errors  Last Runtime    Last Run
-------------------------  -----  ---------  --------  ----------  --------------  -------------------
/opt/airflow/dags/main.py    737  0.00s             1           0  0.08s           2026-07-30T20:05:00
================================================================================
[2026-07-30T20:06:00.849+0000] {manager.py:878} INFO - 
================================================================================
DAG File Processing Stats

File Path                    PID  Runtime      # DAGs    # Errors  Last Runtime    Last Run
-------------------------  -----  ---------  --------  ----------  --------------  -------------------
/opt/airflow/dags/main.py    743  0.00s             1           0  0.08s           2026-07-30T20:05:30
================================================================================
[2026-07-30T20:06:30.999+0000] {manager.py:878} INFO - 
================================================================================
DAG File Processing Stats

File Path                    PID  Runtime      # DAGs    # Errors  Last Runtime    Last Run
-------------------------  -----  ---------  --------  ----------  --------------  -------------------
/opt/airflow/dags/main.py    750  0.00s             1           0  0.09s           2026-07-30T20:06:00
================================================================================
[2026-07-30T20:07:01.093+0000] {manager.py:878} INFO - 
================================================================================
DAG File Processing Stats

File Path                    PID  Runtime      # DAGs    # Errors  Last Runtime    Last Run
-------------------------  -----  ---------  --------  ----------  --------------  -------------------
/opt/airflow/dags/main.py    757  0.00s             1           0  0.08s           2026-07-30T20:06:31
================================================================================
[2026-07-30T20:07:31.277+0000] {manager.py:878} INFO - 
================================================================================
DAG File Processing Stats

File Path                    PID  Runtime      # DAGs    # Errors  Last Runtime    Last Run
-------------------------  -----  ---------  --------  ----------  --------------  -------------------
/opt/airflow/dags/main.py    764  0.00s             1           0  0.08s           2026-07-30T20:07:01
================================================================================
[2026-07-30T20:08:01.395+0000] {manager.py:878} INFO - 
================================================================================
DAG File Processing Stats

File Path                    PID  Runtime      # DAGs    # Errors  Last Runtime    Last Run
-------------------------  -----  ---------  --------  ----------  --------------  -------------------
/opt/airflow/dags/main.py    771  0.00s             1           0  0.09s           2026-07-30T20:07:31
================================================================================
[2026-07-30T20:08:31.530+0000] {manager.py:878} INFO - 
================================================================================
DAG File Processing Stats

File Path                    PID  Runtime      # DAGs    # Errors  Last Runtime    Last Run
-------------------------  -----  ---------  --------  ----------  --------------  -------------------
/opt/airflow/dags/main.py    778  0.00s             1           0  0.09s           2026-07-30T20:08:01
================================================================================
[2026-07-30T20:09:01.668+0000] {manager.py:878} INFO - 
================================================================================
DAG File Processing Stats

File Path                    PID  Runtime      # DAGs    # Errors  Last Runtime    Last Run
-------------------------  -----  ---------  --------  ----------  --------------  -------------------
/opt/airflow/dags/main.py    785  0.00s             1           0  0.08s           2026-07-30T20:08:31
================================================================================
[2026-07-30T20:09:31.793+0000] {manager.py:878} INFO - 
================================================================================
DAG File Processing Stats

File Path                    PID  Runtime      # DAGs    # Errors  Last Runtime    Last Run
-------------------------  -----  ---------  --------  ----------  --------------  -------------------
/opt/airflow/dags/main.py    792  0.00s             1           0  0.08s           2026-07-30T20:09:01
================================================================================
[2026-07-30T20:10:01.931+0000] {manager.py:878} INFO - 
================================================================================
DAG File Processing Stats

File Path                    PID  Runtime      # DAGs    # Errors  Last Runtime    Last Run
-------------------------  -----  ---------  --------  ----------  --------------  -------------------
/opt/airflow/dags/main.py    799  0.00s             1           0  0.08s           2026-07-30T20:09:31
================================================================================
[2026-07-30T20:10:20.981+0000] {manager.py:737} INFO - Searching for files in /opt/airflow/dags
[2026-07-30T20:10:20.983+0000] {manager.py:740} INFO - There are 1 files in /opt/airflow/dags
[2026-07-30T20:10:32.043+0000] {manager.py:878} INFO - 
================================================================================
DAG File Processing Stats

File Path                    PID  Runtime      # DAGs    # Errors  Last Runtime    Last Run
-------------------------  -----  ---------  --------  ----------  --------------  -------------------
/opt/airflow/dags/main.py    805  0.00s             1           0  0.08s           2026-07-30T20:10:02
================================================================================
[2026-07-30T20:11:02.194+0000] {manager.py:878} INFO - 
================================================================================
DAG File Processing Stats

File Path                    PID  Runtime      # DAGs    # Errors  Last Runtime    Last Run
-------------------------  -----  ---------  --------  ----------  --------------  -------------------
/opt/airflow/dags/main.py    813  0.00s             1           0  0.09s           2026-07-30T20:10:32
================================================================================
[2026-07-30T20:11:32.332+0000] {manager.py:878} INFO - 
================================================================================
DAG File Processing Stats

File Path                    PID  Runtime      # DAGs    # Errors  Last Runtime    Last Run
-------------------------  -----  ---------  --------  ----------  --------------  -------------------
/opt/airflow/dags/main.py    820  0.01s             1           0  0.08s           2026-07-30T20:11:02
================================================================================
[2026-07-30T20:12:02.495+0000] {manager.py:878} INFO - 
================================================================================
DAG File Processing Stats

File Path                    PID  Runtime      # DAGs    # Errors  Last Runtime    Last Run
-------------------------  -----  ---------  --------  ----------  --------------  -------------------
/opt/airflow/dags/main.py    826  0.00s             1           0  0.09s           2026-07-30T20:11:32
================================================================================
[2026-07-30T20:12:32.622+0000] {manager.py:878} INFO - 
================================================================================
DAG File Processing Stats

File Path                    PID  Runtime      # DAGs    # Errors  Last Runtime    Last Run
-------------------------  -----  ---------  --------  ----------  --------------  -------------------
/opt/airflow/dags/main.py    833  0.00s             1           0  0.09s           2026-07-30T20:12:02
================================================================================
[2026-07-30T20:13:02.780+0000] {manager.py:878} INFO - 
================================================================================
DAG File Processing Stats

File Path                    PID  Runtime      # DAGs    # Errors  Last Runtime    Last Run
-------------------------  -----  ---------  --------  ----------  --------------  -------------------
/opt/airflow/dags/main.py    840  0.00s             1           0  0.09s           2026-07-30T20:12:32
================================================================================
[2026-07-30T20:13:32.913+0000] {manager.py:878} INFO - 
================================================================================
DAG File Processing Stats

File Path                    PID  Runtime      # DAGs    # Errors  Last Runtime    Last Run
-------------------------  -----  ---------  --------  ----------  --------------  -------------------
/opt/airflow/dags/main.py    847  0.00s             1           0  0.09s           2026-07-30T20:13:02
================================================================================
[2026-07-30T20:14:03.071+0000] {manager.py:878} INFO - 
================================================================================
DAG File Processing Stats

File Path                    PID  Runtime      # DAGs    # Errors  Last Runtime    Last Run
-------------------------  -----  ---------  --------  ----------  --------------  -------------------
/opt/airflow/dags/main.py    854  0.00s             1           0  0.09s           2026-07-30T20:13:33
================================================================================
[2026-07-30T20:14:33.225+0000] {manager.py:878} INFO - 
================================================================================
DAG File Processing Stats

File Path                    PID  Runtime      # DAGs    # Errors  Last Runtime    Last Run
-------------------------  -----  ---------  --------  ----------  --------------  -------------------
/opt/airflow/dags/main.py    861  0.01s             1           0  0.09s           2026-07-30T20:14:03
================================================================================
[2026-07-30T20:15:03.387+0000] {manager.py:878} INFO - 
================================================================================
DAG File Processing Stats

File Path                    PID  Runtime      # DAGs    # Errors  Last Runtime    Last Run
-------------------------  -----  ---------  --------  ----------  --------------  -------------------
/opt/airflow/dags/main.py    868  0.01s             1           0  0.10s           2026-07-30T20:14:33
================================================================================
[2026-07-30T20:15:21.473+0000] {manager.py:737} INFO - Searching for files in /opt/airflow/dags
[2026-07-30T20:15:21.475+0000] {manager.py:740} INFO - There are 1 files in /opt/airflow/dags
[2026-07-30T20:15:33.549+0000] {manager.py:878} INFO - 
================================================================================
DAG File Processing Stats

File Path                    PID  Runtime      # DAGs    # Errors  Last Runtime    Last Run
-------------------------  -----  ---------  --------  ----------  --------------  -------------------
/opt/airflow/dags/main.py    875  0.00s             1           0  0.10s           2026-07-30T20:15:03
================================================================================
[2026-07-30T20:16:03.667+0000] {manager.py:878} INFO - 
================================================================================
DAG File Processing Stats

File Path                    PID  Runtime      # DAGs    # Errors  Last Runtime    Last Run
-------------------------  -----  ---------  --------  ----------  --------------  -------------------
/opt/airflow/dags/main.py    882  0.00s             1           0  0.08s           2026-07-30T20:15:33
================================================================================
[2026-07-30T20:16:33.825+0000] {manager.py:878} INFO - 
================================================================================
DAG File Processing Stats

File Path                    PID  Runtime      # DAGs    # Errors  Last Runtime    Last Run
-------------------------  -----  ---------  --------  ----------  --------------  -------------------
/opt/airflow/dags/main.py    889  0.01s             1           0  0.09s           2026-07-30T20:16:03
================================================================================
[2026-07-30T20:17:03.943+0000] {manager.py:878} INFO - 
================================================================================
DAG File Processing Stats

File Path                    PID  Runtime      # DAGs    # Errors  Last Runtime    Last Run
-------------------------  -----  ---------  --------  ----------  --------------  -------------------
/opt/airflow/dags/main.py    896  0.01s             1           0  0.11s           2026-07-30T20:16:33
================================================================================
[2026-07-30T20:17:34.132+0000] {manager.py:878} INFO - 
================================================================================
DAG File Processing Stats

File Path                    PID  Runtime      # DAGs    # Errors  Last Runtime    Last Run
-------------------------  -----  ---------  --------  ----------  --------------  -------------------
/opt/airflow/dags/main.py    903  0.00s             1           0  0.09s           2026-07-30T20:17:04
================================================================================
[2026-07-30T20:18:04.275+0000] {manager.py:878} INFO - 
================================================================================
DAG File Processing Stats

File Path                    PID  Runtime      # DAGs    # Errors  Last Runtime    Last Run
-------------------------  -----  ---------  --------  ----------  --------------  -------------------
/opt/airflow/dags/main.py    910  0.00s             1           0  0.08s           2026-07-30T20:17:34
================================================================================
[2026-07-30T20:18:34.444+0000] {manager.py:878} INFO - 
================================================================================
DAG File Processing Stats

File Path                    PID  Runtime      # DAGs    # Errors  Last Runtime    Last Run
-------------------------  -----  ---------  --------  ----------  --------------  -------------------
/opt/airflow/dags/main.py    917  0.01s             1           0  0.08s           2026-07-30T20:18:04
================================================================================
[2026-07-30T20:19:04.565+0000] {manager.py:878} INFO - 
================================================================================
DAG File Processing Stats

File Path                    PID  Runtime      # DAGs    # Errors  Last Runtime    Last Run
-------------------------  -----  ---------  --------  ----------  --------------  -------------------
/opt/airflow/dags/main.py    924  0.00s             1           0  0.09s           2026-07-30T20:18:34
================================================================================
[2026-07-30T20:19:34.737+0000] {manager.py:878} INFO - 
================================================================================
DAG File Processing Stats

File Path                    PID  Runtime      # DAGs    # Errors  Last Runtime    Last Run
-------------------------  -----  ---------  --------  ----------  --------------  -------------------
/opt/airflow/dags/main.py    931  0.00s             1           0  0.08s           2026-07-30T20:19:04
================================================================================
[2026-07-30T20:20:04.867+0000] {manager.py:878} INFO - 
================================================================================
DAG File Processing Stats

File Path                    PID  Runtime      # DAGs    # Errors  Last Runtime    Last Run
-------------------------  -----  ---------  --------  ----------  --------------  -------------------
/opt/airflow/dags/main.py    938  0.00s             1           0  0.09s           2026-07-30T20:19:34
================================================================================
[2026-07-30T20:20:21.953+0000] {manager.py:737} INFO - Searching for files in /opt/airflow/dags
[2026-07-30T20:20:21.957+0000] {manager.py:740} INFO - There are 1 files in /opt/airflow/dags
[2026-07-30T20:20:35.037+0000] {manager.py:878} INFO - 
================================================================================
DAG File Processing Stats

File Path                    PID  Runtime      # DAGs    # Errors  Last Runtime    Last Run
-------------------------  -----  ---------  --------  ----------  --------------  -------------------
/opt/airflow/dags/main.py    945  0.00s             1           0  0.09s           2026-07-30T20:20:04
================================================================================
[2026-07-30T20:21:05.144+0000] {manager.py:878} INFO - 
================================================================================
DAG File Processing Stats

File Path                    PID  Runtime      # DAGs    # Errors  Last Runtime    Last Run
-------------------------  -----  ---------  --------  ----------  --------------  -------------------
/opt/airflow/dags/main.py    952  0.00s             1           0  0.09s           2026-07-30T20:20:35
================================================================================
[2026-07-30T20:21:35.328+0000] {manager.py:878} INFO - 
================================================================================
DAG File Processing Stats

File Path                    PID  Runtime      # DAGs    # Errors  Last Runtime    Last Run
-------------------------  -----  ---------  --------  ----------  --------------  -------------------
/opt/airflow/dags/main.py    959  0.00s             1           0  0.09s           2026-07-30T20:21:05
================================================================================
[2026-07-30T20:22:05.481+0000] {manager.py:878} INFO - 
================================================================================
DAG File Processing Stats

File Path                    PID  Runtime      # DAGs    # Errors  Last Runtime    Last Run
-------------------------  -----  ---------  --------  ----------  --------------  -------------------
/opt/airflow/dags/main.py    966  0.01s             1           0  0.09s           2026-07-30T20:21:35
================================================================================
[2026-07-30T20:22:35.629+0000] {manager.py:878} INFO - 
================================================================================
DAG File Processing Stats

File Path                    PID  Runtime      # DAGs    # Errors  Last Runtime    Last Run
-------------------------  -----  ---------  --------  ----------  --------------  -------------------
/opt/airflow/dags/main.py    973  0.00s             1           0  0.11s           2026-07-30T20:22:05
================================================================================
[2026-07-30T20:23:05.777+0000] {manager.py:878} INFO - 
================================================================================
DAG File Processing Stats

File Path                    PID  Runtime      # DAGs    # Errors  Last Runtime    Last Run
-------------------------  -----  ---------  --------  ----------  --------------  -------------------
/opt/airflow/dags/main.py    979  0.00s             1           0  0.09s           2026-07-30T20:22:35
================================================================================
[2026-07-30T20:23:35.912+0000] {manager.py:878} INFO - 
================================================================================
DAG File Processing Stats

File Path                    PID  Runtime      # DAGs    # Errors  Last Runtime    Last Run
-------------------------  -----  ---------  --------  ----------  --------------  -------------------
/opt/airflow/dags/main.py    986  0.01s             1           0  0.09s           2026-07-30T20:23:05
================================================================================
[2026-07-30T20:24:06.041+0000] {manager.py:878} INFO - 
================================================================================
DAG File Processing Stats

File Path                    PID  Runtime      # DAGs    # Errors  Last Runtime    Last Run
-------------------------  -----  ---------  --------  ----------  --------------  -------------------
/opt/airflow/dags/main.py    994  0.00s             1           0  0.10s           2026-07-30T20:23:35
================================================================================
[2026-07-30T20:24:36.169+0000] {manager.py:878} INFO - 
================================================================================
DAG File Processing Stats

File Path                    PID  Runtime      # DAGs    # Errors  Last Runtime    Last Run
-------------------------  -----  ---------  --------  ----------  --------------  -------------------
/opt/airflow/dags/main.py   1001  0.00s             1           0  0.09s           2026-07-30T20:24:06
================================================================================
[2026-07-30T20:25:06.311+0000] {manager.py:878} INFO - 
================================================================================
DAG File Processing Stats

File Path                    PID  Runtime      # DAGs    # Errors  Last Runtime    Last Run
-------------------------  -----  ---------  --------  ----------  --------------  -------------------
/opt/airflow/dags/main.py   1008  0.00s             1           0  0.09s           2026-07-30T20:24:36
================================================================================
[2026-07-30T20:25:22.381+0000] {manager.py:737} INFO - Searching for files in /opt/airflow/dags
[2026-07-30T20:25:22.384+0000] {manager.py:740} INFO - There are 1 files in /opt/airflow/dags
[2026-07-30T20:25:36.499+0000] {manager.py:878} INFO - 
================================================================================
DAG File Processing Stats

File Path                    PID  Runtime      # DAGs    # Errors  Last Runtime    Last Run
-------------------------  -----  ---------  --------  ----------  --------------  -------------------
/opt/airflow/dags/main.py   1015  0.01s             1           0  0.09s           2026-07-30T20:25:06
================================================================================
[2026-07-30T20:26:06.635+0000] {manager.py:878} INFO - 
================================================================================
DAG File Processing Stats

File Path                    PID  Runtime      # DAGs    # Errors  Last Runtime    Last Run
-------------------------  -----  ---------  --------  ----------  --------------  -------------------
/opt/airflow/dags/main.py   1022  0.00s             1           0  0.10s           2026-07-30T20:25:36
================================================================================
[2026-07-30T20:26:36.804+0000] {manager.py:878} INFO - 
================================================================================
DAG File Processing Stats

File Path                    PID  Runtime      # DAGs    # Errors  Last Runtime    Last Run
-------------------------  -----  ---------  --------  ----------  --------------  -------------------
/opt/airflow/dags/main.py   1029  0.01s             1           0  0.08s           2026-07-30T20:26:06
================================================================================
[2026-07-30T20:27:06.937+0000] {manager.py:878} INFO - 
================================================================================
DAG File Processing Stats

File Path                    PID  Runtime      # DAGs    # Errors  Last Runtime    Last Run
-------------------------  -----  ---------  --------  ----------  --------------  -------------------
/opt/airflow/dags/main.py   1036  0.01s             1           0  0.10s           2026-07-30T20:26:36
================================================================================
[2026-07-30T20:27:37.110+0000] {manager.py:878} INFO - 
================================================================================
DAG File Processing Stats

File Path                    PID  Runtime      # DAGs    # Errors  Last Runtime    Last Run
-------------------------  -----  ---------  --------  ----------  --------------  -------------------
/opt/airflow/dags/main.py   1042  0.00s             1           0  0.12s           2026-07-30T20:27:07
================================================================================
[2026-07-30T20:28:07.239+0000] {manager.py:878} INFO - 
================================================================================
DAG File Processing Stats

File Path                    PID  Runtime      # DAGs    # Errors  Last Runtime    Last Run
-------------------------  -----  ---------  --------  ----------  --------------  -------------------
/opt/airflow/dags/main.py   1049  0.01s             1           0  0.09s           2026-07-30T20:27:37
================================================================================
[2026-07-30T20:28:37.371+0000] {manager.py:878} INFO - 
================================================================================
DAG File Processing Stats

File Path                    PID  Runtime      # DAGs    # Errors  Last Runtime    Last Run
-------------------------  -----  ---------  --------  ----------  --------------  -------------------
/opt/airflow/dags/main.py   1056  0.00s             1           0  0.11s           2026-07-30T20:28:07
================================================================================
[2026-07-30T20:29:07.506+0000] {manager.py:878} INFO - 
================================================================================
DAG File Processing Stats

File Path                    PID  Runtime      # DAGs    # Errors  Last Runtime    Last Run
-------------------------  -----  ---------  --------  ----------  --------------  -------------------
/opt/airflow/dags/main.py   1063  0.00s             1           0  0.09s           2026-07-30T20:28:37
================================================================================
[2026-07-30T20:29:37.636+0000] {manager.py:878} INFO - 
================================================================================
DAG File Processing Stats

File Path                    PID  Runtime      # DAGs    # Errors  Last Runtime    Last Run
-------------------------  -----  ---------  --------  ----------  --------------  -------------------
/opt/airflow/dags/main.py   1069  0.00s             1           0  0.08s           2026-07-30T20:29:07
================================================================================
[2026-07-30T20:30:07.801+0000] {manager.py:878} INFO - 
================================================================================
DAG File Processing Stats

File Path                    PID  Runtime      # DAGs    # Errors  Last Runtime    Last Run
-------------------------  -----  ---------  --------  ----------  --------------  -------------------
/opt/airflow/dags/main.py   1076  0.01s             1           0  0.08s           2026-07-30T20:29:37
================================================================================
[2026-07-30T20:30:22.834+0000] {manager.py:737} INFO - Searching for files in /opt/airflow/dags
[2026-07-30T20:30:22.836+0000] {manager.py:740} INFO - There are 1 files in /opt/airflow/dags
[2026-07-30T20:30:37.935+0000] {manager.py:878} INFO - 
================================================================================
DAG File Processing Stats

File Path                    PID  Runtime      # DAGs    # Errors  Last Runtime    Last Run
-------------------------  -----  ---------  --------  ----------  --------------  -------------------
/opt/airflow/dags/main.py   1083  0.00s             1           0  0.09s           2026-07-30T20:30:07
================================================================================
[2026-07-30T20:31:08.091+0000] {manager.py:878} INFO - 
================================================================================
DAG File Processing Stats

File Path                    PID  Runtime      # DAGs    # Errors  Last Runtime    Last Run
-------------------------  -----  ---------  --------  ----------  --------------  -------------------
/opt/airflow/dags/main.py   1090  0.00s             1           0  0.09s           2026-07-30T20:30:38
================================================================================
[2026-07-30T20:31:38.245+0000] {manager.py:878} INFO - 
================================================================================
DAG File Processing Stats

File Path                    PID  Runtime      # DAGs    # Errors  Last Runtime    Last Run
-------------------------  -----  ---------  --------  ----------  --------------  -------------------
/opt/airflow/dags/main.py   1097  0.00s             1           0  0.08s           2026-07-30T20:31:08
================================================================================
[2026-07-30T20:32:08.342+0000] {manager.py:878} INFO - 
================================================================================
DAG File Processing Stats

File Path                    PID  Runtime      # DAGs    # Errors  Last Runtime    Last Run
-------------------------  -----  ---------  --------  ----------  --------------  -------------------
/opt/airflow/dags/main.py   1104  0.00s             1           0  0.09s           2026-07-30T20:31:38
================================================================================
[2026-07-30T20:32:38.535+0000] {manager.py:878} INFO - 
================================================================================
DAG File Processing Stats

File Path                    PID  Runtime      # DAGs    # Errors  Last Runtime    Last Run
-------------------------  -----  ---------  --------  ----------  --------------  -------------------
/opt/airflow/dags/main.py   1111  0.01s             1           0  0.08s           2026-07-30T20:32:08
================================================================================
[2026-07-30T20:33:08.700+0000] {manager.py:878} INFO - 
================================================================================
DAG File Processing Stats

File Path                    PID  Runtime      # DAGs    # Errors  Last Runtime    Last Run
-------------------------  -----  ---------  --------  ----------  --------------  -------------------
/opt/airflow/dags/main.py   1118  0.01s             1           0  0.10s           2026-07-30T20:32:38
================================================================================
[2026-07-30T20:33:38.791+0000] {manager.py:878} INFO - 
================================================================================
DAG File Processing Stats

File Path                    PID  Runtime      # DAGs    # Errors  Last Runtime    Last Run
-------------------------  -----  ---------  --------  ----------  --------------  -------------------
/opt/airflow/dags/main.py   1124  0.00s             1           0  0.07s           2026-07-30T20:33:08
================================================================================
[2026-07-30T20:34:08.976+0000] {manager.py:878} INFO - 
================================================================================
DAG File Processing Stats

File Path                    PID  Runtime      # DAGs    # Errors  Last Runtime    Last Run
-------------------------  -----  ---------  --------  ----------  --------------  -------------------
/opt/airflow/dags/main.py   1130  0.00s             1           0  0.09s           2026-07-30T20:33:38
================================================================================
[2026-07-30T20:34:39.124+0000] {manager.py:878} INFO - 
================================================================================
DAG File Processing Stats

File Path                    PID  Runtime      # DAGs    # Errors  Last Runtime    Last Run
-------------------------  -----  ---------  --------  ----------  --------------  -------------------
/opt/airflow/dags/main.py   1137  0.00s             1           0  0.08s           2026-07-30T20:34:09
================================================================================
[2026-07-30T20:35:09.258+0000] {manager.py:878} INFO - 
================================================================================
DAG File Processing Stats

File Path                    PID  Runtime      # DAGs    # Errors  Last Runtime    Last Run
-------------------------  -----  ---------  --------  ----------  --------------  -------------------
/opt/airflow/dags/main.py   1144  0.00s             1           0  0.09s           2026-07-30T20:34:39
================================================================================
[2026-07-30T20:35:23.338+0000] {manager.py:737} INFO - Searching for files in /opt/airflow/dags
[2026-07-30T20:35:23.339+0000] {manager.py:740} INFO - There are 1 files in /opt/airflow/dags
[2026-07-30T20:35:39.382+0000] {manager.py:878} INFO - 
================================================================================
DAG File Processing Stats

File Path                    PID  Runtime      # DAGs    # Errors  Last Runtime    Last Run
-------------------------  -----  ---------  --------  ----------  --------------  -------------------
/opt/airflow/dags/main.py   1151  0.00s             1           0  0.09s           2026-07-30T20:35:09
================================================================================
[2026-07-30T20:36:09.524+0000] {manager.py:878} INFO - 
================================================================================
DAG File Processing Stats

File Path                    PID  Runtime      # DAGs    # Errors  Last Runtime    Last Run
-------------------------  -----  ---------  --------  ----------  --------------  -------------------
/opt/airflow/dags/main.py   1158  0.00s             1           0  0.08s           2026-07-30T20:35:39
================================================================================
[2026-07-30T20:36:39.640+0000] {manager.py:878} INFO - 
================================================================================
DAG File Processing Stats

File Path                    PID  Runtime      # DAGs    # Errors  Last Runtime    Last Run
-------------------------  -----  ---------  --------  ----------  --------------  -------------------
/opt/airflow/dags/main.py   1165  0.00s             1           0  0.08s           2026-07-30T20:36:09
================================================================================
[2026-07-30T20:37:09.810+0000] {manager.py:878} INFO - 
================================================================================
DAG File Processing Stats

File Path                    PID  Runtime      # DAGs    # Errors  Last Runtime    Last Run
-------------------------  -----  ---------  --------  ----------  --------------  -------------------
/opt/airflow/dags/main.py   1172  0.01s             1           0  0.08s           2026-07-30T20:36:39
================================================================================
[2026-07-30T20:56:30.208+0000] {manager.py:737} INFO - Searching for files in /opt/airflow/dags
[2026-07-30T20:56:30.209+0000] {manager.py:740} INFO - There are 1 files in /opt/airflow/dags
[2026-07-30T20:56:52.371+0000] {manager.py:878} INFO - 
================================================================================
DAG File Processing Stats

File Path                  PID    Runtime      # DAGs    # Errors  Last Runtime    Last Run
-------------------------  -----  ---------  --------  ----------  --------------  -------------------
/opt/airflow/dags/main.py                           1           0  0.19s           2026-07-30T20:56:30
================================================================================
[2026-07-30T20:57:22.545+0000] {manager.py:878} INFO - 
================================================================================
DAG File Processing Stats

File Path                  PID    Runtime      # DAGs    # Errors  Last Runtime    Last Run
-------------------------  -----  ---------  --------  ----------  --------------  -------------------
/opt/airflow/dags/main.py                           1           0  0.12s           2026-07-30T20:57:00
================================================================================
[2026-07-30T20:57:52.728+0000] {manager.py:878} INFO - 
================================================================================
DAG File Processing Stats

File Path                  PID    Runtime      # DAGs    # Errors  Last Runtime    Last Run
-------------------------  -----  ---------  --------  ----------  --------------  -------------------
/opt/airflow/dags/main.py                           1           0  0.09s           2026-07-30T20:57:30
================================================================================
[2026-07-30T20:58:22.876+0000] {manager.py:878} INFO - 
================================================================================
DAG File Processing Stats

File Path                  PID    Runtime      # DAGs    # Errors  Last Runtime    Last Run
-------------------------  -----  ---------  --------  ----------  --------------  -------------------
/opt/airflow/dags/main.py                           1           0  0.08s           2026-07-30T20:58:00
================================================================================
[2026-07-30T20:58:53.072+0000] {manager.py:878} INFO - 
================================================================================
DAG File Processing Stats

File Path                  PID    Runtime      # DAGs    # Errors  Last Runtime    Last Run
-------------------------  -----  ---------  --------  ----------  --------------  -------------------
/opt/airflow/dags/main.py                           1           0  0.08s           2026-07-30T20:58:31
================================================================================
[2026-07-30T20:59:23.221+0000] {manager.py:878} INFO - 
================================================================================
DAG File Processing Stats

File Path                  PID    Runtime      # DAGs    # Errors  Last Runtime    Last Run
-------------------------  -----  ---------  --------  ----------  --------------  -------------------
/opt/airflow/dags/main.py                           1           0  0.08s           2026-07-30T20:59:01
================================================================================
[2026-07-30T20:59:53.342+0000] {manager.py:878} INFO - 
================================================================================
DAG File Processing Stats

File Path                  PID    Runtime      # DAGs    # Errors  Last Runtime    Last Run
-------------------------  -----  ---------  --------  ----------  --------------  -------------------
/opt/airflow/dags/main.py                           1           0  0.08s           2026-07-30T20:59:31
================================================================================
[2026-07-30T21:00:23.471+0000] {manager.py:878} INFO - 
================================================================================
DAG File Processing Stats

File Path                  PID    Runtime      # DAGs    # Errors  Last Runtime    Last Run
-------------------------  -----  ---------  --------  ----------  --------------  -------------------
/opt/airflow/dags/main.py                           1           0  0.08s           2026-07-30T21:00:01
================================================================================
[2026-07-30T21:00:53.553+0000] {manager.py:878} INFO - 
================================================================================
DAG File Processing Stats

File Path                  PID    Runtime      # DAGs    # Errors  Last Runtime    Last Run
-------------------------  -----  ---------  --------  ----------  --------------  -------------------
/opt/airflow/dags/main.py                           1           0  0.09s           2026-07-30T21:00:31
================================================================================
[2026-07-30T21:01:23.694+0000] {manager.py:878} INFO - 
================================================================================
DAG File Processing Stats

File Path                  PID    Runtime      # DAGs    # Errors  Last Runtime    Last Run
-------------------------  -----  ---------  --------  ----------  --------------  -------------------
/opt/airflow/dags/main.py                           1           0  0.09s           2026-07-30T21:01:01
================================================================================
[2026-07-30T21:01:30.725+0000] {manager.py:737} INFO - Searching for files in /opt/airflow/dags
[2026-07-30T21:01:30.727+0000] {manager.py:740} INFO - There are 1 files in /opt/airflow/dags
[2026-07-30T21:01:53.804+0000] {manager.py:878} INFO - 
================================================================================
DAG File Processing Stats

File Path                  PID    Runtime      # DAGs    # Errors  Last Runtime    Last Run
-------------------------  -----  ---------  --------  ----------  --------------  -------------------
/opt/airflow/dags/main.py                           1           0  0.09s           2026-07-30T21:01:31
================================================================================
[2026-07-30T21:02:23.915+0000] {manager.py:878} INFO - 
================================================================================
DAG File Processing Stats

File Path                  PID    Runtime      # DAGs    # Errors  Last Runtime    Last Run
-------------------------  -----  ---------  --------  ----------  --------------  -------------------
/opt/airflow/dags/main.py                           1           0  0.09s           2026-07-30T21:02:01
================================================================================
[2026-07-30T21:02:54.004+0000] {manager.py:878} INFO - 
================================================================================
DAG File Processing Stats

File Path                  PID    Runtime      # DAGs    # Errors  Last Runtime    Last Run
-------------------------  -----  ---------  --------  ----------  --------------  -------------------
/opt/airflow/dags/main.py                           1           0  0.09s           2026-07-30T21:02:32
================================================================================
[2026-07-30T21:03:24.097+0000] {manager.py:878} INFO - 
================================================================================
DAG File Processing Stats

File Path                  PID    Runtime      # DAGs    # Errors  Last Runtime    Last Run
-------------------------  -----  ---------  --------  ----------  --------------  -------------------
/opt/airflow/dags/main.py                           1           0  0.08s           2026-07-30T21:03:02
================================================================================
[2026-07-30T21:03:54.206+0000] {manager.py:878} INFO - 
================================================================================
DAG File Processing Stats

File Path                  PID    Runtime      # DAGs    # Errors  Last Runtime    Last Run
-------------------------  -----  ---------  --------  ----------  --------------  -------------------
/opt/airflow/dags/main.py                           1           0  0.09s           2026-07-30T21:03:32
================================================================================
[2026-07-30T21:04:24.335+0000] {manager.py:878} INFO - 
================================================================================
DAG File Processing Stats

File Path                  PID    Runtime      # DAGs    # Errors  Last Runtime    Last Run
-------------------------  -----  ---------  --------  ----------  --------------  -------------------
/opt/airflow/dags/main.py                           1           0  0.09s           2026-07-30T21:04:02
================================================================================
[2026-07-30T21:04:54.498+0000] {manager.py:878} INFO - 
================================================================================
DAG File Processing Stats

File Path                  PID    Runtime      # DAGs    # Errors  Last Runtime    Last Run
-------------------------  -----  ---------  --------  ----------  --------------  -------------------
/opt/airflow/dags/main.py                           1           0  0.09s           2026-07-30T21:04:32
================================================================================
[2026-07-30T21:05:24.615+0000] {manager.py:878} INFO - 
================================================================================
DAG File Processing Stats

File Path                  PID    Runtime      # DAGs    # Errors  Last Runtime    Last Run
-------------------------  -----  ---------  --------  ----------  --------------  -------------------
/opt/airflow/dags/main.py                           1           0  0.09s           2026-07-30T21:05:02
================================================================================
[2026-07-30T21:05:54.679+0000] {manager.py:878} INFO - 
================================================================================
DAG File Processing Stats

File Path                  PID    Runtime      # DAGs    # Errors  Last Runtime    Last Run
-------------------------  -----  ---------  --------  ----------  --------------  -------------------
/opt/airflow/dags/main.py                           1           0  0.09s           2026-07-30T21:05:32
================================================================================
[2026-07-30T21:06:24.812+0000] {manager.py:878} INFO - 
================================================================================
DAG File Processing Stats

File Path                  PID    Runtime      # DAGs    # Errors  Last Runtime    Last Run
-------------------------  -----  ---------  --------  ----------  --------------  -------------------
/opt/airflow/dags/main.py                           1           0  0.08s           2026-07-30T21:06:02
================================================================================
[2026-07-30T21:06:30.835+0000] {manager.py:737} INFO - Searching for files in /opt/airflow/dags
[2026-07-30T21:06:30.836+0000] {manager.py:740} INFO - There are 1 files in /opt/airflow/dags
[2026-07-30T21:06:54.916+0000] {manager.py:878} INFO - 
================================================================================
DAG File Processing Stats

File Path                  PID    Runtime      # DAGs    # Errors  Last Runtime    Last Run
-------------------------  -----  ---------  --------  ----------  --------------  -------------------
/opt/airflow/dags/main.py                           1           0  0.09s           2026-07-30T21:06:32
================================================================================
[2026-07-30T21:07:24.979+0000] {manager.py:878} INFO - 
================================================================================
DAG File Processing Stats

File Path                  PID    Runtime      # DAGs    # Errors  Last Runtime    Last Run
-------------------------  -----  ---------  --------  ----------  --------------  -------------------
/opt/airflow/dags/main.py                           1           0  0.09s           2026-07-30T21:07:03
================================================================================
[2026-07-30T21:07:55.084+0000] {manager.py:878} INFO - 
================================================================================
DAG File Processing Stats

File Path                  PID    Runtime      # DAGs    # Errors  Last Runtime    Last Run
-------------------------  -----  ---------  --------  ----------  --------------  -------------------
/opt/airflow/dags/main.py                           1           0  0.09s           2026-07-30T21:07:33
================================================================================
[2026-07-30T21:08:25.208+0000] {manager.py:878} INFO - 
================================================================================
DAG File Processing Stats

File Path                  PID    Runtime      # DAGs    # Errors  Last Runtime    Last Run
-------------------------  -----  ---------  --------  ----------  --------------  -------------------
/opt/airflow/dags/main.py                           1           0  0.10s           2026-07-30T21:08:03
================================================================================
[2026-07-30T21:08:55.342+0000] {manager.py:878} INFO - 
================================================================================
DAG File Processing Stats

File Path                  PID    Runtime      # DAGs    # Errors  Last Runtime    Last Run
-------------------------  -----  ---------  --------  ----------  --------------  -------------------
/opt/airflow/dags/main.py                           1           0  0.09s           2026-07-30T21:08:33
================================================================================
[2026-07-30T21:09:25.462+0000] {manager.py:878} INFO - 
================================================================================
DAG File Processing Stats

File Path                  PID    Runtime      # DAGs    # Errors  Last Runtime    Last Run
-------------------------  -----  ---------  --------  ----------  --------------  -------------------
/opt/airflow/dags/main.py                           1           0  0.09s           2026-07-30T21:09:03
================================================================================
[2026-07-30T21:09:55.551+0000] {manager.py:878} INFO - 
================================================================================
DAG File Processing Stats

File Path                  PID    Runtime      # DAGs    # Errors  Last Runtime    Last Run
-------------------------  -----  ---------  --------  ----------  --------------  -------------------
/opt/airflow/dags/main.py                           1           0  0.09s           2026-07-30T21:09:33
================================================================================
[2026-07-30T21:10:25.674+0000] {manager.py:878} INFO - 
================================================================================
DAG File Processing Stats

File Path                  PID    Runtime      # DAGs    # Errors  Last Runtime    Last Run
-------------------------  -----  ---------  --------  ----------  --------------  -------------------
/opt/airflow/dags/main.py                           1           0  0.09s           2026-07-30T21:10:03
================================================================================
[2026-07-30T21:10:55.784+0000] {manager.py:878} INFO - 
================================================================================
DAG File Processing Stats

File Path                  PID    Runtime      # DAGs    # Errors  Last Runtime    Last Run
-------------------------  -----  ---------  --------  ----------  --------------  -------------------
/opt/airflow/dags/main.py                           1           0  0.09s           2026-07-30T21:10:33
================================================================================
[2026-07-30T21:11:25.882+0000] {manager.py:878} INFO - 
================================================================================
DAG File Processing Stats

File Path                  PID    Runtime      # DAGs    # Errors  Last Runtime    Last Run
-------------------------  -----  ---------  --------  ----------  --------------  -------------------
/opt/airflow/dags/main.py                           1           0  0.10s           2026-07-30T21:11:03
================================================================================
[2026-07-30T21:11:30.902+0000] {manager.py:737} INFO - Searching for files in /opt/airflow/dags
[2026-07-30T21:11:30.903+0000] {manager.py:740} INFO - There are 1 files in /opt/airflow/dags
[2026-07-30T21:11:55.998+0000] {manager.py:878} INFO - 
================================================================================
DAG File Processing Stats

File Path                  PID    Runtime      # DAGs    # Errors  Last Runtime    Last Run
-------------------------  -----  ---------  --------  ----------  --------------  -------------------
/opt/airflow/dags/main.py                           1           0  0.08s           2026-07-30T21:11:34
================================================================================
[2026-07-30T21:12:26.086+0000] {manager.py:878} INFO - 
================================================================================
DAG File Processing Stats

File Path                  PID    Runtime      # DAGs    # Errors  Last Runtime    Last Run
-------------------------  -----  ---------  --------  ----------  --------------  -------------------
/opt/airflow/dags/main.py                           1           0  0.08s           2026-07-30T21:12:04
================================================================================
[2026-07-30T21:12:56.264+0000] {manager.py:878} INFO - 
================================================================================
DAG File Processing Stats

File Path                  PID    Runtime      # DAGs    # Errors  Last Runtime    Last Run
-------------------------  -----  ---------  --------  ----------  --------------  -------------------
/opt/airflow/dags/main.py                           1           0  0.10s           2026-07-30T21:12:34
================================================================================
[2026-07-30T21:13:26.435+0000] {manager.py:878} INFO - 
================================================================================
DAG File Processing Stats

File Path                  PID    Runtime      # DAGs    # Errors  Last Runtime    Last Run
-------------------------  -----  ---------  --------  ----------  --------------  -------------------
/opt/airflow/dags/main.py                           1           0  0.07s           2026-07-30T21:13:04
================================================================================
[2026-07-30T21:13:56.603+0000] {manager.py:878} INFO - 
================================================================================
DAG File Processing Stats

File Path                  PID    Runtime      # DAGs    # Errors  Last Runtime    Last Run
-------------------------  -----  ---------  --------  ----------  --------------  -------------------
/opt/airflow/dags/main.py                           1           0  0.10s           2026-07-30T21:13:34
================================================================================
[2026-07-30T21:14:26.779+0000] {manager.py:878} INFO - 
================================================================================
DAG File Processing Stats

File Path                  PID    Runtime      # DAGs    # Errors  Last Runtime    Last Run
-------------------------  -----  ---------  --------  ----------  --------------  -------------------
/opt/airflow/dags/main.py                           1           0  0.10s           2026-07-30T21:14:04
================================================================================
[2026-07-30T21:14:56.957+0000] {manager.py:878} INFO - 
================================================================================
DAG File Processing Stats

File Path                  PID    Runtime      # DAGs    # Errors  Last Runtime    Last Run
-------------------------  -----  ---------  --------  ----------  --------------  -------------------
/opt/airflow/dags/main.py                           1           0  0.10s           2026-07-30T21:14:34
================================================================================
[2026-07-30T21:15:27.153+0000] {manager.py:878} INFO - 
================================================================================
DAG File Processing Stats

File Path                  PID    Runtime      # DAGs    # Errors  Last Runtime    Last Run
-------------------------  -----  ---------  --------  ----------  --------------  -------------------
/opt/airflow/dags/main.py                           1           0  0.10s           2026-07-30T21:15:05
================================================================================
[2026-07-30T21:15:57.322+0000] {manager.py:878} INFO - 
================================================================================
DAG File Processing Stats

File Path                  PID    Runtime      # DAGs    # Errors  Last Runtime    Last Run
-------------------------  -----  ---------  --------  ----------  --------------  -------------------
/opt/airflow/dags/main.py                           1           0  0.11s           2026-07-30T21:15:35
================================================================================
[2026-07-30T21:16:27.535+0000] {manager.py:878} INFO - 
================================================================================
DAG File Processing Stats

File Path                  PID    Runtime      # DAGs    # Errors  Last Runtime    Last Run
-------------------------  -----  ---------  --------  ----------  --------------  -------------------
/opt/airflow/dags/main.py                           1           0  0.11s           2026-07-30T21:16:05
================================================================================
[2026-07-30T21:16:31.567+0000] {manager.py:737} INFO - Searching for files in /opt/airflow/dags
[2026-07-30T21:16:31.571+0000] {manager.py:740} INFO - There are 1 files in /opt/airflow/dags
[2026-07-30T21:16:57.721+0000] {manager.py:878} INFO - 
================================================================================
DAG File Processing Stats

File Path                  PID    Runtime      # DAGs    # Errors  Last Runtime    Last Run
-------------------------  -----  ---------  --------  ----------  --------------  -------------------
/opt/airflow/dags/main.py                           1           0  0.09s           2026-07-30T21:16:35
================================================================================
[2026-07-30T21:17:27.881+0000] {manager.py:878} INFO - 
================================================================================
DAG File Processing Stats

File Path                  PID    Runtime      # DAGs    # Errors  Last Runtime    Last Run
-------------------------  -----  ---------  --------  ----------  --------------  -------------------
/opt/airflow/dags/main.py                           1           0  0.09s           2026-07-30T21:17:05
================================================================================
[2026-07-30T21:17:58.052+0000] {manager.py:878} INFO - 
================================================================================
DAG File Processing Stats

File Path                  PID    Runtime      # DAGs    # Errors  Last Runtime    Last Run
-------------------------  -----  ---------  --------  ----------  --------------  -------------------
/opt/airflow/dags/main.py                           1           0  0.10s           2026-07-30T21:17:36
================================================================================
[2026-07-30T21:18:28.212+0000] {manager.py:878} INFO - 
================================================================================
DAG File Processing Stats

File Path                  PID    Runtime      # DAGs    # Errors  Last Runtime    Last Run
-------------------------  -----  ---------  --------  ----------  --------------  -------------------
/opt/airflow/dags/main.py                           1           0  0.07s           2026-07-30T21:18:06
================================================================================
[2026-07-30T21:18:58.376+0000] {manager.py:878} INFO - 
================================================================================
DAG File Processing Stats

File Path                  PID    Runtime      # DAGs    # Errors  Last Runtime    Last Run
-------------------------  -----  ---------  --------  ----------  --------------  -------------------
/opt/airflow/dags/main.py                           1           0  0.09s           2026-07-30T21:18:36
================================================================================
[2026-07-30T21:19:28.527+0000] {manager.py:878} INFO - 
================================================================================
DAG File Processing Stats

File Path                  PID    Runtime      # DAGs    # Errors  Last Runtime    Last Run
-------------------------  -----  ---------  --------  ----------  --------------  -------------------
/opt/airflow/dags/main.py                           1           0  0.07s           2026-07-30T21:19:06
================================================================================
[2026-07-30T21:19:58.647+0000] {manager.py:878} INFO - 
================================================================================
DAG File Processing Stats

File Path                  PID    Runtime      # DAGs    # Errors  Last Runtime    Last Run
-------------------------  -----  ---------  --------  ----------  --------------  -------------------
/opt/airflow/dags/main.py                           1           0  0.08s           2026-07-30T21:19:36
================================================================================
[2026-07-30T21:20:28.796+0000] {manager.py:878} INFO - 
================================================================================
DAG File Processing Stats

File Path                  PID    Runtime      # DAGs    # Errors  Last Runtime    Last Run
-------------------------  -----  ---------  --------  ----------  --------------  -------------------
/opt/airflow/dags/main.py                           1           0  0.08s           2026-07-30T21:20:06
================================================================================
[2026-07-30T21:20:58.964+0000] {manager.py:878} INFO - 
================================================================================
DAG File Processing Stats

File Path                  PID    Runtime      # DAGs    # Errors  Last Runtime    Last Run
-------------------------  -----  ---------  --------  ----------  --------------  -------------------
/opt/airflow/dags/main.py                           1           0  0.08s           2026-07-30T21:20:36
================================================================================
[2026-07-30T21:21:29.136+0000] {manager.py:878} INFO - 
================================================================================
DAG File Processing Stats

File Path                  PID    Runtime      # DAGs    # Errors  Last Runtime    Last Run
-------------------------  -----  ---------  --------  ----------  --------------  -------------------
/opt/airflow/dags/main.py                           1           0  0.08s           2026-07-30T21:21:07
================================================================================
[2026-07-30T21:21:32.157+0000] {manager.py:737} INFO - Searching for files in /opt/airflow/dags
[2026-07-30T21:21:32.159+0000] {manager.py:740} INFO - There are 1 files in /opt/airflow/dags
[2026-07-30T21:21:59.297+0000] {manager.py:878} INFO - 
================================================================================
DAG File Processing Stats

File Path                  PID    Runtime      # DAGs    # Errors  Last Runtime    Last Run
-------------------------  -----  ---------  --------  ----------  --------------  -------------------
/opt/airflow/dags/main.py                           1           0  0.10s           2026-07-30T21:21:37
================================================================================
[2026-07-30T21:22:29.463+0000] {manager.py:878} INFO - 
================================================================================
DAG File Processing Stats

File Path                  PID    Runtime      # DAGs    # Errors  Last Runtime    Last Run
-------------------------  -----  ---------  --------  ----------  --------------  -------------------
/opt/airflow/dags/main.py                           1           0  0.09s           2026-07-30T21:22:07
================================================================================
[2026-07-30T21:22:59.625+0000] {manager.py:878} INFO - 
================================================================================
DAG File Processing Stats

File Path                  PID    Runtime      # DAGs    # Errors  Last Runtime    Last Run
-------------------------  -----  ---------  --------  ----------  --------------  -------------------
/opt/airflow/dags/main.py                           1           0  0.10s           2026-07-30T21:22:37
================================================================================
[2026-07-30T21:23:29.798+0000] {manager.py:878} INFO - 
================================================================================
DAG File Processing Stats

File Path                  PID    Runtime      # DAGs    # Errors  Last Runtime    Last Run
-------------------------  -----  ---------  --------  ----------  --------------  -------------------
/opt/airflow/dags/main.py                           1           0  0.09s           2026-07-30T21:23:07
================================================================================
[2026-07-30T21:23:59.968+0000] {manager.py:878} INFO - 
================================================================================
DAG File Processing Stats

File Path                  PID    Runtime      # DAGs    # Errors  Last Runtime    Last Run
-------------------------  -----  ---------  --------  ----------  --------------  -------------------
/opt/airflow/dags/main.py                           1           0  0.08s           2026-07-30T21:23:37
================================================================================
[2026-07-30T21:24:30.120+0000] {manager.py:878} INFO - 
================================================================================
DAG File Processing Stats

File Path                  PID    Runtime      # DAGs    # Errors  Last Runtime    Last Run
-------------------------  -----  ---------  --------  ----------  --------------  -------------------
/opt/airflow/dags/main.py                           1           0  0.10s           2026-07-30T21:24:08
================================================================================
[2026-07-30T21:25:00.308+0000] {manager.py:878} INFO - 
================================================================================
DAG File Processing Stats

File Path                  PID    Runtime      # DAGs    # Errors  Last Runtime    Last Run
-------------------------  -----  ---------  --------  ----------  --------------  -------------------
/opt/airflow/dags/main.py                           1           0  0.08s           2026-07-30T21:24:38
================================================================================
[2026-07-30T21:25:30.452+0000] {manager.py:878} INFO - 
================================================================================
DAG File Processing Stats

File Path                  PID    Runtime      # DAGs    # Errors  Last Runtime    Last Run
-------------------------  -----  ---------  --------  ----------  --------------  -------------------
/opt/airflow/dags/main.py                           1           0  0.09s           2026-07-30T21:25:08
================================================================================
[2026-07-30T21:26:00.642+0000] {manager.py:878} INFO - 
================================================================================
DAG File Processing Stats

File Path                  PID    Runtime      # DAGs    # Errors  Last Runtime    Last Run
-------------------------  -----  ---------  --------  ----------  --------------  -------------------
/opt/airflow/dags/main.py                           1           0  0.08s           2026-07-30T21:25:38
================================================================================
[2026-07-30T21:26:30.819+0000] {manager.py:878} INFO - 
================================================================================
DAG File Processing Stats

File Path                  PID    Runtime      # DAGs    # Errors  Last Runtime    Last Run
-------------------------  -----  ---------  --------  ----------  --------------  -------------------
/opt/airflow/dags/main.py                           1           0  0.09s           2026-07-30T21:26:08
================================================================================
[2026-07-30T21:26:32.833+0000] {manager.py:737} INFO - Searching for files in /opt/airflow/dags
[2026-07-30T21:26:32.835+0000] {manager.py:740} INFO - There are 1 files in /opt/airflow/dags
[2026-07-30T21:27:00.996+0000] {manager.py:878} INFO - 
================================================================================
DAG File Processing Stats

File Path                  PID    Runtime      # DAGs    # Errors  Last Runtime    Last Run
-------------------------  -----  ---------  --------  ----------  --------------  -------------------
/opt/airflow/dags/main.py                           1           0  0.11s           2026-07-30T21:26:38
================================================================================
[2026-07-30T21:27:31.053+0000] {manager.py:878} INFO - 
================================================================================
DAG File Processing Stats

File Path                  PID    Runtime      # DAGs    # Errors  Last Runtime    Last Run
-------------------------  -----  ---------  --------  ----------  --------------  -------------------
/opt/airflow/dags/main.py                           1           0  0.08s           2026-07-30T21:27:09
================================================================================
[2026-07-30T21:28:01.133+0000] {manager.py:878} INFO - 
================================================================================
DAG File Processing Stats

File Path                  PID    Runtime      # DAGs    # Errors  Last Runtime    Last Run
-------------------------  -----  ---------  --------  ----------  --------------  -------------------
/opt/airflow/dags/main.py                           1           0  0.08s           2026-07-30T21:27:40
================================================================================
[2026-07-30T21:28:31.224+0000] {manager.py:878} INFO - 
================================================================================
DAG File Processing Stats

File Path                  PID    Runtime      # DAGs    # Errors  Last Runtime    Last Run
-------------------------  -----  ---------  --------  ----------  --------------  -------------------
/opt/airflow/dags/main.py                           1           0  0.10s           2026-07-30T21:28:10
================================================================================
[2026-07-30T21:29:01.336+0000] {manager.py:878} INFO - 
================================================================================
DAG File Processing Stats

File Path                  PID    Runtime      # DAGs    # Errors  Last Runtime    Last Run
-------------------------  -----  ---------  --------  ----------  --------------  -------------------
/opt/airflow/dags/main.py                           1           0  0.09s           2026-07-30T21:28:40
================================================================================
[2026-07-30T21:29:31.447+0000] {manager.py:878} INFO - 
================================================================================
DAG File Processing Stats

File Path                  PID    Runtime      # DAGs    # Errors  Last Runtime    Last Run
-------------------------  -----  ---------  --------  ----------  --------------  -------------------
/opt/airflow/dags/main.py                           1           0  0.10s           2026-07-30T21:29:10
================================================================================
[2026-07-30T21:30:01.567+0000] {manager.py:878} INFO - 
================================================================================
DAG File Processing Stats

File Path                  PID    Runtime      # DAGs    # Errors  Last Runtime    Last Run
-------------------------  -----  ---------  --------  ----------  --------------  -------------------
/opt/airflow/dags/main.py                           1           0  0.09s           2026-07-30T21:29:40
================================================================================
[2026-07-30T21:30:31.699+0000] {manager.py:878} INFO - 
================================================================================
DAG File Processing Stats

File Path                  PID    Runtime      # DAGs    # Errors  Last Runtime    Last Run
-------------------------  -----  ---------  --------  ----------  --------------  -------------------
/opt/airflow/dags/main.py                           1           0  0.09s           2026-07-30T21:30:10
================================================================================
[2026-07-30T21:31:01.812+0000] {manager.py:878} INFO - 
================================================================================
DAG File Processing Stats

File Path                  PID    Runtime      # DAGs    # Errors  Last Runtime    Last Run
-------------------------  -----  ---------  --------  ----------  --------------  -------------------
/opt/airflow/dags/main.py                           1           0  0.09s           2026-07-30T21:30:40
================================================================================
[2026-07-30T21:31:31.977+0000] {manager.py:878} INFO - 
================================================================================
DAG File Processing Stats

File Path                  PID    Runtime      # DAGs    # Errors  Last Runtime    Last Run
-------------------------  -----  ---------  --------  ----------  --------------  -------------------
/opt/airflow/dags/main.py                           1           0  0.12s           2026-07-30T21:31:11
================================================================================
[2026-07-30T21:31:32.983+0000] {manager.py:737} INFO - Searching for files in /opt/airflow/dags
[2026-07-30T21:31:32.987+0000] {manager.py:740} INFO - There are 1 files in /opt/airflow/dags
[2026-07-30T21:32:02.179+0000] {manager.py:878} INFO - 
================================================================================
DAG File Processing Stats

File Path                  PID    Runtime      # DAGs    # Errors  Last Runtime    Last Run
-------------------------  -----  ---------  --------  ----------  --------------  -------------------
/opt/airflow/dags/main.py                           1           0  0.10s           2026-07-30T21:31:41
================================================================================
[2026-07-30T21:32:32.330+0000] {manager.py:878} INFO - 
================================================================================
DAG File Processing Stats

File Path                  PID    Runtime      # DAGs    # Errors  Last Runtime    Last Run
-------------------------  -----  ---------  --------  ----------  --------------  -------------------
/opt/airflow/dags/main.py                           1           0  0.11s           2026-07-30T21:32:11
================================================================================
[2026-07-30T21:33:02.434+0000] {manager.py:878} INFO - 
================================================================================
DAG File Processing Stats

File Path                  PID    Runtime      # DAGs    # Errors  Last Runtime    Last Run
-------------------------  -----  ---------  --------  ----------  --------------  -------------------
/opt/airflow/dags/main.py                           1           0  0.07s           2026-07-30T21:32:41
================================================================================
[2026-07-30T21:33:32.523+0000] {manager.py:878} INFO - 
================================================================================
DAG File Processing Stats

File Path                  PID    Runtime      # DAGs    # Errors  Last Runtime    Last Run
-------------------------  -----  ---------  --------  ----------  --------------  -------------------
/opt/airflow/dags/main.py                           1           0  0.08s           2026-07-30T21:33:11
================================================================================
[2026-07-30T21:34:02.630+0000] {manager.py:878} INFO - 
================================================================================
DAG File Processing Stats

File Path                  PID    Runtime      # DAGs    # Errors  Last Runtime    Last Run
-------------------------  -----  ---------  --------  ----------  --------------  -------------------
/opt/airflow/dags/main.py                           1           0  0.10s           2026-07-30T21:33:41
================================================================================
[2026-07-30T21:34:32.746+0000] {manager.py:878} INFO - 
================================================================================
DAG File Processing Stats

File Path                  PID    Runtime      # DAGs    # Errors  Last Runtime    Last Run
-------------------------  -----  ---------  --------  ----------  --------------  -------------------
/opt/airflow/dags/main.py                           1           0  0.08s           2026-07-30T21:34:11
================================================================================
[2026-07-30T21:35:02.868+0000] {manager.py:878} INFO - 
================================================================================
DAG File Processing Stats

File Path                  PID    Runtime      # DAGs    # Errors  Last Runtime    Last Run
-------------------------  -----  ---------  --------  ----------  --------------  -------------------
/opt/airflow/dags/main.py                           1           0  0.09s           2026-07-30T21:34:41
================================================================================
[2026-07-30T21:35:32.976+0000] {manager.py:878} INFO - 
================================================================================
DAG File Processing Stats

File Path                  PID    Runtime      # DAGs    # Errors  Last Runtime    Last Run
-------------------------  -----  ---------  --------  ----------  --------------  -------------------
/opt/airflow/dags/main.py                           1           0  0.11s           2026-07-30T21:35:12
================================================================================
[2026-07-30T21:36:03.146+0000] {manager.py:878} INFO - 
================================================================================
DAG File Processing Stats

File Path                  PID    Runtime      # DAGs    # Errors  Last Runtime    Last Run
-------------------------  -----  ---------  --------  ----------  --------------  -------------------
/opt/airflow/dags/main.py                           1           0  0.11s           2026-07-30T21:35:42
================================================================================
[2026-07-30T21:36:33.291+0000] {manager.py:737} INFO - Searching for files in /opt/airflow/dags
[2026-07-30T21:36:33.292+0000] {manager.py:740} INFO - There are 1 files in /opt/airflow/dags
[2026-07-30T21:36:33.297+0000] {manager.py:878} INFO - 
================================================================================
DAG File Processing Stats

File Path                  PID    Runtime      # DAGs    # Errors  Last Runtime    Last Run
-------------------------  -----  ---------  --------  ----------  --------------  -------------------
/opt/airflow/dags/main.py                           1           0  0.08s           2026-07-30T21:36:12
================================================================================
[2026-07-30T21:37:03.439+0000] {manager.py:878} INFO - 
================================================================================
DAG File Processing Stats

File Path                  PID    Runtime      # DAGs    # Errors  Last Runtime    Last Run
-------------------------  -----  ---------  --------  ----------  --------------  -------------------
/opt/airflow/dags/main.py                           1           0  0.09s           2026-07-30T21:36:42
================================================================================
[2026-07-30T21:37:33.570+0000] {manager.py:878} INFO - 
================================================================================
DAG File Processing Stats

File Path                  PID    Runtime      # DAGs    # Errors  Last Runtime    Last Run
-------------------------  -----  ---------  --------  ----------  --------------  -------------------
/opt/airflow/dags/main.py                           1           0  0.10s           2026-07-30T21:37:12
================================================================================
[2026-07-30T21:38:03.690+0000] {manager.py:878} INFO - 
================================================================================
DAG File Processing Stats

File Path                  PID    Runtime      # DAGs    # Errors  Last Runtime    Last Run
-------------------------  -----  ---------  --------  ----------  --------------  -------------------
/opt/airflow/dags/main.py                           1           0  0.10s           2026-07-30T21:37:42
================================================================================
[2026-07-30T21:38:33.789+0000] {manager.py:878} INFO - 
================================================================================
DAG File Processing Stats

File Path                  PID    Runtime      # DAGs    # Errors  Last Runtime    Last Run
-------------------------  -----  ---------  --------  ----------  --------------  -------------------
/opt/airflow/dags/main.py                           1           0  0.09s           2026-07-30T21:38:12
================================================================================
[2026-07-30T21:39:03.879+0000] {manager.py:878} INFO - 
================================================================================
DAG File Processing Stats

File Path                  PID    Runtime      # DAGs    # Errors  Last Runtime    Last Run
-------------------------  -----  ---------  --------  ----------  --------------  -------------------
/opt/airflow/dags/main.py                           1           0  0.09s           2026-07-30T21:38:42
================================================================================
[2026-07-30T21:39:34.021+0000] {manager.py:878} INFO - 
================================================================================
DAG File Processing Stats

File Path                  PID    Runtime      # DAGs    # Errors  Last Runtime    Last Run
-------------------------  -----  ---------  --------  ----------  --------------  -------------------
/opt/airflow/dags/main.py                           1           0  0.11s           2026-07-30T21:39:13
================================================================================
[2026-07-30T21:40:04.137+0000] {manager.py:878} INFO - 
================================================================================
DAG File Processing Stats

File Path                  PID    Runtime      # DAGs    # Errors  Last Runtime    Last Run
-------------------------  -----  ---------  --------  ----------  --------------  -------------------
/opt/airflow/dags/main.py                           1           0  0.09s           2026-07-30T21:39:43
================================================================================
[2026-07-30T21:40:34.246+0000] {manager.py:878} INFO - 
================================================================================
DAG File Processing Stats

File Path                  PID    Runtime      # DAGs    # Errors  Last Runtime    Last Run
-------------------------  -----  ---------  --------  ----------  --------------  -------------------
/opt/airflow/dags/main.py                           1           0  0.09s           2026-07-30T21:40:13
================================================================================
[2026-07-30T21:41:04.379+0000] {manager.py:878} INFO - 
================================================================================
DAG File Processing Stats

File Path                  PID    Runtime      # DAGs    # Errors  Last Runtime    Last Run
-------------------------  -----  ---------  --------  ----------  --------------  -------------------
/opt/airflow/dags/main.py                           1           0  0.10s           2026-07-30T21:40:43
================================================================================
[2026-07-30T21:41:33.509+0000] {manager.py:737} INFO - Searching for files in /opt/airflow/dags
[2026-07-30T21:41:33.511+0000] {manager.py:740} INFO - There are 1 files in /opt/airflow/dags
[2026-07-30T21:41:34.522+0000] {manager.py:878} INFO - 
================================================================================
DAG File Processing Stats

File Path                  PID    Runtime      # DAGs    # Errors  Last Runtime    Last Run
-------------------------  -----  ---------  --------  ----------  --------------  -------------------
/opt/airflow/dags/main.py                           1           0  0.10s           2026-07-30T21:41:13
================================================================================
[2026-07-30T21:42:04.674+0000] {manager.py:878} INFO - 
================================================================================
DAG File Processing Stats

File Path                  PID    Runtime      # DAGs    # Errors  Last Runtime    Last Run
-------------------------  -----  ---------  --------  ----------  --------------  -------------------
/opt/airflow/dags/main.py                           1           0  0.11s           2026-07-30T21:41:43
================================================================================
[2026-07-30T21:42:34.860+0000] {manager.py:878} INFO - 
================================================================================
DAG File Processing Stats

File Path                  PID    Runtime      # DAGs    # Errors  Last Runtime    Last Run
-------------------------  -----  ---------  --------  ----------  --------------  -------------------
/opt/airflow/dags/main.py                           1           0  0.09s           2026-07-30T21:42:13
================================================================================
[2026-07-30T21:43:04.965+0000] {manager.py:878} INFO - 
================================================================================
DAG File Processing Stats

File Path                  PID    Runtime      # DAGs    # Errors  Last Runtime    Last Run
-------------------------  -----  ---------  --------  ----------  --------------  -------------------
/opt/airflow/dags/main.py                           1           0  0.09s           2026-07-30T21:42:44
================================================================================
[2026-07-30T21:43:28.688+0000] {manager.py:452} INFO - Exiting gracefully upon receiving signal 15
[2026-07-30T21:44:21.217+0000] {manager.py:470} INFO - Processing files using up to 2 processes at a time 
[2026-07-30T21:44:21.218+0000] {manager.py:471} INFO - Process each file at most once every 30 seconds
[2026-07-30T21:44:21.218+0000] {manager.py:472} INFO - Checking for new files in /opt/airflow/dags every 300 seconds
[2026-07-30T21:44:21.219+0000] {manager.py:737} INFO - Searching for files in /opt/airflow/dags
[2026-07-30T21:44:21.220+0000] {manager.py:740} INFO - There are 1 files in /opt/airflow/dags
[2026-07-30T21:44:21.280+0000] {manager.py:878} INFO - 
================================================================================
DAG File Processing Stats

File Path                    PID  Runtime      # DAGs    # Errors  Last Runtime    Last Run
-------------------------  -----  ---------  --------  ----------  --------------  ----------
/opt/airflow/dags/main.py     36  0.03s             0           0
================================================================================
[2026-07-30T21:44:51.338+0000] {manager.py:878} INFO - 
================================================================================
DAG File Processing Stats

File Path                  PID    Runtime      # DAGs    # Errors  Last Runtime    Last Run
-------------------------  -----  ---------  --------  ----------  --------------  -------------------
/opt/airflow/dags/main.py                           1           0  0.25s           2026-07-30T21:44:21
================================================================================
[2026-07-30T21:45:21.657+0000] {manager.py:878} INFO - 
================================================================================
DAG File Processing Stats

File Path                  PID    Runtime      # DAGs    # Errors  Last Runtime    Last Run
-------------------------  -----  ---------  --------  ----------  --------------  -------------------
/opt/airflow/dags/main.py                           1           0  0.11s           2026-07-30T21:44:51
================================================================================
