[2026-07-30T19:15:16.239+0000] {processor.py:161} INFO - Started process (PID=36) to work on /opt/airflow/dags/main.py
[2026-07-30T19:15:16.239+0000] {processor.py:830} INFO - Processing file /opt/airflow/dags/main.py for tasks to queue
[2026-07-30T19:15:16.241+0000] {logging_mixin.py:188} INFO - [2026-07-30T19:15:16.241+0000] {dagbag.py:545} INFO - Filling up the DagBag from /opt/airflow/dags/main.py
[2026-07-30T19:15:16.280+0000] {processor.py:840} INFO - DAG(s) 'produce_json' retrieved from /opt/airflow/dags/main.py
[2026-07-30T19:15:16.413+0000] {logging_mixin.py:188} INFO - [2026-07-30T19:15:16.412+0000] {override.py:1829} INFO - Created Permission View: can edit on DAG:produce_json
[2026-07-30T19:15:16.419+0000] {logging_mixin.py:188} INFO - [2026-07-30T19:15:16.419+0000] {override.py:1829} INFO - Created Permission View: can delete on DAG:produce_json
[2026-07-30T19:15:16.424+0000] {logging_mixin.py:188} INFO - [2026-07-30T19:15:16.423+0000] {override.py:1829} INFO - Created Permission View: can read on DAG:produce_json
[2026-07-30T19:15:16.424+0000] {logging_mixin.py:188} INFO - [2026-07-30T19:15:16.424+0000] {dag.py:3096} INFO - Sync 1 DAGs
[2026-07-30T19:15:16.430+0000] {logging_mixin.py:188} INFO - [2026-07-30T19:15:16.430+0000] {dag.py:3118} INFO - Creating ORM DAG for produce_json
[2026-07-30T19:15:16.436+0000] {logging_mixin.py:188} INFO - [2026-07-30T19:15:16.436+0000] {dag.py:3954} INFO - Setting next_dagrun for produce_json to 2026-07-29 18:00:00+00:00, run_after=2026-07-30 18:00:00+00:00
[2026-07-30T19:15:16.447+0000] {processor.py:183} INFO - Processing /opt/airflow/dags/main.py took 0.213 seconds
[2026-07-30T19:15:46.522+0000] {processor.py:161} INFO - Started process (PID=43) to work on /opt/airflow/dags/main.py
[2026-07-30T19:15:46.524+0000] {processor.py:830} INFO - Processing file /opt/airflow/dags/main.py for tasks to queue
[2026-07-30T19:15:46.525+0000] {logging_mixin.py:188} INFO - [2026-07-30T19:15:46.525+0000] {dagbag.py:545} INFO - Filling up the DagBag from /opt/airflow/dags/main.py
[2026-07-30T19:15:46.544+0000] {processor.py:840} INFO - DAG(s) 'produce_json' retrieved from /opt/airflow/dags/main.py
[2026-07-30T19:15:46.564+0000] {logging_mixin.py:188} INFO - [2026-07-30T19:15:46.564+0000] {dag.py:3096} INFO - Sync 1 DAGs
[2026-07-30T19:15:46.580+0000] {logging_mixin.py:188} INFO - [2026-07-30T19:15:46.579+0000] {dag.py:3954} INFO - Setting next_dagrun for produce_json to 2026-07-29 18:00:00+00:00, run_after=2026-07-30 18:00:00+00:00
[2026-07-30T19:15:46.592+0000] {processor.py:183} INFO - Processing /opt/airflow/dags/main.py took 0.075 seconds
[2026-07-30T19:16:16.628+0000] {processor.py:161} INFO - Started process (PID=50) to work on /opt/airflow/dags/main.py
[2026-07-30T19:16:16.630+0000] {processor.py:830} INFO - Processing file /opt/airflow/dags/main.py for tasks to queue
[2026-07-30T19:16:16.631+0000] {logging_mixin.py:188} INFO - [2026-07-30T19:16:16.631+0000] {dagbag.py:545} INFO - Filling up the DagBag from /opt/airflow/dags/main.py
[2026-07-30T19:16:16.647+0000] {processor.py:840} INFO - DAG(s) 'produce_json' retrieved from /opt/airflow/dags/main.py
[2026-07-30T19:16:16.665+0000] {logging_mixin.py:188} INFO - [2026-07-30T19:16:16.665+0000] {dag.py:3096} INFO - Sync 1 DAGs
[2026-07-30T19:16:16.677+0000] {logging_mixin.py:188} INFO - [2026-07-30T19:16:16.677+0000] {dag.py:3954} INFO - Setting next_dagrun for produce_json to 2026-07-29 18:00:00+00:00, run_after=2026-07-30 18:00:00+00:00
[2026-07-30T19:16:16.689+0000] {processor.py:183} INFO - Processing /opt/airflow/dags/main.py took 0.071 seconds
[2026-07-30T19:16:46.736+0000] {processor.py:161} INFO - Started process (PID=57) to work on /opt/airflow/dags/main.py
[2026-07-30T19:16:46.738+0000] {processor.py:830} INFO - Processing file /opt/airflow/dags/main.py for tasks to queue
[2026-07-30T19:16:46.739+0000] {logging_mixin.py:188} INFO - [2026-07-30T19:16:46.739+0000] {dagbag.py:545} INFO - Filling up the DagBag from /opt/airflow/dags/main.py
[2026-07-30T19:16:46.759+0000] {processor.py:840} INFO - DAG(s) 'produce_json' retrieved from /opt/airflow/dags/main.py
[2026-07-30T19:16:46.779+0000] {logging_mixin.py:188} INFO - [2026-07-30T19:16:46.779+0000] {dag.py:3096} INFO - Sync 1 DAGs
[2026-07-30T19:16:46.794+0000] {logging_mixin.py:188} INFO - [2026-07-30T19:16:46.794+0000] {dag.py:3954} INFO - Setting next_dagrun for produce_json to 2026-07-30 18:00:00+00:00, run_after=2026-07-31 18:00:00+00:00
[2026-07-30T19:16:46.807+0000] {processor.py:183} INFO - Processing /opt/airflow/dags/main.py took 0.076 seconds
[2026-07-30T19:17:16.834+0000] {processor.py:161} INFO - Started process (PID=64) to work on /opt/airflow/dags/main.py
[2026-07-30T19:17:16.836+0000] {processor.py:830} INFO - Processing file /opt/airflow/dags/main.py for tasks to queue
[2026-07-30T19:17:16.837+0000] {logging_mixin.py:188} INFO - [2026-07-30T19:17:16.837+0000] {dagbag.py:545} INFO - Filling up the DagBag from /opt/airflow/dags/main.py
[2026-07-30T19:17:16.860+0000] {processor.py:840} INFO - DAG(s) 'produce_json' retrieved from /opt/airflow/dags/main.py
[2026-07-30T19:17:16.888+0000] {logging_mixin.py:188} INFO - [2026-07-30T19:17:16.887+0000] {dag.py:3096} INFO - Sync 1 DAGs
[2026-07-30T19:17:16.904+0000] {logging_mixin.py:188} INFO - [2026-07-30T19:17:16.904+0000] {dag.py:3954} INFO - Setting next_dagrun for produce_json to 2026-07-30 18:00:00+00:00, run_after=2026-07-31 18:00:00+00:00
[2026-07-30T19:17:16.917+0000] {processor.py:183} INFO - Processing /opt/airflow/dags/main.py took 0.087 seconds
[2026-07-30T19:17:46.970+0000] {processor.py:161} INFO - Started process (PID=71) to work on /opt/airflow/dags/main.py
[2026-07-30T19:17:46.972+0000] {processor.py:830} INFO - Processing file /opt/airflow/dags/main.py for tasks to queue
[2026-07-30T19:17:46.973+0000] {logging_mixin.py:188} INFO - [2026-07-30T19:17:46.973+0000] {dagbag.py:545} INFO - Filling up the DagBag from /opt/airflow/dags/main.py
[2026-07-30T19:17:46.989+0000] {processor.py:840} INFO - DAG(s) 'produce_json' retrieved from /opt/airflow/dags/main.py
[2026-07-30T19:17:47.012+0000] {logging_mixin.py:188} INFO - [2026-07-30T19:17:47.011+0000] {dag.py:3096} INFO - Sync 1 DAGs
[2026-07-30T19:17:47.027+0000] {logging_mixin.py:188} INFO - [2026-07-30T19:17:47.027+0000] {dag.py:3954} INFO - Setting next_dagrun for produce_json to 2026-07-30 18:00:00+00:00, run_after=2026-07-31 18:00:00+00:00
[2026-07-30T19:17:47.041+0000] {processor.py:183} INFO - Processing /opt/airflow/dags/main.py took 0.075 seconds
[2026-07-30T19:18:17.075+0000] {processor.py:161} INFO - Started process (PID=78) to work on /opt/airflow/dags/main.py
[2026-07-30T19:18:17.077+0000] {processor.py:830} INFO - Processing file /opt/airflow/dags/main.py for tasks to queue
[2026-07-30T19:18:17.078+0000] {logging_mixin.py:188} INFO - [2026-07-30T19:18:17.078+0000] {dagbag.py:545} INFO - Filling up the DagBag from /opt/airflow/dags/main.py
[2026-07-30T19:18:17.094+0000] {processor.py:840} INFO - DAG(s) 'produce_json' retrieved from /opt/airflow/dags/main.py
[2026-07-30T19:18:17.114+0000] {logging_mixin.py:188} INFO - [2026-07-30T19:18:17.114+0000] {dag.py:3096} INFO - Sync 1 DAGs
[2026-07-30T19:18:17.127+0000] {logging_mixin.py:188} INFO - [2026-07-30T19:18:17.127+0000] {dag.py:3954} INFO - Setting next_dagrun for produce_json to 2026-07-30 18:00:00+00:00, run_after=2026-07-31 18:00:00+00:00
[2026-07-30T19:18:17.139+0000] {processor.py:183} INFO - Processing /opt/airflow/dags/main.py took 0.076 seconds
[2026-07-30T19:18:47.209+0000] {processor.py:161} INFO - Started process (PID=85) to work on /opt/airflow/dags/main.py
[2026-07-30T19:18:47.211+0000] {processor.py:830} INFO - Processing file /opt/airflow/dags/main.py for tasks to queue
[2026-07-30T19:18:47.212+0000] {logging_mixin.py:188} INFO - [2026-07-30T19:18:47.212+0000] {dagbag.py:545} INFO - Filling up the DagBag from /opt/airflow/dags/main.py
[2026-07-30T19:18:47.232+0000] {processor.py:840} INFO - DAG(s) 'produce_json' retrieved from /opt/airflow/dags/main.py
[2026-07-30T19:18:47.251+0000] {logging_mixin.py:188} INFO - [2026-07-30T19:18:47.251+0000] {dag.py:3096} INFO - Sync 1 DAGs
[2026-07-30T19:18:47.264+0000] {logging_mixin.py:188} INFO - [2026-07-30T19:18:47.264+0000] {dag.py:3954} INFO - Setting next_dagrun for produce_json to 2026-07-30 18:00:00+00:00, run_after=2026-07-31 18:00:00+00:00
[2026-07-30T19:18:47.276+0000] {processor.py:183} INFO - Processing /opt/airflow/dags/main.py took 0.070 seconds
[2026-07-30T19:19:17.371+0000] {processor.py:161} INFO - Started process (PID=92) to work on /opt/airflow/dags/main.py
[2026-07-30T19:19:17.372+0000] {processor.py:830} INFO - Processing file /opt/airflow/dags/main.py for tasks to queue
[2026-07-30T19:19:17.373+0000] {logging_mixin.py:188} INFO - [2026-07-30T19:19:17.373+0000] {dagbag.py:545} INFO - Filling up the DagBag from /opt/airflow/dags/main.py
[2026-07-30T19:19:17.392+0000] {processor.py:840} INFO - DAG(s) 'produce_json' retrieved from /opt/airflow/dags/main.py
[2026-07-30T19:19:17.410+0000] {logging_mixin.py:188} INFO - [2026-07-30T19:19:17.410+0000] {dag.py:3096} INFO - Sync 1 DAGs
[2026-07-30T19:19:17.424+0000] {logging_mixin.py:188} INFO - [2026-07-30T19:19:17.424+0000] {dag.py:3954} INFO - Setting next_dagrun for produce_json to 2026-07-30 18:00:00+00:00, run_after=2026-07-31 18:00:00+00:00
[2026-07-30T19:19:17.435+0000] {processor.py:183} INFO - Processing /opt/airflow/dags/main.py took 0.073 seconds
[2026-07-30T19:19:47.516+0000] {processor.py:161} INFO - Started process (PID=99) to work on /opt/airflow/dags/main.py
[2026-07-30T19:19:47.518+0000] {processor.py:830} INFO - Processing file /opt/airflow/dags/main.py for tasks to queue
[2026-07-30T19:19:47.519+0000] {logging_mixin.py:188} INFO - [2026-07-30T19:19:47.519+0000] {dagbag.py:545} INFO - Filling up the DagBag from /opt/airflow/dags/main.py
[2026-07-30T19:19:47.535+0000] {processor.py:840} INFO - DAG(s) 'produce_json' retrieved from /opt/airflow/dags/main.py
[2026-07-30T19:19:47.552+0000] {logging_mixin.py:188} INFO - [2026-07-30T19:19:47.552+0000] {dag.py:3096} INFO - Sync 1 DAGs
[2026-07-30T19:19:47.565+0000] {logging_mixin.py:188} INFO - [2026-07-30T19:19:47.565+0000] {dag.py:3954} INFO - Setting next_dagrun for produce_json to 2026-07-30 18:00:00+00:00, run_after=2026-07-31 18:00:00+00:00
[2026-07-30T19:19:47.576+0000] {processor.py:183} INFO - Processing /opt/airflow/dags/main.py took 0.064 seconds
[2026-07-30T19:20:17.661+0000] {processor.py:161} INFO - Started process (PID=105) to work on /opt/airflow/dags/main.py
[2026-07-30T19:20:17.663+0000] {processor.py:830} INFO - Processing file /opt/airflow/dags/main.py for tasks to queue
[2026-07-30T19:20:17.665+0000] {logging_mixin.py:188} INFO - [2026-07-30T19:20:17.664+0000] {dagbag.py:545} INFO - Filling up the DagBag from /opt/airflow/dags/main.py
[2026-07-30T19:20:17.685+0000] {processor.py:840} INFO - DAG(s) 'produce_json' retrieved from /opt/airflow/dags/main.py
[2026-07-30T19:20:17.707+0000] {logging_mixin.py:188} INFO - [2026-07-30T19:20:17.707+0000] {dag.py:3096} INFO - Sync 1 DAGs
[2026-07-30T19:20:17.720+0000] {logging_mixin.py:188} INFO - [2026-07-30T19:20:17.720+0000] {dag.py:3954} INFO - Setting next_dagrun for produce_json to 2026-07-30 18:00:00+00:00, run_after=2026-07-31 18:00:00+00:00
[2026-07-30T19:20:17.732+0000] {processor.py:183} INFO - Processing /opt/airflow/dags/main.py took 0.077 seconds
[2026-07-30T19:20:47.759+0000] {processor.py:161} INFO - Started process (PID=112) to work on /opt/airflow/dags/main.py
[2026-07-30T19:20:47.761+0000] {processor.py:830} INFO - Processing file /opt/airflow/dags/main.py for tasks to queue
[2026-07-30T19:20:47.764+0000] {logging_mixin.py:188} INFO - [2026-07-30T19:20:47.764+0000] {dagbag.py:545} INFO - Filling up the DagBag from /opt/airflow/dags/main.py
[2026-07-30T19:20:47.789+0000] {processor.py:840} INFO - DAG(s) 'produce_json' retrieved from /opt/airflow/dags/main.py
[2026-07-30T19:20:47.813+0000] {logging_mixin.py:188} INFO - [2026-07-30T19:20:47.812+0000] {dag.py:3096} INFO - Sync 1 DAGs
[2026-07-30T19:20:47.830+0000] {logging_mixin.py:188} INFO - [2026-07-30T19:20:47.830+0000] {dag.py:3954} INFO - Setting next_dagrun for produce_json to 2026-07-30 18:00:00+00:00, run_after=2026-07-31 18:00:00+00:00
[2026-07-30T19:20:47.843+0000] {processor.py:183} INFO - Processing /opt/airflow/dags/main.py took 0.088 seconds
[2026-07-30T19:21:17.932+0000] {processor.py:161} INFO - Started process (PID=119) to work on /opt/airflow/dags/main.py
[2026-07-30T19:21:17.935+0000] {processor.py:830} INFO - Processing file /opt/airflow/dags/main.py for tasks to queue
[2026-07-30T19:21:17.939+0000] {logging_mixin.py:188} INFO - [2026-07-30T19:21:17.938+0000] {dagbag.py:545} INFO - Filling up the DagBag from /opt/airflow/dags/main.py
[2026-07-30T19:21:17.972+0000] {processor.py:840} INFO - DAG(s) 'produce_json' retrieved from /opt/airflow/dags/main.py
[2026-07-30T19:21:17.992+0000] {logging_mixin.py:188} INFO - [2026-07-30T19:21:17.992+0000] {dag.py:3096} INFO - Sync 1 DAGs
[2026-07-30T19:21:18.007+0000] {logging_mixin.py:188} INFO - [2026-07-30T19:21:18.007+0000] {dag.py:3954} INFO - Setting next_dagrun for produce_json to 2026-07-30 18:00:00+00:00, run_after=2026-07-31 18:00:00+00:00
[2026-07-30T19:21:18.022+0000] {processor.py:183} INFO - Processing /opt/airflow/dags/main.py took 0.102 seconds
[2026-07-30T19:21:48.066+0000] {processor.py:161} INFO - Started process (PID=126) to work on /opt/airflow/dags/main.py
[2026-07-30T19:21:48.068+0000] {processor.py:830} INFO - Processing file /opt/airflow/dags/main.py for tasks to queue
[2026-07-30T19:21:48.069+0000] {logging_mixin.py:188} INFO - [2026-07-30T19:21:48.069+0000] {dagbag.py:545} INFO - Filling up the DagBag from /opt/airflow/dags/main.py
[2026-07-30T19:21:48.088+0000] {processor.py:840} INFO - DAG(s) 'produce_json' retrieved from /opt/airflow/dags/main.py
[2026-07-30T19:21:48.113+0000] {logging_mixin.py:188} INFO - [2026-07-30T19:21:48.113+0000] {dag.py:3096} INFO - Sync 1 DAGs
[2026-07-30T19:21:48.126+0000] {logging_mixin.py:188} INFO - [2026-07-30T19:21:48.126+0000] {dag.py:3954} INFO - Setting next_dagrun for produce_json to 2026-07-30 18:00:00+00:00, run_after=2026-07-31 18:00:00+00:00
[2026-07-30T19:21:48.139+0000] {processor.py:183} INFO - Processing /opt/airflow/dags/main.py took 0.084 seconds
[2026-07-30T19:22:18.266+0000] {processor.py:161} INFO - Started process (PID=133) to work on /opt/airflow/dags/main.py
[2026-07-30T19:22:18.268+0000] {processor.py:830} INFO - Processing file /opt/airflow/dags/main.py for tasks to queue
[2026-07-30T19:22:18.269+0000] {logging_mixin.py:188} INFO - [2026-07-30T19:22:18.269+0000] {dagbag.py:545} INFO - Filling up the DagBag from /opt/airflow/dags/main.py
[2026-07-30T19:22:18.286+0000] {processor.py:840} INFO - DAG(s) 'produce_json' retrieved from /opt/airflow/dags/main.py
[2026-07-30T19:22:18.306+0000] {logging_mixin.py:188} INFO - [2026-07-30T19:22:18.305+0000] {dag.py:3096} INFO - Sync 1 DAGs
[2026-07-30T19:22:18.318+0000] {logging_mixin.py:188} INFO - [2026-07-30T19:22:18.318+0000] {dag.py:3954} INFO - Setting next_dagrun for produce_json to 2026-07-30 18:00:00+00:00, run_after=2026-07-31 18:00:00+00:00
[2026-07-30T19:22:18.331+0000] {processor.py:183} INFO - Processing /opt/airflow/dags/main.py took 0.074 seconds
[2026-07-30T19:22:48.365+0000] {processor.py:161} INFO - Started process (PID=146) to work on /opt/airflow/dags/main.py
[2026-07-30T19:22:48.367+0000] {processor.py:830} INFO - Processing file /opt/airflow/dags/main.py for tasks to queue
[2026-07-30T19:22:48.368+0000] {logging_mixin.py:188} INFO - [2026-07-30T19:22:48.368+0000] {dagbag.py:545} INFO - Filling up the DagBag from /opt/airflow/dags/main.py
[2026-07-30T19:22:48.385+0000] {processor.py:840} INFO - DAG(s) 'produce_json' retrieved from /opt/airflow/dags/main.py
[2026-07-30T19:22:48.407+0000] {logging_mixin.py:188} INFO - [2026-07-30T19:22:48.407+0000] {dag.py:3096} INFO - Sync 1 DAGs
[2026-07-30T19:22:48.421+0000] {logging_mixin.py:188} INFO - [2026-07-30T19:22:48.421+0000] {dag.py:3954} INFO - Setting next_dagrun for produce_json to 2026-07-30 18:00:00+00:00, run_after=2026-07-31 18:00:00+00:00
[2026-07-30T19:22:48.433+0000] {processor.py:183} INFO - Processing /opt/airflow/dags/main.py took 0.073 seconds
[2026-07-30T19:23:18.483+0000] {processor.py:161} INFO - Started process (PID=153) to work on /opt/airflow/dags/main.py
[2026-07-30T19:23:18.485+0000] {processor.py:830} INFO - Processing file /opt/airflow/dags/main.py for tasks to queue
[2026-07-30T19:23:18.486+0000] {logging_mixin.py:188} INFO - [2026-07-30T19:23:18.486+0000] {dagbag.py:545} INFO - Filling up the DagBag from /opt/airflow/dags/main.py
[2026-07-30T19:23:18.504+0000] {processor.py:840} INFO - DAG(s) 'produce_json' retrieved from /opt/airflow/dags/main.py
[2026-07-30T19:23:18.525+0000] {logging_mixin.py:188} INFO - [2026-07-30T19:23:18.525+0000] {dag.py:3096} INFO - Sync 1 DAGs
[2026-07-30T19:23:18.542+0000] {logging_mixin.py:188} INFO - [2026-07-30T19:23:18.542+0000] {dag.py:3954} INFO - Setting next_dagrun for produce_json to 2026-07-30 18:00:00+00:00, run_after=2026-07-31 18:00:00+00:00
[2026-07-30T19:23:18.555+0000] {processor.py:183} INFO - Processing /opt/airflow/dags/main.py took 0.076 seconds
[2026-07-30T19:23:48.596+0000] {processor.py:161} INFO - Started process (PID=160) to work on /opt/airflow/dags/main.py
[2026-07-30T19:23:48.598+0000] {processor.py:830} INFO - Processing file /opt/airflow/dags/main.py for tasks to queue
[2026-07-30T19:23:48.599+0000] {logging_mixin.py:188} INFO - [2026-07-30T19:23:48.599+0000] {dagbag.py:545} INFO - Filling up the DagBag from /opt/airflow/dags/main.py
[2026-07-30T19:23:48.616+0000] {processor.py:840} INFO - DAG(s) 'produce_json' retrieved from /opt/airflow/dags/main.py
[2026-07-30T19:23:48.639+0000] {logging_mixin.py:188} INFO - [2026-07-30T19:23:48.639+0000] {dag.py:3096} INFO - Sync 1 DAGs
[2026-07-30T19:23:48.656+0000] {logging_mixin.py:188} INFO - [2026-07-30T19:23:48.655+0000] {dag.py:3954} INFO - Setting next_dagrun for produce_json to 2026-07-30 18:00:00+00:00, run_after=2026-07-31 18:00:00+00:00
[2026-07-30T19:23:48.668+0000] {processor.py:183} INFO - Processing /opt/airflow/dags/main.py took 0.077 seconds
[2026-07-30T19:24:18.745+0000] {processor.py:161} INFO - Started process (PID=167) to work on /opt/airflow/dags/main.py
[2026-07-30T19:24:18.746+0000] {processor.py:830} INFO - Processing file /opt/airflow/dags/main.py for tasks to queue
[2026-07-30T19:24:18.748+0000] {logging_mixin.py:188} INFO - [2026-07-30T19:24:18.748+0000] {dagbag.py:545} INFO - Filling up the DagBag from /opt/airflow/dags/main.py
[2026-07-30T19:24:18.773+0000] {processor.py:840} INFO - DAG(s) 'produce_json' retrieved from /opt/airflow/dags/main.py
[2026-07-30T19:24:18.793+0000] {logging_mixin.py:188} INFO - [2026-07-30T19:24:18.793+0000] {dag.py:3096} INFO - Sync 1 DAGs
[2026-07-30T19:24:18.809+0000] {logging_mixin.py:188} INFO - [2026-07-30T19:24:18.809+0000] {dag.py:3954} INFO - Setting next_dagrun for produce_json to 2026-07-30 18:00:00+00:00, run_after=2026-07-31 18:00:00+00:00
[2026-07-30T19:24:18.822+0000] {processor.py:183} INFO - Processing /opt/airflow/dags/main.py took 0.082 seconds
[2026-07-30T19:24:48.959+0000] {processor.py:161} INFO - Started process (PID=174) to work on /opt/airflow/dags/main.py
[2026-07-30T19:24:48.962+0000] {processor.py:830} INFO - Processing file /opt/airflow/dags/main.py for tasks to queue
[2026-07-30T19:24:48.966+0000] {logging_mixin.py:188} INFO - [2026-07-30T19:24:48.966+0000] {dagbag.py:545} INFO - Filling up the DagBag from /opt/airflow/dags/main.py
[2026-07-30T19:24:48.988+0000] {processor.py:840} INFO - DAG(s) 'produce_json' retrieved from /opt/airflow/dags/main.py
[2026-07-30T19:24:49.007+0000] {logging_mixin.py:188} INFO - [2026-07-30T19:24:49.007+0000] {dag.py:3096} INFO - Sync 1 DAGs
[2026-07-30T19:24:49.020+0000] {logging_mixin.py:188} INFO - [2026-07-30T19:24:49.020+0000] {dag.py:3954} INFO - Setting next_dagrun for produce_json to 2026-07-30 18:00:00+00:00, run_after=2026-07-31 18:00:00+00:00
[2026-07-30T19:24:49.033+0000] {processor.py:183} INFO - Processing /opt/airflow/dags/main.py took 0.088 seconds
[2026-07-30T19:25:19.130+0000] {processor.py:161} INFO - Started process (PID=180) to work on /opt/airflow/dags/main.py
[2026-07-30T19:25:19.133+0000] {processor.py:830} INFO - Processing file /opt/airflow/dags/main.py for tasks to queue
[2026-07-30T19:25:19.136+0000] {logging_mixin.py:188} INFO - [2026-07-30T19:25:19.135+0000] {dagbag.py:545} INFO - Filling up the DagBag from /opt/airflow/dags/main.py
[2026-07-30T19:25:19.172+0000] {processor.py:840} INFO - DAG(s) 'produce_json' retrieved from /opt/airflow/dags/main.py
[2026-07-30T19:25:19.192+0000] {logging_mixin.py:188} INFO - [2026-07-30T19:25:19.192+0000] {dag.py:3096} INFO - Sync 1 DAGs
[2026-07-30T19:25:19.207+0000] {logging_mixin.py:188} INFO - [2026-07-30T19:25:19.207+0000] {dag.py:3954} INFO - Setting next_dagrun for produce_json to 2026-07-30 18:00:00+00:00, run_after=2026-07-31 18:00:00+00:00
[2026-07-30T19:25:19.219+0000] {processor.py:183} INFO - Processing /opt/airflow/dags/main.py took 0.103 seconds
[2026-07-30T19:25:49.294+0000] {processor.py:161} INFO - Started process (PID=187) to work on /opt/airflow/dags/main.py
[2026-07-30T19:25:49.296+0000] {processor.py:830} INFO - Processing file /opt/airflow/dags/main.py for tasks to queue
[2026-07-30T19:25:49.298+0000] {logging_mixin.py:188} INFO - [2026-07-30T19:25:49.298+0000] {dagbag.py:545} INFO - Filling up the DagBag from /opt/airflow/dags/main.py
[2026-07-30T19:25:49.324+0000] {processor.py:840} INFO - DAG(s) 'produce_json' retrieved from /opt/airflow/dags/main.py
[2026-07-30T19:25:49.347+0000] {logging_mixin.py:188} INFO - [2026-07-30T19:25:49.347+0000] {dag.py:3096} INFO - Sync 1 DAGs
[2026-07-30T19:25:49.362+0000] {logging_mixin.py:188} INFO - [2026-07-30T19:25:49.362+0000] {dag.py:3954} INFO - Setting next_dagrun for produce_json to 2026-07-30 18:00:00+00:00, run_after=2026-07-31 18:00:00+00:00
[2026-07-30T19:25:49.377+0000] {processor.py:183} INFO - Processing /opt/airflow/dags/main.py took 0.090 seconds
[2026-07-30T19:26:19.477+0000] {processor.py:161} INFO - Started process (PID=194) to work on /opt/airflow/dags/main.py
[2026-07-30T19:26:19.478+0000] {processor.py:830} INFO - Processing file /opt/airflow/dags/main.py for tasks to queue
[2026-07-30T19:26:19.480+0000] {logging_mixin.py:188} INFO - [2026-07-30T19:26:19.480+0000] {dagbag.py:545} INFO - Filling up the DagBag from /opt/airflow/dags/main.py
[2026-07-30T19:26:19.498+0000] {processor.py:840} INFO - DAG(s) 'produce_json' retrieved from /opt/airflow/dags/main.py
[2026-07-30T19:26:19.518+0000] {logging_mixin.py:188} INFO - [2026-07-30T19:26:19.518+0000] {dag.py:3096} INFO - Sync 1 DAGs
[2026-07-30T19:26:19.535+0000] {logging_mixin.py:188} INFO - [2026-07-30T19:26:19.535+0000] {dag.py:3954} INFO - Setting next_dagrun for produce_json to 2026-07-30 18:00:00+00:00, run_after=2026-07-31 18:00:00+00:00
[2026-07-30T19:26:19.548+0000] {processor.py:183} INFO - Processing /opt/airflow/dags/main.py took 0.075 seconds
[2026-07-30T19:26:49.666+0000] {processor.py:161} INFO - Started process (PID=201) to work on /opt/airflow/dags/main.py
[2026-07-30T19:26:49.669+0000] {processor.py:830} INFO - Processing file /opt/airflow/dags/main.py for tasks to queue
[2026-07-30T19:26:49.671+0000] {logging_mixin.py:188} INFO - [2026-07-30T19:26:49.671+0000] {dagbag.py:545} INFO - Filling up the DagBag from /opt/airflow/dags/main.py
[2026-07-30T19:26:49.691+0000] {processor.py:840} INFO - DAG(s) 'produce_json' retrieved from /opt/airflow/dags/main.py
[2026-07-30T19:26:49.709+0000] {logging_mixin.py:188} INFO - [2026-07-30T19:26:49.709+0000] {dag.py:3096} INFO - Sync 1 DAGs
[2026-07-30T19:26:49.722+0000] {logging_mixin.py:188} INFO - [2026-07-30T19:26:49.722+0000] {dag.py:3954} INFO - Setting next_dagrun for produce_json to 2026-07-30 18:00:00+00:00, run_after=2026-07-31 18:00:00+00:00
[2026-07-30T19:26:49.735+0000] {processor.py:183} INFO - Processing /opt/airflow/dags/main.py took 0.081 seconds
[2026-07-30T19:27:19.851+0000] {processor.py:161} INFO - Started process (PID=208) to work on /opt/airflow/dags/main.py
[2026-07-30T19:27:19.853+0000] {processor.py:830} INFO - Processing file /opt/airflow/dags/main.py for tasks to queue
[2026-07-30T19:27:19.854+0000] {logging_mixin.py:188} INFO - [2026-07-30T19:27:19.854+0000] {dagbag.py:545} INFO - Filling up the DagBag from /opt/airflow/dags/main.py
[2026-07-30T19:27:19.874+0000] {processor.py:840} INFO - DAG(s) 'produce_json' retrieved from /opt/airflow/dags/main.py
[2026-07-30T19:27:19.893+0000] {logging_mixin.py:188} INFO - [2026-07-30T19:27:19.892+0000] {dag.py:3096} INFO - Sync 1 DAGs
[2026-07-30T19:27:19.906+0000] {logging_mixin.py:188} INFO - [2026-07-30T19:27:19.906+0000] {dag.py:3954} INFO - Setting next_dagrun for produce_json to 2026-07-30 18:00:00+00:00, run_after=2026-07-31 18:00:00+00:00
[2026-07-30T19:27:19.919+0000] {processor.py:183} INFO - Processing /opt/airflow/dags/main.py took 0.077 seconds
[2026-07-30T19:27:50.039+0000] {processor.py:161} INFO - Started process (PID=215) to work on /opt/airflow/dags/main.py
[2026-07-30T19:27:50.041+0000] {processor.py:830} INFO - Processing file /opt/airflow/dags/main.py for tasks to queue
[2026-07-30T19:27:50.043+0000] {logging_mixin.py:188} INFO - [2026-07-30T19:27:50.043+0000] {dagbag.py:545} INFO - Filling up the DagBag from /opt/airflow/dags/main.py
[2026-07-30T19:27:50.064+0000] {processor.py:840} INFO - DAG(s) 'produce_json' retrieved from /opt/airflow/dags/main.py
[2026-07-30T19:27:50.083+0000] {logging_mixin.py:188} INFO - [2026-07-30T19:27:50.083+0000] {dag.py:3096} INFO - Sync 1 DAGs
[2026-07-30T19:27:50.098+0000] {logging_mixin.py:188} INFO - [2026-07-30T19:27:50.098+0000] {dag.py:3954} INFO - Setting next_dagrun for produce_json to 2026-07-30 18:00:00+00:00, run_after=2026-07-31 18:00:00+00:00
[2026-07-30T19:27:50.110+0000] {processor.py:183} INFO - Processing /opt/airflow/dags/main.py took 0.082 seconds
[2026-07-30T19:28:20.231+0000] {processor.py:161} INFO - Started process (PID=222) to work on /opt/airflow/dags/main.py
[2026-07-30T19:28:20.234+0000] {processor.py:830} INFO - Processing file /opt/airflow/dags/main.py for tasks to queue
[2026-07-30T19:28:20.238+0000] {logging_mixin.py:188} INFO - [2026-07-30T19:28:20.238+0000] {dagbag.py:545} INFO - Filling up the DagBag from /opt/airflow/dags/main.py
[2026-07-30T19:28:20.262+0000] {processor.py:840} INFO - DAG(s) 'produce_json' retrieved from /opt/airflow/dags/main.py
[2026-07-30T19:28:20.280+0000] {logging_mixin.py:188} INFO - [2026-07-30T19:28:20.279+0000] {dag.py:3096} INFO - Sync 1 DAGs
[2026-07-30T19:28:20.295+0000] {logging_mixin.py:188} INFO - [2026-07-30T19:28:20.295+0000] {dag.py:3954} INFO - Setting next_dagrun for produce_json to 2026-07-30 18:00:00+00:00, run_after=2026-07-31 18:00:00+00:00
[2026-07-30T19:28:20.308+0000] {processor.py:183} INFO - Processing /opt/airflow/dags/main.py took 0.090 seconds
[2026-07-30T19:28:50.362+0000] {processor.py:161} INFO - Started process (PID=229) to work on /opt/airflow/dags/main.py
[2026-07-30T19:28:50.364+0000] {processor.py:830} INFO - Processing file /opt/airflow/dags/main.py for tasks to queue
[2026-07-30T19:28:50.365+0000] {logging_mixin.py:188} INFO - [2026-07-30T19:28:50.365+0000] {dagbag.py:545} INFO - Filling up the DagBag from /opt/airflow/dags/main.py
[2026-07-30T19:28:50.385+0000] {processor.py:840} INFO - DAG(s) 'produce_json' retrieved from /opt/airflow/dags/main.py
[2026-07-30T19:28:50.404+0000] {logging_mixin.py:188} INFO - [2026-07-30T19:28:50.404+0000] {dag.py:3096} INFO - Sync 1 DAGs
[2026-07-30T19:28:50.419+0000] {logging_mixin.py:188} INFO - [2026-07-30T19:28:50.418+0000] {dag.py:3954} INFO - Setting next_dagrun for produce_json to 2026-07-30 18:00:00+00:00, run_after=2026-07-31 18:00:00+00:00
[2026-07-30T19:28:50.432+0000] {processor.py:183} INFO - Processing /opt/airflow/dags/main.py took 0.075 seconds
[2026-07-30T19:29:20.539+0000] {processor.py:161} INFO - Started process (PID=235) to work on /opt/airflow/dags/main.py
[2026-07-30T19:29:20.542+0000] {processor.py:830} INFO - Processing file /opt/airflow/dags/main.py for tasks to queue
[2026-07-30T19:29:20.545+0000] {logging_mixin.py:188} INFO - [2026-07-30T19:29:20.544+0000] {dagbag.py:545} INFO - Filling up the DagBag from /opt/airflow/dags/main.py
[2026-07-30T19:29:20.566+0000] {processor.py:840} INFO - DAG(s) 'produce_json' retrieved from /opt/airflow/dags/main.py
[2026-07-30T19:29:20.585+0000] {logging_mixin.py:188} INFO - [2026-07-30T19:29:20.585+0000] {dag.py:3096} INFO - Sync 1 DAGs
[2026-07-30T19:29:20.598+0000] {logging_mixin.py:188} INFO - [2026-07-30T19:29:20.598+0000] {dag.py:3954} INFO - Setting next_dagrun for produce_json to 2026-07-30 18:00:00+00:00, run_after=2026-07-31 18:00:00+00:00
[2026-07-30T19:29:20.610+0000] {processor.py:183} INFO - Processing /opt/airflow/dags/main.py took 0.080 seconds
[2026-07-30T19:29:50.723+0000] {processor.py:161} INFO - Started process (PID=242) to work on /opt/airflow/dags/main.py
[2026-07-30T19:29:50.726+0000] {processor.py:830} INFO - Processing file /opt/airflow/dags/main.py for tasks to queue
[2026-07-30T19:29:50.727+0000] {logging_mixin.py:188} INFO - [2026-07-30T19:29:50.727+0000] {dagbag.py:545} INFO - Filling up the DagBag from /opt/airflow/dags/main.py
[2026-07-30T19:29:50.747+0000] {processor.py:840} INFO - DAG(s) 'produce_json' retrieved from /opt/airflow/dags/main.py
[2026-07-30T19:29:50.764+0000] {logging_mixin.py:188} INFO - [2026-07-30T19:29:50.764+0000] {dag.py:3096} INFO - Sync 1 DAGs
[2026-07-30T19:29:50.778+0000] {logging_mixin.py:188} INFO - [2026-07-30T19:29:50.778+0000] {dag.py:3954} INFO - Setting next_dagrun for produce_json to 2026-07-30 18:00:00+00:00, run_after=2026-07-31 18:00:00+00:00
[2026-07-30T19:29:50.791+0000] {processor.py:183} INFO - Processing /opt/airflow/dags/main.py took 0.075 seconds
[2026-07-30T19:30:20.901+0000] {processor.py:161} INFO - Started process (PID=248) to work on /opt/airflow/dags/main.py
[2026-07-30T19:30:20.904+0000] {processor.py:830} INFO - Processing file /opt/airflow/dags/main.py for tasks to queue
[2026-07-30T19:30:20.907+0000] {logging_mixin.py:188} INFO - [2026-07-30T19:30:20.907+0000] {dagbag.py:545} INFO - Filling up the DagBag from /opt/airflow/dags/main.py
[2026-07-30T19:30:20.929+0000] {processor.py:840} INFO - DAG(s) 'produce_json' retrieved from /opt/airflow/dags/main.py
[2026-07-30T19:30:20.946+0000] {logging_mixin.py:188} INFO - [2026-07-30T19:30:20.946+0000] {dag.py:3096} INFO - Sync 1 DAGs
[2026-07-30T19:30:20.958+0000] {logging_mixin.py:188} INFO - [2026-07-30T19:30:20.958+0000] {dag.py:3954} INFO - Setting next_dagrun for produce_json to 2026-07-30 18:00:00+00:00, run_after=2026-07-31 18:00:00+00:00
[2026-07-30T19:30:20.969+0000] {processor.py:183} INFO - Processing /opt/airflow/dags/main.py took 0.078 seconds
[2026-07-30T19:30:51.058+0000] {processor.py:161} INFO - Started process (PID=255) to work on /opt/airflow/dags/main.py
[2026-07-30T19:30:51.059+0000] {processor.py:830} INFO - Processing file /opt/airflow/dags/main.py for tasks to queue
[2026-07-30T19:30:51.060+0000] {logging_mixin.py:188} INFO - [2026-07-30T19:30:51.060+0000] {dagbag.py:545} INFO - Filling up the DagBag from /opt/airflow/dags/main.py
[2026-07-30T19:30:51.077+0000] {processor.py:840} INFO - DAG(s) 'produce_json' retrieved from /opt/airflow/dags/main.py
[2026-07-30T19:30:51.096+0000] {logging_mixin.py:188} INFO - [2026-07-30T19:30:51.096+0000] {dag.py:3096} INFO - Sync 1 DAGs
[2026-07-30T19:30:51.110+0000] {logging_mixin.py:188} INFO - [2026-07-30T19:30:51.110+0000] {dag.py:3954} INFO - Setting next_dagrun for produce_json to 2026-07-30 18:00:00+00:00, run_after=2026-07-31 18:00:00+00:00
[2026-07-30T19:30:51.125+0000] {processor.py:183} INFO - Processing /opt/airflow/dags/main.py took 0.072 seconds
[2026-07-30T19:31:21.194+0000] {processor.py:161} INFO - Started process (PID=262) to work on /opt/airflow/dags/main.py
[2026-07-30T19:31:21.195+0000] {processor.py:830} INFO - Processing file /opt/airflow/dags/main.py for tasks to queue
[2026-07-30T19:31:21.197+0000] {logging_mixin.py:188} INFO - [2026-07-30T19:31:21.196+0000] {dagbag.py:545} INFO - Filling up the DagBag from /opt/airflow/dags/main.py
[2026-07-30T19:31:21.214+0000] {processor.py:840} INFO - DAG(s) 'produce_json' retrieved from /opt/airflow/dags/main.py
[2026-07-30T19:31:21.232+0000] {logging_mixin.py:188} INFO - [2026-07-30T19:31:21.231+0000] {dag.py:3096} INFO - Sync 1 DAGs
[2026-07-30T19:31:21.248+0000] {logging_mixin.py:188} INFO - [2026-07-30T19:31:21.248+0000] {dag.py:3954} INFO - Setting next_dagrun for produce_json to 2026-07-30 18:00:00+00:00, run_after=2026-07-31 18:00:00+00:00
[2026-07-30T19:31:21.261+0000] {processor.py:183} INFO - Processing /opt/airflow/dags/main.py took 0.075 seconds
[2026-07-30T19:31:51.383+0000] {processor.py:161} INFO - Started process (PID=269) to work on /opt/airflow/dags/main.py
[2026-07-30T19:31:51.385+0000] {processor.py:830} INFO - Processing file /opt/airflow/dags/main.py for tasks to queue
[2026-07-30T19:31:51.387+0000] {logging_mixin.py:188} INFO - [2026-07-30T19:31:51.387+0000] {dagbag.py:545} INFO - Filling up the DagBag from /opt/airflow/dags/main.py
[2026-07-30T19:31:51.403+0000] {processor.py:840} INFO - DAG(s) 'produce_json' retrieved from /opt/airflow/dags/main.py
[2026-07-30T19:31:51.425+0000] {logging_mixin.py:188} INFO - [2026-07-30T19:31:51.425+0000] {dag.py:3096} INFO - Sync 1 DAGs
[2026-07-30T19:31:51.439+0000] {logging_mixin.py:188} INFO - [2026-07-30T19:31:51.439+0000] {dag.py:3954} INFO - Setting next_dagrun for produce_json to 2026-07-30 18:00:00+00:00, run_after=2026-07-31 18:00:00+00:00
[2026-07-30T19:31:51.452+0000] {processor.py:183} INFO - Processing /opt/airflow/dags/main.py took 0.083 seconds
[2026-07-30T19:32:21.584+0000] {processor.py:161} INFO - Started process (PID=276) to work on /opt/airflow/dags/main.py
[2026-07-30T19:32:21.587+0000] {processor.py:830} INFO - Processing file /opt/airflow/dags/main.py for tasks to queue
[2026-07-30T19:32:21.589+0000] {logging_mixin.py:188} INFO - [2026-07-30T19:32:21.589+0000] {dagbag.py:545} INFO - Filling up the DagBag from /opt/airflow/dags/main.py
[2026-07-30T19:32:21.610+0000] {processor.py:840} INFO - DAG(s) 'produce_json' retrieved from /opt/airflow/dags/main.py
[2026-07-30T19:32:21.627+0000] {logging_mixin.py:188} INFO - [2026-07-30T19:32:21.627+0000] {dag.py:3096} INFO - Sync 1 DAGs
[2026-07-30T19:32:21.640+0000] {logging_mixin.py:188} INFO - [2026-07-30T19:32:21.640+0000] {dag.py:3954} INFO - Setting next_dagrun for produce_json to 2026-07-30 18:00:00+00:00, run_after=2026-07-31 18:00:00+00:00
[2026-07-30T19:32:21.652+0000] {processor.py:183} INFO - Processing /opt/airflow/dags/main.py took 0.079 seconds
[2026-07-30T19:32:51.767+0000] {processor.py:161} INFO - Started process (PID=283) to work on /opt/airflow/dags/main.py
[2026-07-30T19:32:51.770+0000] {processor.py:830} INFO - Processing file /opt/airflow/dags/main.py for tasks to queue
[2026-07-30T19:32:51.772+0000] {logging_mixin.py:188} INFO - [2026-07-30T19:32:51.772+0000] {dagbag.py:545} INFO - Filling up the DagBag from /opt/airflow/dags/main.py
[2026-07-30T19:32:51.789+0000] {processor.py:840} INFO - DAG(s) 'produce_json' retrieved from /opt/airflow/dags/main.py
[2026-07-30T19:32:51.806+0000] {logging_mixin.py:188} INFO - [2026-07-30T19:32:51.806+0000] {dag.py:3096} INFO - Sync 1 DAGs
[2026-07-30T19:32:51.822+0000] {logging_mixin.py:188} INFO - [2026-07-30T19:32:51.822+0000] {dag.py:3954} INFO - Setting next_dagrun for produce_json to 2026-07-30 18:00:00+00:00, run_after=2026-07-31 18:00:00+00:00
[2026-07-30T19:32:51.834+0000] {processor.py:183} INFO - Processing /opt/airflow/dags/main.py took 0.077 seconds
[2026-07-30T19:33:21.939+0000] {processor.py:161} INFO - Started process (PID=290) to work on /opt/airflow/dags/main.py
[2026-07-30T19:33:21.941+0000] {processor.py:830} INFO - Processing file /opt/airflow/dags/main.py for tasks to queue
[2026-07-30T19:33:21.942+0000] {logging_mixin.py:188} INFO - [2026-07-30T19:33:21.942+0000] {dagbag.py:545} INFO - Filling up the DagBag from /opt/airflow/dags/main.py
[2026-07-30T19:33:21.958+0000] {processor.py:840} INFO - DAG(s) 'produce_json' retrieved from /opt/airflow/dags/main.py
[2026-07-30T19:33:21.980+0000] {logging_mixin.py:188} INFO - [2026-07-30T19:33:21.980+0000] {dag.py:3096} INFO - Sync 1 DAGs
[2026-07-30T19:33:21.993+0000] {logging_mixin.py:188} INFO - [2026-07-30T19:33:21.993+0000] {dag.py:3954} INFO - Setting next_dagrun for produce_json to 2026-07-30 18:00:00+00:00, run_after=2026-07-31 18:00:00+00:00
[2026-07-30T19:33:22.006+0000] {processor.py:183} INFO - Processing /opt/airflow/dags/main.py took 0.072 seconds
[2026-07-30T19:33:52.043+0000] {processor.py:161} INFO - Started process (PID=297) to work on /opt/airflow/dags/main.py
[2026-07-30T19:33:52.044+0000] {processor.py:830} INFO - Processing file /opt/airflow/dags/main.py for tasks to queue
[2026-07-30T19:33:52.045+0000] {logging_mixin.py:188} INFO - [2026-07-30T19:33:52.045+0000] {dagbag.py:545} INFO - Filling up the DagBag from /opt/airflow/dags/main.py
[2026-07-30T19:33:52.063+0000] {processor.py:840} INFO - DAG(s) 'produce_json' retrieved from /opt/airflow/dags/main.py
[2026-07-30T19:33:52.081+0000] {logging_mixin.py:188} INFO - [2026-07-30T19:33:52.081+0000] {dag.py:3096} INFO - Sync 1 DAGs
[2026-07-30T19:33:52.096+0000] {logging_mixin.py:188} INFO - [2026-07-30T19:33:52.096+0000] {dag.py:3954} INFO - Setting next_dagrun for produce_json to 2026-07-30 18:00:00+00:00, run_after=2026-07-31 18:00:00+00:00
[2026-07-30T19:33:52.109+0000] {processor.py:183} INFO - Processing /opt/airflow/dags/main.py took 0.071 seconds
[2026-07-30T19:34:22.172+0000] {processor.py:161} INFO - Started process (PID=303) to work on /opt/airflow/dags/main.py
[2026-07-30T19:34:22.173+0000] {processor.py:830} INFO - Processing file /opt/airflow/dags/main.py for tasks to queue
[2026-07-30T19:34:22.175+0000] {logging_mixin.py:188} INFO - [2026-07-30T19:34:22.175+0000] {dagbag.py:545} INFO - Filling up the DagBag from /opt/airflow/dags/main.py
[2026-07-30T19:34:22.199+0000] {processor.py:840} INFO - DAG(s) 'produce_json' retrieved from /opt/airflow/dags/main.py
[2026-07-30T19:34:22.219+0000] {logging_mixin.py:188} INFO - [2026-07-30T19:34:22.219+0000] {dag.py:3096} INFO - Sync 1 DAGs
[2026-07-30T19:34:22.232+0000] {logging_mixin.py:188} INFO - [2026-07-30T19:34:22.232+0000] {dag.py:3954} INFO - Setting next_dagrun for produce_json to 2026-07-30 18:00:00+00:00, run_after=2026-07-31 18:00:00+00:00
[2026-07-30T19:34:22.246+0000] {processor.py:183} INFO - Processing /opt/airflow/dags/main.py took 0.079 seconds
[2026-07-30T19:34:52.273+0000] {processor.py:161} INFO - Started process (PID=309) to work on /opt/airflow/dags/main.py
[2026-07-30T19:34:52.275+0000] {processor.py:830} INFO - Processing file /opt/airflow/dags/main.py for tasks to queue
[2026-07-30T19:34:52.276+0000] {logging_mixin.py:188} INFO - [2026-07-30T19:34:52.276+0000] {dagbag.py:545} INFO - Filling up the DagBag from /opt/airflow/dags/main.py
[2026-07-30T19:34:52.297+0000] {processor.py:840} INFO - DAG(s) 'produce_json' retrieved from /opt/airflow/dags/main.py
[2026-07-30T19:34:52.316+0000] {logging_mixin.py:188} INFO - [2026-07-30T19:34:52.315+0000] {dag.py:3096} INFO - Sync 1 DAGs
[2026-07-30T19:34:52.333+0000] {logging_mixin.py:188} INFO - [2026-07-30T19:34:52.333+0000] {dag.py:3954} INFO - Setting next_dagrun for produce_json to 2026-07-30 18:00:00+00:00, run_after=2026-07-31 18:00:00+00:00
[2026-07-30T19:34:52.344+0000] {processor.py:183} INFO - Processing /opt/airflow/dags/main.py took 0.075 seconds
[2026-07-30T19:35:22.402+0000] {processor.py:161} INFO - Started process (PID=316) to work on /opt/airflow/dags/main.py
[2026-07-30T19:35:22.404+0000] {processor.py:830} INFO - Processing file /opt/airflow/dags/main.py for tasks to queue
[2026-07-30T19:35:22.405+0000] {logging_mixin.py:188} INFO - [2026-07-30T19:35:22.405+0000] {dagbag.py:545} INFO - Filling up the DagBag from /opt/airflow/dags/main.py
[2026-07-30T19:35:22.425+0000] {processor.py:840} INFO - DAG(s) 'produce_json' retrieved from /opt/airflow/dags/main.py
[2026-07-30T19:35:22.447+0000] {logging_mixin.py:188} INFO - [2026-07-30T19:35:22.447+0000] {dag.py:3096} INFO - Sync 1 DAGs
[2026-07-30T19:35:22.463+0000] {logging_mixin.py:188} INFO - [2026-07-30T19:35:22.463+0000] {dag.py:3954} INFO - Setting next_dagrun for produce_json to 2026-07-30 18:00:00+00:00, run_after=2026-07-31 18:00:00+00:00
[2026-07-30T19:35:22.476+0000] {processor.py:183} INFO - Processing /opt/airflow/dags/main.py took 0.078 seconds
[2026-07-30T19:35:52.525+0000] {processor.py:161} INFO - Started process (PID=323) to work on /opt/airflow/dags/main.py
[2026-07-30T19:35:52.527+0000] {processor.py:830} INFO - Processing file /opt/airflow/dags/main.py for tasks to queue
[2026-07-30T19:35:52.528+0000] {logging_mixin.py:188} INFO - [2026-07-30T19:35:52.528+0000] {dagbag.py:545} INFO - Filling up the DagBag from /opt/airflow/dags/main.py
[2026-07-30T19:35:52.546+0000] {processor.py:840} INFO - DAG(s) 'produce_json' retrieved from /opt/airflow/dags/main.py
[2026-07-30T19:35:52.565+0000] {logging_mixin.py:188} INFO - [2026-07-30T19:35:52.565+0000] {dag.py:3096} INFO - Sync 1 DAGs
[2026-07-30T19:35:52.581+0000] {logging_mixin.py:188} INFO - [2026-07-30T19:35:52.581+0000] {dag.py:3954} INFO - Setting next_dagrun for produce_json to 2026-07-30 18:00:00+00:00, run_after=2026-07-31 18:00:00+00:00
[2026-07-30T19:35:52.592+0000] {processor.py:183} INFO - Processing /opt/airflow/dags/main.py took 0.072 seconds
[2026-07-30T19:36:22.708+0000] {processor.py:161} INFO - Started process (PID=330) to work on /opt/airflow/dags/main.py
[2026-07-30T19:36:22.710+0000] {processor.py:830} INFO - Processing file /opt/airflow/dags/main.py for tasks to queue
[2026-07-30T19:36:22.712+0000] {logging_mixin.py:188} INFO - [2026-07-30T19:36:22.711+0000] {dagbag.py:545} INFO - Filling up the DagBag from /opt/airflow/dags/main.py
[2026-07-30T19:36:22.730+0000] {processor.py:840} INFO - DAG(s) 'produce_json' retrieved from /opt/airflow/dags/main.py
[2026-07-30T19:36:22.752+0000] {logging_mixin.py:188} INFO - [2026-07-30T19:36:22.751+0000] {dag.py:3096} INFO - Sync 1 DAGs
[2026-07-30T19:36:22.767+0000] {logging_mixin.py:188} INFO - [2026-07-30T19:36:22.767+0000] {dag.py:3954} INFO - Setting next_dagrun for produce_json to 2026-07-30 18:00:00+00:00, run_after=2026-07-31 18:00:00+00:00
[2026-07-30T19:36:22.780+0000] {processor.py:183} INFO - Processing /opt/airflow/dags/main.py took 0.082 seconds
[2026-07-30T19:36:52.838+0000] {processor.py:161} INFO - Started process (PID=337) to work on /opt/airflow/dags/main.py
[2026-07-30T19:36:52.839+0000] {processor.py:830} INFO - Processing file /opt/airflow/dags/main.py for tasks to queue
[2026-07-30T19:36:52.844+0000] {logging_mixin.py:188} INFO - [2026-07-30T19:36:52.842+0000] {dagbag.py:545} INFO - Filling up the DagBag from /opt/airflow/dags/main.py
[2026-07-30T19:36:52.868+0000] {processor.py:840} INFO - DAG(s) 'produce_json' retrieved from /opt/airflow/dags/main.py
[2026-07-30T19:36:52.889+0000] {logging_mixin.py:188} INFO - [2026-07-30T19:36:52.888+0000] {dag.py:3096} INFO - Sync 1 DAGs
[2026-07-30T19:36:52.902+0000] {logging_mixin.py:188} INFO - [2026-07-30T19:36:52.902+0000] {dag.py:3954} INFO - Setting next_dagrun for produce_json to 2026-07-30 18:00:00+00:00, run_after=2026-07-31 18:00:00+00:00
[2026-07-30T19:36:52.914+0000] {processor.py:183} INFO - Processing /opt/airflow/dags/main.py took 0.082 seconds
[2026-07-30T19:37:23.051+0000] {processor.py:161} INFO - Started process (PID=345) to work on /opt/airflow/dags/main.py
[2026-07-30T19:37:23.053+0000] {processor.py:830} INFO - Processing file /opt/airflow/dags/main.py for tasks to queue
[2026-07-30T19:37:23.054+0000] {logging_mixin.py:188} INFO - [2026-07-30T19:37:23.054+0000] {dagbag.py:545} INFO - Filling up the DagBag from /opt/airflow/dags/main.py
[2026-07-30T19:37:23.072+0000] {processor.py:840} INFO - DAG(s) 'produce_json' retrieved from /opt/airflow/dags/main.py
[2026-07-30T19:37:23.093+0000] {logging_mixin.py:188} INFO - [2026-07-30T19:37:23.093+0000] {dag.py:3096} INFO - Sync 1 DAGs
[2026-07-30T19:37:23.107+0000] {logging_mixin.py:188} INFO - [2026-07-30T19:37:23.106+0000] {dag.py:3954} INFO - Setting next_dagrun for produce_json to 2026-07-30 18:00:00+00:00, run_after=2026-07-31 18:00:00+00:00
[2026-07-30T19:37:23.120+0000] {processor.py:183} INFO - Processing /opt/airflow/dags/main.py took 0.076 seconds
[2026-07-30T19:37:53.225+0000] {processor.py:161} INFO - Started process (PID=352) to work on /opt/airflow/dags/main.py
[2026-07-30T19:37:53.226+0000] {processor.py:830} INFO - Processing file /opt/airflow/dags/main.py for tasks to queue
[2026-07-30T19:37:53.227+0000] {logging_mixin.py:188} INFO - [2026-07-30T19:37:53.227+0000] {dagbag.py:545} INFO - Filling up the DagBag from /opt/airflow/dags/main.py
[2026-07-30T19:37:53.244+0000] {processor.py:840} INFO - DAG(s) 'produce_json' retrieved from /opt/airflow/dags/main.py
[2026-07-30T19:37:53.265+0000] {logging_mixin.py:188} INFO - [2026-07-30T19:37:53.265+0000] {dag.py:3096} INFO - Sync 1 DAGs
[2026-07-30T19:37:53.279+0000] {logging_mixin.py:188} INFO - [2026-07-30T19:37:53.279+0000] {dag.py:3954} INFO - Setting next_dagrun for produce_json to 2026-07-30 18:00:00+00:00, run_after=2026-07-31 18:00:00+00:00
[2026-07-30T19:37:53.291+0000] {processor.py:183} INFO - Processing /opt/airflow/dags/main.py took 0.076 seconds
[2026-07-30T19:38:23.364+0000] {processor.py:161} INFO - Started process (PID=359) to work on /opt/airflow/dags/main.py
[2026-07-30T19:38:23.366+0000] {processor.py:830} INFO - Processing file /opt/airflow/dags/main.py for tasks to queue
[2026-07-30T19:38:23.367+0000] {logging_mixin.py:188} INFO - [2026-07-30T19:38:23.367+0000] {dagbag.py:545} INFO - Filling up the DagBag from /opt/airflow/dags/main.py
[2026-07-30T19:38:23.384+0000] {processor.py:840} INFO - DAG(s) 'produce_json' retrieved from /opt/airflow/dags/main.py
[2026-07-30T19:38:23.404+0000] {logging_mixin.py:188} INFO - [2026-07-30T19:38:23.403+0000] {dag.py:3096} INFO - Sync 1 DAGs
[2026-07-30T19:38:23.421+0000] {logging_mixin.py:188} INFO - [2026-07-30T19:38:23.421+0000] {dag.py:3954} INFO - Setting next_dagrun for produce_json to 2026-07-30 18:00:00+00:00, run_after=2026-07-31 18:00:00+00:00
[2026-07-30T19:38:23.434+0000] {processor.py:183} INFO - Processing /opt/airflow/dags/main.py took 0.074 seconds
[2026-07-30T19:38:53.517+0000] {processor.py:161} INFO - Started process (PID=365) to work on /opt/airflow/dags/main.py
[2026-07-30T19:38:53.518+0000] {processor.py:830} INFO - Processing file /opt/airflow/dags/main.py for tasks to queue
[2026-07-30T19:38:53.520+0000] {logging_mixin.py:188} INFO - [2026-07-30T19:38:53.519+0000] {dagbag.py:545} INFO - Filling up the DagBag from /opt/airflow/dags/main.py
[2026-07-30T19:38:53.535+0000] {processor.py:840} INFO - DAG(s) 'produce_json' retrieved from /opt/airflow/dags/main.py
[2026-07-30T19:38:53.554+0000] {logging_mixin.py:188} INFO - [2026-07-30T19:38:53.554+0000] {dag.py:3096} INFO - Sync 1 DAGs
[2026-07-30T19:38:53.568+0000] {logging_mixin.py:188} INFO - [2026-07-30T19:38:53.568+0000] {dag.py:3954} INFO - Setting next_dagrun for produce_json to 2026-07-30 18:00:00+00:00, run_after=2026-07-31 18:00:00+00:00
[2026-07-30T19:38:53.584+0000] {processor.py:183} INFO - Processing /opt/airflow/dags/main.py took 0.071 seconds
[2026-07-30T19:39:23.680+0000] {processor.py:161} INFO - Started process (PID=372) to work on /opt/airflow/dags/main.py
[2026-07-30T19:39:23.681+0000] {processor.py:830} INFO - Processing file /opt/airflow/dags/main.py for tasks to queue
[2026-07-30T19:39:23.682+0000] {logging_mixin.py:188} INFO - [2026-07-30T19:39:23.682+0000] {dagbag.py:545} INFO - Filling up the DagBag from /opt/airflow/dags/main.py
[2026-07-30T19:39:23.698+0000] {processor.py:840} INFO - DAG(s) 'produce_json' retrieved from /opt/airflow/dags/main.py
[2026-07-30T19:39:23.719+0000] {logging_mixin.py:188} INFO - [2026-07-30T19:39:23.719+0000] {dag.py:3096} INFO - Sync 1 DAGs
[2026-07-30T19:39:23.733+0000] {logging_mixin.py:188} INFO - [2026-07-30T19:39:23.733+0000] {dag.py:3954} INFO - Setting next_dagrun for produce_json to 2026-07-30 18:00:00+00:00, run_after=2026-07-31 18:00:00+00:00
[2026-07-30T19:39:23.745+0000] {processor.py:183} INFO - Processing /opt/airflow/dags/main.py took 0.071 seconds
[2026-07-30T19:39:53.767+0000] {processor.py:161} INFO - Started process (PID=379) to work on /opt/airflow/dags/main.py
[2026-07-30T19:39:53.767+0000] {processor.py:830} INFO - Processing file /opt/airflow/dags/main.py for tasks to queue
[2026-07-30T19:39:53.768+0000] {logging_mixin.py:188} INFO - [2026-07-30T19:39:53.768+0000] {dagbag.py:545} INFO - Filling up the DagBag from /opt/airflow/dags/main.py
[2026-07-30T19:39:53.788+0000] {processor.py:840} INFO - DAG(s) 'produce_json' retrieved from /opt/airflow/dags/main.py
[2026-07-30T19:39:53.811+0000] {logging_mixin.py:188} INFO - [2026-07-30T19:39:53.811+0000] {dag.py:3096} INFO - Sync 1 DAGs
[2026-07-30T19:39:53.826+0000] {logging_mixin.py:188} INFO - [2026-07-30T19:39:53.826+0000] {dag.py:3954} INFO - Setting next_dagrun for produce_json to 2026-07-30 18:00:00+00:00, run_after=2026-07-31 18:00:00+00:00
[2026-07-30T19:39:53.840+0000] {processor.py:183} INFO - Processing /opt/airflow/dags/main.py took 0.078 seconds
[2026-07-30T19:40:23.896+0000] {processor.py:161} INFO - Started process (PID=386) to work on /opt/airflow/dags/main.py
[2026-07-30T19:40:23.897+0000] {processor.py:830} INFO - Processing file /opt/airflow/dags/main.py for tasks to queue
[2026-07-30T19:40:23.898+0000] {logging_mixin.py:188} INFO - [2026-07-30T19:40:23.898+0000] {dagbag.py:545} INFO - Filling up the DagBag from /opt/airflow/dags/main.py
[2026-07-30T19:40:23.913+0000] {processor.py:840} INFO - DAG(s) 'produce_json' retrieved from /opt/airflow/dags/main.py
[2026-07-30T19:40:23.932+0000] {logging_mixin.py:188} INFO - [2026-07-30T19:40:23.932+0000] {dag.py:3096} INFO - Sync 1 DAGs
[2026-07-30T19:40:23.945+0000] {logging_mixin.py:188} INFO - [2026-07-30T19:40:23.945+0000] {dag.py:3954} INFO - Setting next_dagrun for produce_json to 2026-07-30 18:00:00+00:00, run_after=2026-07-31 18:00:00+00:00
[2026-07-30T19:40:23.958+0000] {processor.py:183} INFO - Processing /opt/airflow/dags/main.py took 0.065 seconds
[2026-07-30T19:40:53.986+0000] {processor.py:161} INFO - Started process (PID=394) to work on /opt/airflow/dags/main.py
[2026-07-30T19:40:53.989+0000] {processor.py:830} INFO - Processing file /opt/airflow/dags/main.py for tasks to queue
[2026-07-30T19:40:53.990+0000] {logging_mixin.py:188} INFO - [2026-07-30T19:40:53.990+0000] {dagbag.py:545} INFO - Filling up the DagBag from /opt/airflow/dags/main.py
[2026-07-30T19:40:54.007+0000] {processor.py:840} INFO - DAG(s) 'produce_json' retrieved from /opt/airflow/dags/main.py
[2026-07-30T19:40:54.029+0000] {logging_mixin.py:188} INFO - [2026-07-30T19:40:54.028+0000] {dag.py:3096} INFO - Sync 1 DAGs
[2026-07-30T19:40:54.044+0000] {logging_mixin.py:188} INFO - [2026-07-30T19:40:54.044+0000] {dag.py:3954} INFO - Setting next_dagrun for produce_json to 2026-07-30 18:00:00+00:00, run_after=2026-07-31 18:00:00+00:00
[2026-07-30T19:40:54.057+0000] {processor.py:183} INFO - Processing /opt/airflow/dags/main.py took 0.075 seconds
[2026-07-30T19:41:24.116+0000] {processor.py:161} INFO - Started process (PID=401) to work on /opt/airflow/dags/main.py
[2026-07-30T19:41:24.117+0000] {processor.py:830} INFO - Processing file /opt/airflow/dags/main.py for tasks to queue
[2026-07-30T19:41:24.118+0000] {logging_mixin.py:188} INFO - [2026-07-30T19:41:24.117+0000] {dagbag.py:545} INFO - Filling up the DagBag from /opt/airflow/dags/main.py
[2026-07-30T19:41:24.134+0000] {processor.py:840} INFO - DAG(s) 'produce_json' retrieved from /opt/airflow/dags/main.py
[2026-07-30T19:41:24.154+0000] {logging_mixin.py:188} INFO - [2026-07-30T19:41:24.153+0000] {dag.py:3096} INFO - Sync 1 DAGs
[2026-07-30T19:41:24.167+0000] {logging_mixin.py:188} INFO - [2026-07-30T19:41:24.167+0000] {dag.py:3954} INFO - Setting next_dagrun for produce_json to 2026-07-30 18:00:00+00:00, run_after=2026-07-31 18:00:00+00:00
[2026-07-30T19:41:24.179+0000] {processor.py:183} INFO - Processing /opt/airflow/dags/main.py took 0.067 seconds
[2026-07-30T19:41:54.205+0000] {processor.py:161} INFO - Started process (PID=408) to work on /opt/airflow/dags/main.py
[2026-07-30T19:41:54.207+0000] {processor.py:830} INFO - Processing file /opt/airflow/dags/main.py for tasks to queue
[2026-07-30T19:41:54.209+0000] {logging_mixin.py:188} INFO - [2026-07-30T19:41:54.208+0000] {dagbag.py:545} INFO - Filling up the DagBag from /opt/airflow/dags/main.py
[2026-07-30T19:41:54.226+0000] {processor.py:840} INFO - DAG(s) 'produce_json' retrieved from /opt/airflow/dags/main.py
[2026-07-30T19:41:54.249+0000] {logging_mixin.py:188} INFO - [2026-07-30T19:41:54.249+0000] {dag.py:3096} INFO - Sync 1 DAGs
[2026-07-30T19:41:54.264+0000] {logging_mixin.py:188} INFO - [2026-07-30T19:41:54.264+0000] {dag.py:3954} INFO - Setting next_dagrun for produce_json to 2026-07-30 18:00:00+00:00, run_after=2026-07-31 18:00:00+00:00
[2026-07-30T19:41:54.278+0000] {processor.py:183} INFO - Processing /opt/airflow/dags/main.py took 0.077 seconds
[2026-07-30T19:42:24.315+0000] {processor.py:161} INFO - Started process (PID=415) to work on /opt/airflow/dags/main.py
[2026-07-30T19:42:24.316+0000] {processor.py:830} INFO - Processing file /opt/airflow/dags/main.py for tasks to queue
[2026-07-30T19:42:24.317+0000] {logging_mixin.py:188} INFO - [2026-07-30T19:42:24.317+0000] {dagbag.py:545} INFO - Filling up the DagBag from /opt/airflow/dags/main.py
[2026-07-30T19:42:24.334+0000] {processor.py:840} INFO - DAG(s) 'produce_json' retrieved from /opt/airflow/dags/main.py
[2026-07-30T19:42:24.355+0000] {logging_mixin.py:188} INFO - [2026-07-30T19:42:24.355+0000] {dag.py:3096} INFO - Sync 1 DAGs
[2026-07-30T19:42:24.374+0000] {logging_mixin.py:188} INFO - [2026-07-30T19:42:24.373+0000] {dag.py:3954} INFO - Setting next_dagrun for produce_json to 2026-07-30 18:00:00+00:00, run_after=2026-07-31 18:00:00+00:00
[2026-07-30T19:42:24.387+0000] {processor.py:183} INFO - Processing /opt/airflow/dags/main.py took 0.076 seconds
[2026-07-30T19:42:54.415+0000] {processor.py:161} INFO - Started process (PID=422) to work on /opt/airflow/dags/main.py
[2026-07-30T19:42:54.416+0000] {processor.py:830} INFO - Processing file /opt/airflow/dags/main.py for tasks to queue
[2026-07-30T19:42:54.418+0000] {logging_mixin.py:188} INFO - [2026-07-30T19:42:54.417+0000] {dagbag.py:545} INFO - Filling up the DagBag from /opt/airflow/dags/main.py
[2026-07-30T19:42:54.439+0000] {processor.py:840} INFO - DAG(s) 'produce_json' retrieved from /opt/airflow/dags/main.py
[2026-07-30T19:42:54.459+0000] {logging_mixin.py:188} INFO - [2026-07-30T19:42:54.459+0000] {dag.py:3096} INFO - Sync 1 DAGs
[2026-07-30T19:42:54.473+0000] {logging_mixin.py:188} INFO - [2026-07-30T19:42:54.473+0000] {dag.py:3954} INFO - Setting next_dagrun for produce_json to 2026-07-30 18:00:00+00:00, run_after=2026-07-31 18:00:00+00:00
[2026-07-30T19:42:54.486+0000] {processor.py:183} INFO - Processing /opt/airflow/dags/main.py took 0.076 seconds
[2026-07-30T19:43:24.527+0000] {processor.py:161} INFO - Started process (PID=429) to work on /opt/airflow/dags/main.py
[2026-07-30T19:43:24.527+0000] {processor.py:830} INFO - Processing file /opt/airflow/dags/main.py for tasks to queue
[2026-07-30T19:43:24.528+0000] {logging_mixin.py:188} INFO - [2026-07-30T19:43:24.528+0000] {dagbag.py:545} INFO - Filling up the DagBag from /opt/airflow/dags/main.py
[2026-07-30T19:43:24.547+0000] {processor.py:840} INFO - DAG(s) 'produce_json' retrieved from /opt/airflow/dags/main.py
[2026-07-30T19:43:24.567+0000] {logging_mixin.py:188} INFO - [2026-07-30T19:43:24.567+0000] {dag.py:3096} INFO - Sync 1 DAGs
[2026-07-30T19:43:24.583+0000] {logging_mixin.py:188} INFO - [2026-07-30T19:43:24.583+0000] {dag.py:3954} INFO - Setting next_dagrun for produce_json to 2026-07-30 18:00:00+00:00, run_after=2026-07-31 18:00:00+00:00
[2026-07-30T19:43:24.597+0000] {processor.py:183} INFO - Processing /opt/airflow/dags/main.py took 0.074 seconds
[2026-07-30T19:43:54.622+0000] {processor.py:161} INFO - Started process (PID=436) to work on /opt/airflow/dags/main.py
[2026-07-30T19:43:54.623+0000] {processor.py:830} INFO - Processing file /opt/airflow/dags/main.py for tasks to queue
[2026-07-30T19:43:54.625+0000] {logging_mixin.py:188} INFO - [2026-07-30T19:43:54.624+0000] {dagbag.py:545} INFO - Filling up the DagBag from /opt/airflow/dags/main.py
[2026-07-30T19:43:54.647+0000] {processor.py:840} INFO - DAG(s) 'produce_json' retrieved from /opt/airflow/dags/main.py
[2026-07-30T19:43:54.667+0000] {logging_mixin.py:188} INFO - [2026-07-30T19:43:54.666+0000] {dag.py:3096} INFO - Sync 1 DAGs
[2026-07-30T19:43:54.682+0000] {logging_mixin.py:188} INFO - [2026-07-30T19:43:54.682+0000] {dag.py:3954} INFO - Setting next_dagrun for produce_json to 2026-07-30 18:00:00+00:00, run_after=2026-07-31 18:00:00+00:00
[2026-07-30T19:43:54.697+0000] {processor.py:183} INFO - Processing /opt/airflow/dags/main.py took 0.081 seconds
[2026-07-30T19:44:24.748+0000] {processor.py:161} INFO - Started process (PID=443) to work on /opt/airflow/dags/main.py
[2026-07-30T19:44:24.748+0000] {processor.py:830} INFO - Processing file /opt/airflow/dags/main.py for tasks to queue
[2026-07-30T19:44:24.750+0000] {logging_mixin.py:188} INFO - [2026-07-30T19:44:24.749+0000] {dagbag.py:545} INFO - Filling up the DagBag from /opt/airflow/dags/main.py
[2026-07-30T19:44:24.766+0000] {processor.py:840} INFO - DAG(s) 'produce_json' retrieved from /opt/airflow/dags/main.py
[2026-07-30T19:44:24.784+0000] {logging_mixin.py:188} INFO - [2026-07-30T19:44:24.784+0000] {dag.py:3096} INFO - Sync 1 DAGs
[2026-07-30T19:44:24.801+0000] {logging_mixin.py:188} INFO - [2026-07-30T19:44:24.801+0000] {dag.py:3954} INFO - Setting next_dagrun for produce_json to 2026-07-30 18:00:00+00:00, run_after=2026-07-31 18:00:00+00:00
[2026-07-30T19:44:24.812+0000] {processor.py:183} INFO - Processing /opt/airflow/dags/main.py took 0.068 seconds
[2026-07-30T19:44:54.841+0000] {processor.py:161} INFO - Started process (PID=450) to work on /opt/airflow/dags/main.py
[2026-07-30T19:44:54.843+0000] {processor.py:830} INFO - Processing file /opt/airflow/dags/main.py for tasks to queue
[2026-07-30T19:44:54.846+0000] {logging_mixin.py:188} INFO - [2026-07-30T19:44:54.845+0000] {dagbag.py:545} INFO - Filling up the DagBag from /opt/airflow/dags/main.py
[2026-07-30T19:44:54.875+0000] {processor.py:840} INFO - DAG(s) 'produce_json' retrieved from /opt/airflow/dags/main.py
[2026-07-30T19:44:54.898+0000] {logging_mixin.py:188} INFO - [2026-07-30T19:44:54.898+0000] {dag.py:3096} INFO - Sync 1 DAGs
[2026-07-30T19:44:54.914+0000] {logging_mixin.py:188} INFO - [2026-07-30T19:44:54.914+0000] {dag.py:3954} INFO - Setting next_dagrun for produce_json to 2026-07-30 18:00:00+00:00, run_after=2026-07-31 18:00:00+00:00
[2026-07-30T19:44:54.928+0000] {processor.py:183} INFO - Processing /opt/airflow/dags/main.py took 0.092 seconds
[2026-07-30T19:45:24.964+0000] {processor.py:161} INFO - Started process (PID=457) to work on /opt/airflow/dags/main.py
[2026-07-30T19:45:24.965+0000] {processor.py:830} INFO - Processing file /opt/airflow/dags/main.py for tasks to queue
[2026-07-30T19:45:24.967+0000] {logging_mixin.py:188} INFO - [2026-07-30T19:45:24.966+0000] {dagbag.py:545} INFO - Filling up the DagBag from /opt/airflow/dags/main.py
[2026-07-30T19:45:24.985+0000] {processor.py:840} INFO - DAG(s) 'produce_json' retrieved from /opt/airflow/dags/main.py
[2026-07-30T19:45:25.008+0000] {logging_mixin.py:188} INFO - [2026-07-30T19:45:25.007+0000] {dag.py:3096} INFO - Sync 1 DAGs
[2026-07-30T19:45:25.022+0000] {logging_mixin.py:188} INFO - [2026-07-30T19:45:25.022+0000] {dag.py:3954} INFO - Setting next_dagrun for produce_json to 2026-07-30 18:00:00+00:00, run_after=2026-07-31 18:00:00+00:00
[2026-07-30T19:45:25.035+0000] {processor.py:183} INFO - Processing /opt/airflow/dags/main.py took 0.076 seconds
[2026-07-30T19:45:55.068+0000] {processor.py:161} INFO - Started process (PID=464) to work on /opt/airflow/dags/main.py
[2026-07-30T19:45:55.070+0000] {processor.py:830} INFO - Processing file /opt/airflow/dags/main.py for tasks to queue
[2026-07-30T19:45:55.072+0000] {logging_mixin.py:188} INFO - [2026-07-30T19:45:55.072+0000] {dagbag.py:545} INFO - Filling up the DagBag from /opt/airflow/dags/main.py
[2026-07-30T19:45:55.093+0000] {processor.py:840} INFO - DAG(s) 'produce_json' retrieved from /opt/airflow/dags/main.py
[2026-07-30T19:45:55.115+0000] {logging_mixin.py:188} INFO - [2026-07-30T19:45:55.115+0000] {dag.py:3096} INFO - Sync 1 DAGs
[2026-07-30T19:45:55.139+0000] {logging_mixin.py:188} INFO - [2026-07-30T19:45:55.139+0000] {dag.py:3954} INFO - Setting next_dagrun for produce_json to 2026-07-30 18:00:00+00:00, run_after=2026-07-31 18:00:00+00:00
[2026-07-30T19:45:55.154+0000] {processor.py:183} INFO - Processing /opt/airflow/dags/main.py took 0.091 seconds
[2026-07-30T19:46:25.171+0000] {processor.py:161} INFO - Started process (PID=471) to work on /opt/airflow/dags/main.py
[2026-07-30T19:46:25.171+0000] {processor.py:830} INFO - Processing file /opt/airflow/dags/main.py for tasks to queue
[2026-07-30T19:46:25.172+0000] {logging_mixin.py:188} INFO - [2026-07-30T19:46:25.172+0000] {dagbag.py:545} INFO - Filling up the DagBag from /opt/airflow/dags/main.py
[2026-07-30T19:46:25.192+0000] {processor.py:840} INFO - DAG(s) 'produce_json' retrieved from /opt/airflow/dags/main.py
[2026-07-30T19:46:25.215+0000] {logging_mixin.py:188} INFO - [2026-07-30T19:46:25.214+0000] {dag.py:3096} INFO - Sync 1 DAGs
[2026-07-30T19:46:25.233+0000] {logging_mixin.py:188} INFO - [2026-07-30T19:46:25.233+0000] {dag.py:3954} INFO - Setting next_dagrun for produce_json to 2026-07-30 18:00:00+00:00, run_after=2026-07-31 18:00:00+00:00
[2026-07-30T19:46:25.246+0000] {processor.py:183} INFO - Processing /opt/airflow/dags/main.py took 0.080 seconds
[2026-07-30T19:46:55.331+0000] {processor.py:161} INFO - Started process (PID=478) to work on /opt/airflow/dags/main.py
[2026-07-30T19:46:55.332+0000] {processor.py:830} INFO - Processing file /opt/airflow/dags/main.py for tasks to queue
[2026-07-30T19:46:55.334+0000] {logging_mixin.py:188} INFO - [2026-07-30T19:46:55.333+0000] {dagbag.py:545} INFO - Filling up the DagBag from /opt/airflow/dags/main.py
[2026-07-30T19:46:55.351+0000] {processor.py:840} INFO - DAG(s) 'produce_json' retrieved from /opt/airflow/dags/main.py
[2026-07-30T19:46:55.373+0000] {logging_mixin.py:188} INFO - [2026-07-30T19:46:55.373+0000] {dag.py:3096} INFO - Sync 1 DAGs
[2026-07-30T19:46:55.388+0000] {logging_mixin.py:188} INFO - [2026-07-30T19:46:55.388+0000] {dag.py:3954} INFO - Setting next_dagrun for produce_json to 2026-07-30 18:00:00+00:00, run_after=2026-07-31 18:00:00+00:00
[2026-07-30T19:46:55.401+0000] {processor.py:183} INFO - Processing /opt/airflow/dags/main.py took 0.075 seconds
[2026-07-30T19:47:25.438+0000] {processor.py:161} INFO - Started process (PID=485) to work on /opt/airflow/dags/main.py
[2026-07-30T19:47:25.438+0000] {processor.py:830} INFO - Processing file /opt/airflow/dags/main.py for tasks to queue
[2026-07-30T19:47:25.439+0000] {logging_mixin.py:188} INFO - [2026-07-30T19:47:25.439+0000] {dagbag.py:545} INFO - Filling up the DagBag from /opt/airflow/dags/main.py
[2026-07-30T19:47:25.456+0000] {processor.py:840} INFO - DAG(s) 'produce_json' retrieved from /opt/airflow/dags/main.py
[2026-07-30T19:47:25.477+0000] {logging_mixin.py:188} INFO - [2026-07-30T19:47:25.476+0000] {dag.py:3096} INFO - Sync 1 DAGs
[2026-07-30T19:47:25.496+0000] {logging_mixin.py:188} INFO - [2026-07-30T19:47:25.496+0000] {dag.py:3954} INFO - Setting next_dagrun for produce_json to 2026-07-30 18:00:00+00:00, run_after=2026-07-31 18:00:00+00:00
[2026-07-30T19:47:25.509+0000] {processor.py:183} INFO - Processing /opt/airflow/dags/main.py took 0.076 seconds
[2026-07-30T19:47:55.569+0000] {processor.py:161} INFO - Started process (PID=492) to work on /opt/airflow/dags/main.py
[2026-07-30T19:47:55.570+0000] {processor.py:830} INFO - Processing file /opt/airflow/dags/main.py for tasks to queue
[2026-07-30T19:47:55.572+0000] {logging_mixin.py:188} INFO - [2026-07-30T19:47:55.571+0000] {dagbag.py:545} INFO - Filling up the DagBag from /opt/airflow/dags/main.py
[2026-07-30T19:47:55.588+0000] {processor.py:840} INFO - DAG(s) 'produce_json' retrieved from /opt/airflow/dags/main.py
[2026-07-30T19:47:55.609+0000] {logging_mixin.py:188} INFO - [2026-07-30T19:47:55.609+0000] {dag.py:3096} INFO - Sync 1 DAGs
[2026-07-30T19:47:55.625+0000] {logging_mixin.py:188} INFO - [2026-07-30T19:47:55.625+0000] {dag.py:3954} INFO - Setting next_dagrun for produce_json to 2026-07-30 18:00:00+00:00, run_after=2026-07-31 18:00:00+00:00
[2026-07-30T19:47:55.636+0000] {processor.py:183} INFO - Processing /opt/airflow/dags/main.py took 0.072 seconds
[2026-07-30T19:48:25.682+0000] {processor.py:161} INFO - Started process (PID=499) to work on /opt/airflow/dags/main.py
[2026-07-30T19:48:25.682+0000] {processor.py:830} INFO - Processing file /opt/airflow/dags/main.py for tasks to queue
[2026-07-30T19:48:25.683+0000] {logging_mixin.py:188} INFO - [2026-07-30T19:48:25.683+0000] {dagbag.py:545} INFO - Filling up the DagBag from /opt/airflow/dags/main.py
[2026-07-30T19:48:25.702+0000] {processor.py:840} INFO - DAG(s) 'produce_json' retrieved from /opt/airflow/dags/main.py
[2026-07-30T19:48:25.723+0000] {logging_mixin.py:188} INFO - [2026-07-30T19:48:25.723+0000] {dag.py:3096} INFO - Sync 1 DAGs
[2026-07-30T19:48:25.737+0000] {logging_mixin.py:188} INFO - [2026-07-30T19:48:25.737+0000] {dag.py:3954} INFO - Setting next_dagrun for produce_json to 2026-07-30 18:00:00+00:00, run_after=2026-07-31 18:00:00+00:00
[2026-07-30T19:48:25.753+0000] {processor.py:183} INFO - Processing /opt/airflow/dags/main.py took 0.076 seconds
[2026-07-30T19:48:55.806+0000] {processor.py:161} INFO - Started process (PID=506) to work on /opt/airflow/dags/main.py
[2026-07-30T19:48:55.808+0000] {processor.py:830} INFO - Processing file /opt/airflow/dags/main.py for tasks to queue
[2026-07-30T19:48:55.810+0000] {logging_mixin.py:188} INFO - [2026-07-30T19:48:55.810+0000] {dagbag.py:545} INFO - Filling up the DagBag from /opt/airflow/dags/main.py
[2026-07-30T19:48:55.829+0000] {processor.py:840} INFO - DAG(s) 'produce_json' retrieved from /opt/airflow/dags/main.py
[2026-07-30T19:48:55.855+0000] {logging_mixin.py:188} INFO - [2026-07-30T19:48:55.855+0000] {dag.py:3096} INFO - Sync 1 DAGs
[2026-07-30T19:48:55.870+0000] {logging_mixin.py:188} INFO - [2026-07-30T19:48:55.870+0000] {dag.py:3954} INFO - Setting next_dagrun for produce_json to 2026-07-30 18:00:00+00:00, run_after=2026-07-31 18:00:00+00:00
[2026-07-30T19:48:55.884+0000] {processor.py:183} INFO - Processing /opt/airflow/dags/main.py took 0.086 seconds
[2026-07-30T19:49:25.958+0000] {processor.py:161} INFO - Started process (PID=513) to work on /opt/airflow/dags/main.py
[2026-07-30T19:49:25.959+0000] {processor.py:830} INFO - Processing file /opt/airflow/dags/main.py for tasks to queue
[2026-07-30T19:49:25.961+0000] {logging_mixin.py:188} INFO - [2026-07-30T19:49:25.960+0000] {dagbag.py:545} INFO - Filling up the DagBag from /opt/airflow/dags/main.py
[2026-07-30T19:49:25.978+0000] {processor.py:840} INFO - DAG(s) 'produce_json' retrieved from /opt/airflow/dags/main.py
[2026-07-30T19:49:25.998+0000] {logging_mixin.py:188} INFO - [2026-07-30T19:49:25.998+0000] {dag.py:3096} INFO - Sync 1 DAGs
[2026-07-30T19:49:26.012+0000] {logging_mixin.py:188} INFO - [2026-07-30T19:49:26.012+0000] {dag.py:3954} INFO - Setting next_dagrun for produce_json to 2026-07-30 18:00:00+00:00, run_after=2026-07-31 18:00:00+00:00
[2026-07-30T19:49:26.024+0000] {processor.py:183} INFO - Processing /opt/airflow/dags/main.py took 0.071 seconds
[2026-07-30T19:49:56.086+0000] {processor.py:161} INFO - Started process (PID=520) to work on /opt/airflow/dags/main.py
[2026-07-30T19:49:56.088+0000] {processor.py:830} INFO - Processing file /opt/airflow/dags/main.py for tasks to queue
[2026-07-30T19:49:56.089+0000] {logging_mixin.py:188} INFO - [2026-07-30T19:49:56.089+0000] {dagbag.py:545} INFO - Filling up the DagBag from /opt/airflow/dags/main.py
[2026-07-30T19:49:56.111+0000] {processor.py:840} INFO - DAG(s) 'produce_json' retrieved from /opt/airflow/dags/main.py
[2026-07-30T19:49:56.133+0000] {logging_mixin.py:188} INFO - [2026-07-30T19:49:56.132+0000] {dag.py:3096} INFO - Sync 1 DAGs
[2026-07-30T19:49:56.147+0000] {logging_mixin.py:188} INFO - [2026-07-30T19:49:56.147+0000] {dag.py:3954} INFO - Setting next_dagrun for produce_json to 2026-07-30 18:00:00+00:00, run_after=2026-07-31 18:00:00+00:00
[2026-07-30T19:49:56.161+0000] {processor.py:183} INFO - Processing /opt/airflow/dags/main.py took 0.080 seconds
[2026-07-30T19:50:26.221+0000] {processor.py:161} INFO - Started process (PID=527) to work on /opt/airflow/dags/main.py
[2026-07-30T19:50:26.222+0000] {processor.py:830} INFO - Processing file /opt/airflow/dags/main.py for tasks to queue
[2026-07-30T19:50:26.223+0000] {logging_mixin.py:188} INFO - [2026-07-30T19:50:26.223+0000] {dagbag.py:545} INFO - Filling up the DagBag from /opt/airflow/dags/main.py
[2026-07-30T19:50:26.244+0000] {processor.py:840} INFO - DAG(s) 'produce_json' retrieved from /opt/airflow/dags/main.py
[2026-07-30T19:50:26.265+0000] {logging_mixin.py:188} INFO - [2026-07-30T19:50:26.265+0000] {dag.py:3096} INFO - Sync 1 DAGs
[2026-07-30T19:50:26.283+0000] {logging_mixin.py:188} INFO - [2026-07-30T19:50:26.283+0000] {dag.py:3954} INFO - Setting next_dagrun for produce_json to 2026-07-30 18:00:00+00:00, run_after=2026-07-31 18:00:00+00:00
[2026-07-30T19:50:26.295+0000] {processor.py:183} INFO - Processing /opt/airflow/dags/main.py took 0.078 seconds
[2026-07-30T19:50:56.356+0000] {processor.py:161} INFO - Started process (PID=534) to work on /opt/airflow/dags/main.py
[2026-07-30T19:50:56.358+0000] {processor.py:830} INFO - Processing file /opt/airflow/dags/main.py for tasks to queue
[2026-07-30T19:50:56.359+0000] {logging_mixin.py:188} INFO - [2026-07-30T19:50:56.359+0000] {dagbag.py:545} INFO - Filling up the DagBag from /opt/airflow/dags/main.py
[2026-07-30T19:50:56.379+0000] {processor.py:840} INFO - DAG(s) 'produce_json' retrieved from /opt/airflow/dags/main.py
[2026-07-30T19:50:56.399+0000] {logging_mixin.py:188} INFO - [2026-07-30T19:50:56.399+0000] {dag.py:3096} INFO - Sync 1 DAGs
[2026-07-30T19:50:56.418+0000] {logging_mixin.py:188} INFO - [2026-07-30T19:50:56.417+0000] {dag.py:3954} INFO - Setting next_dagrun for produce_json to 2026-07-30 18:00:00+00:00, run_after=2026-07-31 18:00:00+00:00
[2026-07-30T19:50:56.433+0000] {processor.py:183} INFO - Processing /opt/airflow/dags/main.py took 0.082 seconds
[2026-07-30T19:51:26.490+0000] {processor.py:161} INFO - Started process (PID=541) to work on /opt/airflow/dags/main.py
[2026-07-30T19:51:26.490+0000] {processor.py:830} INFO - Processing file /opt/airflow/dags/main.py for tasks to queue
[2026-07-30T19:51:26.491+0000] {logging_mixin.py:188} INFO - [2026-07-30T19:51:26.491+0000] {dagbag.py:545} INFO - Filling up the DagBag from /opt/airflow/dags/main.py
[2026-07-30T19:51:26.508+0000] {processor.py:840} INFO - DAG(s) 'produce_json' retrieved from /opt/airflow/dags/main.py
[2026-07-30T19:51:26.526+0000] {logging_mixin.py:188} INFO - [2026-07-30T19:51:26.526+0000] {dag.py:3096} INFO - Sync 1 DAGs
[2026-07-30T19:51:26.538+0000] {logging_mixin.py:188} INFO - [2026-07-30T19:51:26.538+0000] {dag.py:3954} INFO - Setting next_dagrun for produce_json to 2026-07-30 18:00:00+00:00, run_after=2026-07-31 18:00:00+00:00
[2026-07-30T19:51:26.550+0000] {processor.py:183} INFO - Processing /opt/airflow/dags/main.py took 0.069 seconds
[2026-07-30T19:51:56.688+0000] {processor.py:161} INFO - Started process (PID=549) to work on /opt/airflow/dags/main.py
[2026-07-30T19:51:56.690+0000] {processor.py:830} INFO - Processing file /opt/airflow/dags/main.py for tasks to queue
[2026-07-30T19:51:56.691+0000] {logging_mixin.py:188} INFO - [2026-07-30T19:51:56.691+0000] {dagbag.py:545} INFO - Filling up the DagBag from /opt/airflow/dags/main.py
[2026-07-30T19:51:56.708+0000] {processor.py:840} INFO - DAG(s) 'produce_json' retrieved from /opt/airflow/dags/main.py
[2026-07-30T19:51:56.729+0000] {logging_mixin.py:188} INFO - [2026-07-30T19:51:56.729+0000] {dag.py:3096} INFO - Sync 1 DAGs
[2026-07-30T19:51:56.744+0000] {logging_mixin.py:188} INFO - [2026-07-30T19:51:56.744+0000] {dag.py:3954} INFO - Setting next_dagrun for produce_json to 2026-07-30 18:00:00+00:00, run_after=2026-07-31 18:00:00+00:00
[2026-07-30T19:51:56.756+0000] {processor.py:183} INFO - Processing /opt/airflow/dags/main.py took 0.079 seconds
[2026-07-30T19:52:26.851+0000] {processor.py:161} INFO - Started process (PID=557) to work on /opt/airflow/dags/main.py
[2026-07-30T19:52:26.852+0000] {processor.py:830} INFO - Processing file /opt/airflow/dags/main.py for tasks to queue
[2026-07-30T19:52:26.854+0000] {logging_mixin.py:188} INFO - [2026-07-30T19:52:26.854+0000] {dagbag.py:545} INFO - Filling up the DagBag from /opt/airflow/dags/main.py
[2026-07-30T19:52:26.872+0000] {processor.py:840} INFO - DAG(s) 'produce_json' retrieved from /opt/airflow/dags/main.py
[2026-07-30T19:52:26.892+0000] {logging_mixin.py:188} INFO - [2026-07-30T19:52:26.892+0000] {dag.py:3096} INFO - Sync 1 DAGs
[2026-07-30T19:52:26.906+0000] {logging_mixin.py:188} INFO - [2026-07-30T19:52:26.906+0000] {dag.py:3954} INFO - Setting next_dagrun for produce_json to 2026-07-30 18:00:00+00:00, run_after=2026-07-31 18:00:00+00:00
[2026-07-30T19:52:26.918+0000] {processor.py:183} INFO - Processing /opt/airflow/dags/main.py took 0.077 seconds
[2026-07-30T19:52:57.001+0000] {processor.py:161} INFO - Started process (PID=563) to work on /opt/airflow/dags/main.py
[2026-07-30T19:52:57.003+0000] {processor.py:830} INFO - Processing file /opt/airflow/dags/main.py for tasks to queue
[2026-07-30T19:52:57.004+0000] {logging_mixin.py:188} INFO - [2026-07-30T19:52:57.004+0000] {dagbag.py:545} INFO - Filling up the DagBag from /opt/airflow/dags/main.py
[2026-07-30T19:52:57.022+0000] {processor.py:840} INFO - DAG(s) 'produce_json' retrieved from /opt/airflow/dags/main.py
[2026-07-30T19:52:57.043+0000] {logging_mixin.py:188} INFO - [2026-07-30T19:52:57.043+0000] {dag.py:3096} INFO - Sync 1 DAGs
[2026-07-30T19:52:57.057+0000] {logging_mixin.py:188} INFO - [2026-07-30T19:52:57.057+0000] {dag.py:3954} INFO - Setting next_dagrun for produce_json to 2026-07-30 18:00:00+00:00, run_after=2026-07-31 18:00:00+00:00
[2026-07-30T19:52:57.070+0000] {processor.py:183} INFO - Processing /opt/airflow/dags/main.py took 0.074 seconds
[2026-07-30T19:53:27.185+0000] {processor.py:161} INFO - Started process (PID=570) to work on /opt/airflow/dags/main.py
[2026-07-30T19:53:27.185+0000] {processor.py:830} INFO - Processing file /opt/airflow/dags/main.py for tasks to queue
[2026-07-30T19:53:27.187+0000] {logging_mixin.py:188} INFO - [2026-07-30T19:53:27.186+0000] {dagbag.py:545} INFO - Filling up the DagBag from /opt/airflow/dags/main.py
[2026-07-30T19:53:27.202+0000] {processor.py:840} INFO - DAG(s) 'produce_json' retrieved from /opt/airflow/dags/main.py
[2026-07-30T19:53:27.227+0000] {logging_mixin.py:188} INFO - [2026-07-30T19:53:27.226+0000] {dag.py:3096} INFO - Sync 1 DAGs
[2026-07-30T19:53:27.240+0000] {logging_mixin.py:188} INFO - [2026-07-30T19:53:27.240+0000] {dag.py:3954} INFO - Setting next_dagrun for produce_json to 2026-07-30 18:00:00+00:00, run_after=2026-07-31 18:00:00+00:00
[2026-07-30T19:53:27.252+0000] {processor.py:183} INFO - Processing /opt/airflow/dags/main.py took 0.072 seconds
[2026-07-30T19:53:57.305+0000] {processor.py:161} INFO - Started process (PID=577) to work on /opt/airflow/dags/main.py
[2026-07-30T19:53:57.307+0000] {processor.py:830} INFO - Processing file /opt/airflow/dags/main.py for tasks to queue
[2026-07-30T19:53:57.309+0000] {logging_mixin.py:188} INFO - [2026-07-30T19:53:57.309+0000] {dagbag.py:545} INFO - Filling up the DagBag from /opt/airflow/dags/main.py
[2026-07-30T19:53:57.329+0000] {processor.py:840} INFO - DAG(s) 'produce_json' retrieved from /opt/airflow/dags/main.py
[2026-07-30T19:53:57.347+0000] {logging_mixin.py:188} INFO - [2026-07-30T19:53:57.346+0000] {dag.py:3096} INFO - Sync 1 DAGs
[2026-07-30T19:53:57.361+0000] {logging_mixin.py:188} INFO - [2026-07-30T19:53:57.360+0000] {dag.py:3954} INFO - Setting next_dagrun for produce_json to 2026-07-30 18:00:00+00:00, run_after=2026-07-31 18:00:00+00:00
[2026-07-30T19:53:57.378+0000] {processor.py:183} INFO - Processing /opt/airflow/dags/main.py took 0.077 seconds
[2026-07-30T19:54:27.445+0000] {processor.py:161} INFO - Started process (PID=584) to work on /opt/airflow/dags/main.py
[2026-07-30T19:54:27.446+0000] {processor.py:830} INFO - Processing file /opt/airflow/dags/main.py for tasks to queue
[2026-07-30T19:54:27.447+0000] {logging_mixin.py:188} INFO - [2026-07-30T19:54:27.447+0000] {dagbag.py:545} INFO - Filling up the DagBag from /opt/airflow/dags/main.py
[2026-07-30T19:54:27.465+0000] {processor.py:840} INFO - DAG(s) 'produce_json' retrieved from /opt/airflow/dags/main.py
[2026-07-30T19:54:27.483+0000] {logging_mixin.py:188} INFO - [2026-07-30T19:54:27.483+0000] {dag.py:3096} INFO - Sync 1 DAGs
[2026-07-30T19:54:27.501+0000] {logging_mixin.py:188} INFO - [2026-07-30T19:54:27.501+0000] {dag.py:3954} INFO - Setting next_dagrun for produce_json to 2026-07-30 18:00:00+00:00, run_after=2026-07-31 18:00:00+00:00
[2026-07-30T19:54:27.515+0000] {processor.py:183} INFO - Processing /opt/airflow/dags/main.py took 0.074 seconds
[2026-07-30T19:54:57.607+0000] {processor.py:161} INFO - Started process (PID=591) to work on /opt/airflow/dags/main.py
[2026-07-30T19:54:57.609+0000] {processor.py:830} INFO - Processing file /opt/airflow/dags/main.py for tasks to queue
[2026-07-30T19:54:57.610+0000] {logging_mixin.py:188} INFO - [2026-07-30T19:54:57.610+0000] {dagbag.py:545} INFO - Filling up the DagBag from /opt/airflow/dags/main.py
[2026-07-30T19:54:57.629+0000] {processor.py:840} INFO - DAG(s) 'produce_json' retrieved from /opt/airflow/dags/main.py
[2026-07-30T19:54:57.652+0000] {logging_mixin.py:188} INFO - [2026-07-30T19:54:57.652+0000] {dag.py:3096} INFO - Sync 1 DAGs
[2026-07-30T19:54:57.672+0000] {logging_mixin.py:188} INFO - [2026-07-30T19:54:57.672+0000] {dag.py:3954} INFO - Setting next_dagrun for produce_json to 2026-07-30 18:00:00+00:00, run_after=2026-07-31 18:00:00+00:00
[2026-07-30T19:54:57.686+0000] {processor.py:183} INFO - Processing /opt/airflow/dags/main.py took 0.084 seconds
[2026-07-30T19:55:27.783+0000] {processor.py:161} INFO - Started process (PID=598) to work on /opt/airflow/dags/main.py
[2026-07-30T19:55:27.784+0000] {processor.py:830} INFO - Processing file /opt/airflow/dags/main.py for tasks to queue
[2026-07-30T19:55:27.785+0000] {logging_mixin.py:188} INFO - [2026-07-30T19:55:27.785+0000] {dagbag.py:545} INFO - Filling up the DagBag from /opt/airflow/dags/main.py
[2026-07-30T19:55:27.801+0000] {processor.py:840} INFO - DAG(s) 'produce_json' retrieved from /opt/airflow/dags/main.py
[2026-07-30T19:55:27.820+0000] {logging_mixin.py:188} INFO - [2026-07-30T19:55:27.820+0000] {dag.py:3096} INFO - Sync 1 DAGs
[2026-07-30T19:55:27.834+0000] {logging_mixin.py:188} INFO - [2026-07-30T19:55:27.834+0000] {dag.py:3954} INFO - Setting next_dagrun for produce_json to 2026-07-30 18:00:00+00:00, run_after=2026-07-31 18:00:00+00:00
[2026-07-30T19:55:27.846+0000] {processor.py:183} INFO - Processing /opt/airflow/dags/main.py took 0.071 seconds
[2026-07-30T19:55:57.941+0000] {processor.py:161} INFO - Started process (PID=605) to work on /opt/airflow/dags/main.py
[2026-07-30T19:55:57.943+0000] {processor.py:830} INFO - Processing file /opt/airflow/dags/main.py for tasks to queue
[2026-07-30T19:55:57.945+0000] {logging_mixin.py:188} INFO - [2026-07-30T19:55:57.945+0000] {dagbag.py:545} INFO - Filling up the DagBag from /opt/airflow/dags/main.py
[2026-07-30T19:55:57.963+0000] {processor.py:840} INFO - DAG(s) 'produce_json' retrieved from /opt/airflow/dags/main.py
[2026-07-30T19:55:57.984+0000] {logging_mixin.py:188} INFO - [2026-07-30T19:55:57.984+0000] {dag.py:3096} INFO - Sync 1 DAGs
[2026-07-30T19:55:58.000+0000] {logging_mixin.py:188} INFO - [2026-07-30T19:55:58.000+0000] {dag.py:3954} INFO - Setting next_dagrun for produce_json to 2026-07-30 18:00:00+00:00, run_after=2026-07-31 18:00:00+00:00
[2026-07-30T19:55:58.013+0000] {processor.py:183} INFO - Processing /opt/airflow/dags/main.py took 0.085 seconds
[2026-07-30T19:56:28.127+0000] {processor.py:161} INFO - Started process (PID=611) to work on /opt/airflow/dags/main.py
[2026-07-30T19:56:28.127+0000] {processor.py:830} INFO - Processing file /opt/airflow/dags/main.py for tasks to queue
[2026-07-30T19:56:28.128+0000] {logging_mixin.py:188} INFO - [2026-07-30T19:56:28.128+0000] {dagbag.py:545} INFO - Filling up the DagBag from /opt/airflow/dags/main.py
[2026-07-30T19:56:28.145+0000] {processor.py:840} INFO - DAG(s) 'produce_json' retrieved from /opt/airflow/dags/main.py
[2026-07-30T19:56:28.163+0000] {logging_mixin.py:188} INFO - [2026-07-30T19:56:28.163+0000] {dag.py:3096} INFO - Sync 1 DAGs
[2026-07-30T19:56:28.179+0000] {logging_mixin.py:188} INFO - [2026-07-30T19:56:28.178+0000] {dag.py:3954} INFO - Setting next_dagrun for produce_json to 2026-07-30 18:00:00+00:00, run_after=2026-07-31 18:00:00+00:00
[2026-07-30T19:56:28.191+0000] {processor.py:183} INFO - Processing /opt/airflow/dags/main.py took 0.073 seconds
[2026-07-30T19:56:58.304+0000] {processor.py:161} INFO - Started process (PID=618) to work on /opt/airflow/dags/main.py
[2026-07-30T19:56:58.306+0000] {processor.py:830} INFO - Processing file /opt/airflow/dags/main.py for tasks to queue
[2026-07-30T19:56:58.308+0000] {logging_mixin.py:188} INFO - [2026-07-30T19:56:58.308+0000] {dagbag.py:545} INFO - Filling up the DagBag from /opt/airflow/dags/main.py
[2026-07-30T19:56:58.330+0000] {processor.py:840} INFO - DAG(s) 'produce_json' retrieved from /opt/airflow/dags/main.py
[2026-07-30T19:56:58.349+0000] {logging_mixin.py:188} INFO - [2026-07-30T19:56:58.349+0000] {dag.py:3096} INFO - Sync 1 DAGs
[2026-07-30T19:56:58.363+0000] {logging_mixin.py:188} INFO - [2026-07-30T19:56:58.363+0000] {dag.py:3954} INFO - Setting next_dagrun for produce_json to 2026-07-30 18:00:00+00:00, run_after=2026-07-31 18:00:00+00:00
[2026-07-30T19:56:58.380+0000] {processor.py:183} INFO - Processing /opt/airflow/dags/main.py took 0.087 seconds
[2026-07-30T19:57:28.442+0000] {processor.py:161} INFO - Started process (PID=625) to work on /opt/airflow/dags/main.py
[2026-07-30T19:57:28.443+0000] {processor.py:830} INFO - Processing file /opt/airflow/dags/main.py for tasks to queue
[2026-07-30T19:57:28.444+0000] {logging_mixin.py:188} INFO - [2026-07-30T19:57:28.444+0000] {dagbag.py:545} INFO - Filling up the DagBag from /opt/airflow/dags/main.py
[2026-07-30T19:57:28.461+0000] {processor.py:840} INFO - DAG(s) 'produce_json' retrieved from /opt/airflow/dags/main.py
[2026-07-30T19:57:28.481+0000] {logging_mixin.py:188} INFO - [2026-07-30T19:57:28.480+0000] {dag.py:3096} INFO - Sync 1 DAGs
[2026-07-30T19:57:28.499+0000] {logging_mixin.py:188} INFO - [2026-07-30T19:57:28.499+0000] {dag.py:3954} INFO - Setting next_dagrun for produce_json to 2026-07-30 18:00:00+00:00, run_after=2026-07-31 18:00:00+00:00
[2026-07-30T19:57:28.514+0000] {processor.py:183} INFO - Processing /opt/airflow/dags/main.py took 0.078 seconds
[2026-07-30T19:57:58.624+0000] {processor.py:161} INFO - Started process (PID=632) to work on /opt/airflow/dags/main.py
[2026-07-30T19:57:58.626+0000] {processor.py:830} INFO - Processing file /opt/airflow/dags/main.py for tasks to queue
[2026-07-30T19:57:58.627+0000] {logging_mixin.py:188} INFO - [2026-07-30T19:57:58.627+0000] {dagbag.py:545} INFO - Filling up the DagBag from /opt/airflow/dags/main.py
[2026-07-30T19:57:58.646+0000] {processor.py:840} INFO - DAG(s) 'produce_json' retrieved from /opt/airflow/dags/main.py
[2026-07-30T19:57:58.665+0000] {logging_mixin.py:188} INFO - [2026-07-30T19:57:58.665+0000] {dag.py:3096} INFO - Sync 1 DAGs
[2026-07-30T19:57:58.679+0000] {logging_mixin.py:188} INFO - [2026-07-30T19:57:58.678+0000] {dag.py:3954} INFO - Setting next_dagrun for produce_json to 2026-07-30 18:00:00+00:00, run_after=2026-07-31 18:00:00+00:00
[2026-07-30T19:57:58.693+0000] {processor.py:183} INFO - Processing /opt/airflow/dags/main.py took 0.079 seconds
[2026-07-30T19:58:28.763+0000] {processor.py:161} INFO - Started process (PID=639) to work on /opt/airflow/dags/main.py
[2026-07-30T19:58:28.763+0000] {processor.py:830} INFO - Processing file /opt/airflow/dags/main.py for tasks to queue
[2026-07-30T19:58:28.765+0000] {logging_mixin.py:188} INFO - [2026-07-30T19:58:28.764+0000] {dagbag.py:545} INFO - Filling up the DagBag from /opt/airflow/dags/main.py
[2026-07-30T19:58:28.781+0000] {processor.py:840} INFO - DAG(s) 'produce_json' retrieved from /opt/airflow/dags/main.py
[2026-07-30T19:58:28.802+0000] {logging_mixin.py:188} INFO - [2026-07-30T19:58:28.802+0000] {dag.py:3096} INFO - Sync 1 DAGs
[2026-07-30T19:58:28.817+0000] {logging_mixin.py:188} INFO - [2026-07-30T19:58:28.817+0000] {dag.py:3954} INFO - Setting next_dagrun for produce_json to 2026-07-30 18:00:00+00:00, run_after=2026-07-31 18:00:00+00:00
[2026-07-30T19:58:28.830+0000] {processor.py:183} INFO - Processing /opt/airflow/dags/main.py took 0.078 seconds
[2026-07-30T19:58:58.894+0000] {processor.py:161} INFO - Started process (PID=646) to work on /opt/airflow/dags/main.py
[2026-07-30T19:58:58.896+0000] {processor.py:830} INFO - Processing file /opt/airflow/dags/main.py for tasks to queue
[2026-07-30T19:58:58.897+0000] {logging_mixin.py:188} INFO - [2026-07-30T19:58:58.897+0000] {dagbag.py:545} INFO - Filling up the DagBag from /opt/airflow/dags/main.py
[2026-07-30T19:58:58.915+0000] {processor.py:840} INFO - DAG(s) 'produce_json' retrieved from /opt/airflow/dags/main.py
[2026-07-30T19:58:58.936+0000] {logging_mixin.py:188} INFO - [2026-07-30T19:58:58.936+0000] {dag.py:3096} INFO - Sync 1 DAGs
[2026-07-30T19:58:58.950+0000] {logging_mixin.py:188} INFO - [2026-07-30T19:58:58.950+0000] {dag.py:3954} INFO - Setting next_dagrun for produce_json to 2026-07-30 18:00:00+00:00, run_after=2026-07-31 18:00:00+00:00
[2026-07-30T19:58:58.962+0000] {processor.py:183} INFO - Processing /opt/airflow/dags/main.py took 0.072 seconds
[2026-07-30T19:59:29.019+0000] {processor.py:161} INFO - Started process (PID=653) to work on /opt/airflow/dags/main.py
[2026-07-30T19:59:29.019+0000] {processor.py:830} INFO - Processing file /opt/airflow/dags/main.py for tasks to queue
[2026-07-30T19:59:29.021+0000] {logging_mixin.py:188} INFO - [2026-07-30T19:59:29.021+0000] {dagbag.py:545} INFO - Filling up the DagBag from /opt/airflow/dags/main.py
[2026-07-30T19:59:29.037+0000] {processor.py:840} INFO - DAG(s) 'produce_json' retrieved from /opt/airflow/dags/main.py
[2026-07-30T19:59:29.059+0000] {logging_mixin.py:188} INFO - [2026-07-30T19:59:29.059+0000] {dag.py:3096} INFO - Sync 1 DAGs
[2026-07-30T19:59:29.072+0000] {logging_mixin.py:188} INFO - [2026-07-30T19:59:29.072+0000] {dag.py:3954} INFO - Setting next_dagrun for produce_json to 2026-07-30 18:00:00+00:00, run_after=2026-07-31 18:00:00+00:00
[2026-07-30T19:59:29.086+0000] {processor.py:183} INFO - Processing /opt/airflow/dags/main.py took 0.072 seconds
[2026-07-30T19:59:59.159+0000] {processor.py:161} INFO - Started process (PID=660) to work on /opt/airflow/dags/main.py
[2026-07-30T19:59:59.161+0000] {processor.py:830} INFO - Processing file /opt/airflow/dags/main.py for tasks to queue
[2026-07-30T19:59:59.163+0000] {logging_mixin.py:188} INFO - [2026-07-30T19:59:59.163+0000] {dagbag.py:545} INFO - Filling up the DagBag from /opt/airflow/dags/main.py
[2026-07-30T19:59:59.179+0000] {processor.py:840} INFO - DAG(s) 'produce_json' retrieved from /opt/airflow/dags/main.py
[2026-07-30T19:59:59.203+0000] {logging_mixin.py:188} INFO - [2026-07-30T19:59:59.203+0000] {dag.py:3096} INFO - Sync 1 DAGs
[2026-07-30T19:59:59.217+0000] {logging_mixin.py:188} INFO - [2026-07-30T19:59:59.217+0000] {dag.py:3954} INFO - Setting next_dagrun for produce_json to 2026-07-30 18:00:00+00:00, run_after=2026-07-31 18:00:00+00:00
[2026-07-30T19:59:59.231+0000] {processor.py:183} INFO - Processing /opt/airflow/dags/main.py took 0.075 seconds
[2026-07-30T20:00:29.295+0000] {processor.py:161} INFO - Started process (PID=667) to work on /opt/airflow/dags/main.py
[2026-07-30T20:00:29.296+0000] {processor.py:830} INFO - Processing file /opt/airflow/dags/main.py for tasks to queue
[2026-07-30T20:00:29.297+0000] {logging_mixin.py:188} INFO - [2026-07-30T20:00:29.296+0000] {dagbag.py:545} INFO - Filling up the DagBag from /opt/airflow/dags/main.py
[2026-07-30T20:00:29.312+0000] {processor.py:840} INFO - DAG(s) 'produce_json' retrieved from /opt/airflow/dags/main.py
[2026-07-30T20:00:29.331+0000] {logging_mixin.py:188} INFO - [2026-07-30T20:00:29.331+0000] {dag.py:3096} INFO - Sync 1 DAGs
[2026-07-30T20:00:29.350+0000] {logging_mixin.py:188} INFO - [2026-07-30T20:00:29.350+0000] {dag.py:3954} INFO - Setting next_dagrun for produce_json to 2026-07-30 18:00:00+00:00, run_after=2026-07-31 18:00:00+00:00
[2026-07-30T20:00:29.364+0000] {processor.py:183} INFO - Processing /opt/airflow/dags/main.py took 0.073 seconds
[2026-07-30T20:00:59.472+0000] {processor.py:161} INFO - Started process (PID=674) to work on /opt/airflow/dags/main.py
[2026-07-30T20:00:59.474+0000] {processor.py:830} INFO - Processing file /opt/airflow/dags/main.py for tasks to queue
[2026-07-30T20:00:59.475+0000] {logging_mixin.py:188} INFO - [2026-07-30T20:00:59.475+0000] {dagbag.py:545} INFO - Filling up the DagBag from /opt/airflow/dags/main.py
[2026-07-30T20:00:59.492+0000] {processor.py:840} INFO - DAG(s) 'produce_json' retrieved from /opt/airflow/dags/main.py
[2026-07-30T20:00:59.512+0000] {logging_mixin.py:188} INFO - [2026-07-30T20:00:59.512+0000] {dag.py:3096} INFO - Sync 1 DAGs
[2026-07-30T20:00:59.528+0000] {logging_mixin.py:188} INFO - [2026-07-30T20:00:59.527+0000] {dag.py:3954} INFO - Setting next_dagrun for produce_json to 2026-07-30 18:00:00+00:00, run_after=2026-07-31 18:00:00+00:00
[2026-07-30T20:00:59.540+0000] {processor.py:183} INFO - Processing /opt/airflow/dags/main.py took 0.074 seconds
[2026-07-30T20:01:29.635+0000] {processor.py:161} INFO - Started process (PID=681) to work on /opt/airflow/dags/main.py
[2026-07-30T20:01:29.636+0000] {processor.py:830} INFO - Processing file /opt/airflow/dags/main.py for tasks to queue
[2026-07-30T20:01:29.637+0000] {logging_mixin.py:188} INFO - [2026-07-30T20:01:29.636+0000] {dagbag.py:545} INFO - Filling up the DagBag from /opt/airflow/dags/main.py
[2026-07-30T20:01:29.654+0000] {processor.py:840} INFO - DAG(s) 'produce_json' retrieved from /opt/airflow/dags/main.py
[2026-07-30T20:01:29.673+0000] {logging_mixin.py:188} INFO - [2026-07-30T20:01:29.673+0000] {dag.py:3096} INFO - Sync 1 DAGs
[2026-07-30T20:01:29.687+0000] {logging_mixin.py:188} INFO - [2026-07-30T20:01:29.687+0000] {dag.py:3954} INFO - Setting next_dagrun for produce_json to 2026-07-30 18:00:00+00:00, run_after=2026-07-31 18:00:00+00:00
[2026-07-30T20:01:29.699+0000] {processor.py:183} INFO - Processing /opt/airflow/dags/main.py took 0.073 seconds
[2026-07-30T20:01:59.771+0000] {processor.py:161} INFO - Started process (PID=688) to work on /opt/airflow/dags/main.py
[2026-07-30T20:01:59.773+0000] {processor.py:830} INFO - Processing file /opt/airflow/dags/main.py for tasks to queue
[2026-07-30T20:01:59.775+0000] {logging_mixin.py:188} INFO - [2026-07-30T20:01:59.774+0000] {dagbag.py:545} INFO - Filling up the DagBag from /opt/airflow/dags/main.py
[2026-07-30T20:01:59.791+0000] {processor.py:840} INFO - DAG(s) 'produce_json' retrieved from /opt/airflow/dags/main.py
[2026-07-30T20:01:59.811+0000] {logging_mixin.py:188} INFO - [2026-07-30T20:01:59.811+0000] {dag.py:3096} INFO - Sync 1 DAGs
[2026-07-30T20:01:59.826+0000] {logging_mixin.py:188} INFO - [2026-07-30T20:01:59.826+0000] {dag.py:3954} INFO - Setting next_dagrun for produce_json to 2026-07-30 18:00:00+00:00, run_after=2026-07-31 18:00:00+00:00
[2026-07-30T20:01:59.843+0000] {processor.py:183} INFO - Processing /opt/airflow/dags/main.py took 0.076 seconds
[2026-07-30T20:02:29.931+0000] {processor.py:161} INFO - Started process (PID=695) to work on /opt/airflow/dags/main.py
[2026-07-30T20:02:29.932+0000] {processor.py:830} INFO - Processing file /opt/airflow/dags/main.py for tasks to queue
[2026-07-30T20:02:29.933+0000] {logging_mixin.py:188} INFO - [2026-07-30T20:02:29.933+0000] {dagbag.py:545} INFO - Filling up the DagBag from /opt/airflow/dags/main.py
[2026-07-30T20:02:29.949+0000] {processor.py:840} INFO - DAG(s) 'produce_json' retrieved from /opt/airflow/dags/main.py
[2026-07-30T20:02:29.975+0000] {logging_mixin.py:188} INFO - [2026-07-30T20:02:29.974+0000] {dag.py:3096} INFO - Sync 1 DAGs
[2026-07-30T20:02:29.988+0000] {logging_mixin.py:188} INFO - [2026-07-30T20:02:29.988+0000] {dag.py:3954} INFO - Setting next_dagrun for produce_json to 2026-07-30 18:00:00+00:00, run_after=2026-07-31 18:00:00+00:00
[2026-07-30T20:02:30.002+0000] {processor.py:183} INFO - Processing /opt/airflow/dags/main.py took 0.074 seconds
[2026-07-30T20:03:00.061+0000] {processor.py:161} INFO - Started process (PID=702) to work on /opt/airflow/dags/main.py
[2026-07-30T20:03:00.063+0000] {processor.py:830} INFO - Processing file /opt/airflow/dags/main.py for tasks to queue
[2026-07-30T20:03:00.064+0000] {logging_mixin.py:188} INFO - [2026-07-30T20:03:00.064+0000] {dagbag.py:545} INFO - Filling up the DagBag from /opt/airflow/dags/main.py
[2026-07-30T20:03:00.083+0000] {processor.py:840} INFO - DAG(s) 'produce_json' retrieved from /opt/airflow/dags/main.py
[2026-07-30T20:03:00.102+0000] {logging_mixin.py:188} INFO - [2026-07-30T20:03:00.102+0000] {dag.py:3096} INFO - Sync 1 DAGs
[2026-07-30T20:03:00.116+0000] {logging_mixin.py:188} INFO - [2026-07-30T20:03:00.116+0000] {dag.py:3954} INFO - Setting next_dagrun for produce_json to 2026-07-30 18:00:00+00:00, run_after=2026-07-31 18:00:00+00:00
[2026-07-30T20:03:00.131+0000] {processor.py:183} INFO - Processing /opt/airflow/dags/main.py took 0.074 seconds
[2026-07-30T20:03:30.222+0000] {processor.py:161} INFO - Started process (PID=709) to work on /opt/airflow/dags/main.py
[2026-07-30T20:03:30.222+0000] {processor.py:830} INFO - Processing file /opt/airflow/dags/main.py for tasks to queue
[2026-07-30T20:03:30.223+0000] {logging_mixin.py:188} INFO - [2026-07-30T20:03:30.223+0000] {dagbag.py:545} INFO - Filling up the DagBag from /opt/airflow/dags/main.py
[2026-07-30T20:03:30.240+0000] {processor.py:840} INFO - DAG(s) 'produce_json' retrieved from /opt/airflow/dags/main.py
[2026-07-30T20:03:30.261+0000] {logging_mixin.py:188} INFO - [2026-07-30T20:03:30.260+0000] {dag.py:3096} INFO - Sync 1 DAGs
[2026-07-30T20:03:30.275+0000] {logging_mixin.py:188} INFO - [2026-07-30T20:03:30.275+0000] {dag.py:3954} INFO - Setting next_dagrun for produce_json to 2026-07-30 18:00:00+00:00, run_after=2026-07-31 18:00:00+00:00
[2026-07-30T20:03:30.288+0000] {processor.py:183} INFO - Processing /opt/airflow/dags/main.py took 0.071 seconds
[2026-07-30T20:04:00.327+0000] {processor.py:161} INFO - Started process (PID=716) to work on /opt/airflow/dags/main.py
[2026-07-30T20:04:00.328+0000] {processor.py:830} INFO - Processing file /opt/airflow/dags/main.py for tasks to queue
[2026-07-30T20:04:00.329+0000] {logging_mixin.py:188} INFO - [2026-07-30T20:04:00.329+0000] {dagbag.py:545} INFO - Filling up the DagBag from /opt/airflow/dags/main.py
[2026-07-30T20:04:00.348+0000] {processor.py:840} INFO - DAG(s) 'produce_json' retrieved from /opt/airflow/dags/main.py
[2026-07-30T20:04:00.367+0000] {logging_mixin.py:188} INFO - [2026-07-30T20:04:00.366+0000] {dag.py:3096} INFO - Sync 1 DAGs
[2026-07-30T20:04:00.381+0000] {logging_mixin.py:188} INFO - [2026-07-30T20:04:00.381+0000] {dag.py:3954} INFO - Setting next_dagrun for produce_json to 2026-07-30 18:00:00+00:00, run_after=2026-07-31 18:00:00+00:00
[2026-07-30T20:04:00.394+0000] {processor.py:183} INFO - Processing /opt/airflow/dags/main.py took 0.072 seconds
[2026-07-30T20:04:30.496+0000] {processor.py:161} INFO - Started process (PID=723) to work on /opt/airflow/dags/main.py
[2026-07-30T20:04:30.496+0000] {processor.py:830} INFO - Processing file /opt/airflow/dags/main.py for tasks to queue
[2026-07-30T20:04:30.497+0000] {logging_mixin.py:188} INFO - [2026-07-30T20:04:30.497+0000] {dagbag.py:545} INFO - Filling up the DagBag from /opt/airflow/dags/main.py
[2026-07-30T20:04:30.519+0000] {processor.py:840} INFO - DAG(s) 'produce_json' retrieved from /opt/airflow/dags/main.py
[2026-07-30T20:04:30.542+0000] {logging_mixin.py:188} INFO - [2026-07-30T20:04:30.542+0000] {dag.py:3096} INFO - Sync 1 DAGs
[2026-07-30T20:04:30.557+0000] {logging_mixin.py:188} INFO - [2026-07-30T20:04:30.557+0000] {dag.py:3954} INFO - Setting next_dagrun for produce_json to 2026-07-30 18:00:00+00:00, run_after=2026-07-31 18:00:00+00:00
[2026-07-30T20:04:30.571+0000] {processor.py:183} INFO - Processing /opt/airflow/dags/main.py took 0.079 seconds
[2026-07-30T20:05:00.611+0000] {processor.py:161} INFO - Started process (PID=730) to work on /opt/airflow/dags/main.py
[2026-07-30T20:05:00.613+0000] {processor.py:830} INFO - Processing file /opt/airflow/dags/main.py for tasks to queue
[2026-07-30T20:05:00.614+0000] {logging_mixin.py:188} INFO - [2026-07-30T20:05:00.614+0000] {dagbag.py:545} INFO - Filling up the DagBag from /opt/airflow/dags/main.py
[2026-07-30T20:05:00.631+0000] {processor.py:840} INFO - DAG(s) 'produce_json' retrieved from /opt/airflow/dags/main.py
[2026-07-30T20:05:00.652+0000] {logging_mixin.py:188} INFO - [2026-07-30T20:05:00.652+0000] {dag.py:3096} INFO - Sync 1 DAGs
[2026-07-30T20:05:00.665+0000] {logging_mixin.py:188} INFO - [2026-07-30T20:05:00.665+0000] {dag.py:3954} INFO - Setting next_dagrun for produce_json to 2026-07-30 18:00:00+00:00, run_after=2026-07-31 18:00:00+00:00
[2026-07-30T20:05:00.677+0000] {processor.py:183} INFO - Processing /opt/airflow/dags/main.py took 0.072 seconds
[2026-07-30T20:05:30.749+0000] {processor.py:161} INFO - Started process (PID=737) to work on /opt/airflow/dags/main.py
[2026-07-30T20:05:30.749+0000] {processor.py:830} INFO - Processing file /opt/airflow/dags/main.py for tasks to queue
[2026-07-30T20:05:30.751+0000] {logging_mixin.py:188} INFO - [2026-07-30T20:05:30.751+0000] {dagbag.py:545} INFO - Filling up the DagBag from /opt/airflow/dags/main.py
[2026-07-30T20:05:30.769+0000] {processor.py:840} INFO - DAG(s) 'produce_json' retrieved from /opt/airflow/dags/main.py
[2026-07-30T20:05:30.790+0000] {logging_mixin.py:188} INFO - [2026-07-30T20:05:30.789+0000] {dag.py:3096} INFO - Sync 1 DAGs
[2026-07-30T20:05:30.805+0000] {logging_mixin.py:188} INFO - [2026-07-30T20:05:30.805+0000] {dag.py:3954} INFO - Setting next_dagrun for produce_json to 2026-07-30 18:00:00+00:00, run_after=2026-07-31 18:00:00+00:00
[2026-07-30T20:05:30.818+0000] {processor.py:183} INFO - Processing /opt/airflow/dags/main.py took 0.073 seconds
[2026-07-30T20:06:00.854+0000] {processor.py:161} INFO - Started process (PID=743) to work on /opt/airflow/dags/main.py
[2026-07-30T20:06:00.856+0000] {processor.py:830} INFO - Processing file /opt/airflow/dags/main.py for tasks to queue
[2026-07-30T20:06:00.858+0000] {logging_mixin.py:188} INFO - [2026-07-30T20:06:00.858+0000] {dagbag.py:545} INFO - Filling up the DagBag from /opt/airflow/dags/main.py
[2026-07-30T20:06:00.878+0000] {processor.py:840} INFO - DAG(s) 'produce_json' retrieved from /opt/airflow/dags/main.py
[2026-07-30T20:06:00.900+0000] {logging_mixin.py:188} INFO - [2026-07-30T20:06:00.900+0000] {dag.py:3096} INFO - Sync 1 DAGs
[2026-07-30T20:06:00.914+0000] {logging_mixin.py:188} INFO - [2026-07-30T20:06:00.914+0000] {dag.py:3954} INFO - Setting next_dagrun for produce_json to 2026-07-30 18:00:00+00:00, run_after=2026-07-31 18:00:00+00:00
[2026-07-30T20:06:00.931+0000] {processor.py:183} INFO - Processing /opt/airflow/dags/main.py took 0.080 seconds
[2026-07-30T20:06:31.004+0000] {processor.py:161} INFO - Started process (PID=750) to work on /opt/airflow/dags/main.py
[2026-07-30T20:06:31.004+0000] {processor.py:830} INFO - Processing file /opt/airflow/dags/main.py for tasks to queue
[2026-07-30T20:06:31.006+0000] {logging_mixin.py:188} INFO - [2026-07-30T20:06:31.006+0000] {dagbag.py:545} INFO - Filling up the DagBag from /opt/airflow/dags/main.py
[2026-07-30T20:06:31.026+0000] {processor.py:840} INFO - DAG(s) 'produce_json' retrieved from /opt/airflow/dags/main.py
[2026-07-30T20:06:31.045+0000] {logging_mixin.py:188} INFO - [2026-07-30T20:06:31.045+0000] {dag.py:3096} INFO - Sync 1 DAGs
[2026-07-30T20:06:31.061+0000] {logging_mixin.py:188} INFO - [2026-07-30T20:06:31.061+0000] {dag.py:3954} INFO - Setting next_dagrun for produce_json to 2026-07-30 18:00:00+00:00, run_after=2026-07-31 18:00:00+00:00
[2026-07-30T20:06:31.073+0000] {processor.py:183} INFO - Processing /opt/airflow/dags/main.py took 0.073 seconds
[2026-07-30T20:07:01.099+0000] {processor.py:161} INFO - Started process (PID=757) to work on /opt/airflow/dags/main.py
[2026-07-30T20:07:01.101+0000] {processor.py:830} INFO - Processing file /opt/airflow/dags/main.py for tasks to queue
[2026-07-30T20:07:01.102+0000] {logging_mixin.py:188} INFO - [2026-07-30T20:07:01.102+0000] {dagbag.py:545} INFO - Filling up the DagBag from /opt/airflow/dags/main.py
[2026-07-30T20:07:01.120+0000] {processor.py:840} INFO - DAG(s) 'produce_json' retrieved from /opt/airflow/dags/main.py
[2026-07-30T20:07:01.141+0000] {logging_mixin.py:188} INFO - [2026-07-30T20:07:01.141+0000] {dag.py:3096} INFO - Sync 1 DAGs
[2026-07-30T20:07:01.154+0000] {logging_mixin.py:188} INFO - [2026-07-30T20:07:01.154+0000] {dag.py:3954} INFO - Setting next_dagrun for produce_json to 2026-07-30 18:00:00+00:00, run_after=2026-07-31 18:00:00+00:00
[2026-07-30T20:07:01.166+0000] {processor.py:183} INFO - Processing /opt/airflow/dags/main.py took 0.072 seconds
[2026-07-30T20:07:31.282+0000] {processor.py:161} INFO - Started process (PID=764) to work on /opt/airflow/dags/main.py
[2026-07-30T20:07:31.283+0000] {processor.py:830} INFO - Processing file /opt/airflow/dags/main.py for tasks to queue
[2026-07-30T20:07:31.284+0000] {logging_mixin.py:188} INFO - [2026-07-30T20:07:31.284+0000] {dagbag.py:545} INFO - Filling up the DagBag from /opt/airflow/dags/main.py
[2026-07-30T20:07:31.301+0000] {processor.py:840} INFO - DAG(s) 'produce_json' retrieved from /opt/airflow/dags/main.py
[2026-07-30T20:07:31.329+0000] {logging_mixin.py:188} INFO - [2026-07-30T20:07:31.329+0000] {dag.py:3096} INFO - Sync 1 DAGs
[2026-07-30T20:07:31.344+0000] {logging_mixin.py:188} INFO - [2026-07-30T20:07:31.344+0000] {dag.py:3954} INFO - Setting next_dagrun for produce_json to 2026-07-30 18:00:00+00:00, run_after=2026-07-31 18:00:00+00:00
[2026-07-30T20:07:31.357+0000] {processor.py:183} INFO - Processing /opt/airflow/dags/main.py took 0.078 seconds
[2026-07-30T20:08:01.404+0000] {processor.py:161} INFO - Started process (PID=771) to work on /opt/airflow/dags/main.py
[2026-07-30T20:08:01.405+0000] {processor.py:830} INFO - Processing file /opt/airflow/dags/main.py for tasks to queue
[2026-07-30T20:08:01.407+0000] {logging_mixin.py:188} INFO - [2026-07-30T20:08:01.406+0000] {dagbag.py:545} INFO - Filling up the DagBag from /opt/airflow/dags/main.py
[2026-07-30T20:08:01.423+0000] {processor.py:840} INFO - DAG(s) 'produce_json' retrieved from /opt/airflow/dags/main.py
[2026-07-30T20:08:01.445+0000] {logging_mixin.py:188} INFO - [2026-07-30T20:08:01.445+0000] {dag.py:3096} INFO - Sync 1 DAGs
[2026-07-30T20:08:01.461+0000] {logging_mixin.py:188} INFO - [2026-07-30T20:08:01.461+0000] {dag.py:3954} INFO - Setting next_dagrun for produce_json to 2026-07-30 18:00:00+00:00, run_after=2026-07-31 18:00:00+00:00
[2026-07-30T20:08:01.479+0000] {processor.py:183} INFO - Processing /opt/airflow/dags/main.py took 0.080 seconds
[2026-07-30T20:08:31.537+0000] {processor.py:161} INFO - Started process (PID=778) to work on /opt/airflow/dags/main.py
[2026-07-30T20:08:31.537+0000] {processor.py:830} INFO - Processing file /opt/airflow/dags/main.py for tasks to queue
[2026-07-30T20:08:31.538+0000] {logging_mixin.py:188} INFO - [2026-07-30T20:08:31.538+0000] {dagbag.py:545} INFO - Filling up the DagBag from /opt/airflow/dags/main.py
[2026-07-30T20:08:31.556+0000] {processor.py:840} INFO - DAG(s) 'produce_json' retrieved from /opt/airflow/dags/main.py
[2026-07-30T20:08:31.577+0000] {logging_mixin.py:188} INFO - [2026-07-30T20:08:31.576+0000] {dag.py:3096} INFO - Sync 1 DAGs
[2026-07-30T20:08:31.591+0000] {logging_mixin.py:188} INFO - [2026-07-30T20:08:31.591+0000] {dag.py:3954} INFO - Setting next_dagrun for produce_json to 2026-07-30 18:00:00+00:00, run_after=2026-07-31 18:00:00+00:00
[2026-07-30T20:08:31.603+0000] {processor.py:183} INFO - Processing /opt/airflow/dags/main.py took 0.070 seconds
[2026-07-30T20:09:01.677+0000] {processor.py:161} INFO - Started process (PID=785) to work on /opt/airflow/dags/main.py
[2026-07-30T20:09:01.679+0000] {processor.py:830} INFO - Processing file /opt/airflow/dags/main.py for tasks to queue
[2026-07-30T20:09:01.680+0000] {logging_mixin.py:188} INFO - [2026-07-30T20:09:01.680+0000] {dagbag.py:545} INFO - Filling up the DagBag from /opt/airflow/dags/main.py
[2026-07-30T20:09:01.698+0000] {processor.py:840} INFO - DAG(s) 'produce_json' retrieved from /opt/airflow/dags/main.py
[2026-07-30T20:09:01.716+0000] {logging_mixin.py:188} INFO - [2026-07-30T20:09:01.716+0000] {dag.py:3096} INFO - Sync 1 DAGs
[2026-07-30T20:09:01.730+0000] {logging_mixin.py:188} INFO - [2026-07-30T20:09:01.729+0000] {dag.py:3954} INFO - Setting next_dagrun for produce_json to 2026-07-30 18:00:00+00:00, run_after=2026-07-31 18:00:00+00:00
[2026-07-30T20:09:01.741+0000] {processor.py:183} INFO - Processing /opt/airflow/dags/main.py took 0.068 seconds
[2026-07-30T20:09:31.799+0000] {processor.py:161} INFO - Started process (PID=792) to work on /opt/airflow/dags/main.py
[2026-07-30T20:09:31.800+0000] {processor.py:830} INFO - Processing file /opt/airflow/dags/main.py for tasks to queue
[2026-07-30T20:09:31.801+0000] {logging_mixin.py:188} INFO - [2026-07-30T20:09:31.801+0000] {dagbag.py:545} INFO - Filling up the DagBag from /opt/airflow/dags/main.py
[2026-07-30T20:09:31.818+0000] {processor.py:840} INFO - DAG(s) 'produce_json' retrieved from /opt/airflow/dags/main.py
[2026-07-30T20:09:31.836+0000] {logging_mixin.py:188} INFO - [2026-07-30T20:09:31.836+0000] {dag.py:3096} INFO - Sync 1 DAGs
[2026-07-30T20:09:31.849+0000] {logging_mixin.py:188} INFO - [2026-07-30T20:09:31.849+0000] {dag.py:3954} INFO - Setting next_dagrun for produce_json to 2026-07-30 18:00:00+00:00, run_after=2026-07-31 18:00:00+00:00
[2026-07-30T20:09:31.862+0000] {processor.py:183} INFO - Processing /opt/airflow/dags/main.py took 0.068 seconds
[2026-07-30T20:10:01.937+0000] {processor.py:161} INFO - Started process (PID=799) to work on /opt/airflow/dags/main.py
[2026-07-30T20:10:01.939+0000] {processor.py:830} INFO - Processing file /opt/airflow/dags/main.py for tasks to queue
[2026-07-30T20:10:01.940+0000] {logging_mixin.py:188} INFO - [2026-07-30T20:10:01.939+0000] {dagbag.py:545} INFO - Filling up the DagBag from /opt/airflow/dags/main.py
[2026-07-30T20:10:01.958+0000] {processor.py:840} INFO - DAG(s) 'produce_json' retrieved from /opt/airflow/dags/main.py
[2026-07-30T20:10:01.979+0000] {logging_mixin.py:188} INFO - [2026-07-30T20:10:01.979+0000] {dag.py:3096} INFO - Sync 1 DAGs
[2026-07-30T20:10:01.993+0000] {logging_mixin.py:188} INFO - [2026-07-30T20:10:01.993+0000] {dag.py:3954} INFO - Setting next_dagrun for produce_json to 2026-07-30 18:00:00+00:00, run_after=2026-07-31 18:00:00+00:00
[2026-07-30T20:10:02.005+0000] {processor.py:183} INFO - Processing /opt/airflow/dags/main.py took 0.072 seconds
[2026-07-30T20:10:32.050+0000] {processor.py:161} INFO - Started process (PID=805) to work on /opt/airflow/dags/main.py
[2026-07-30T20:10:32.050+0000] {processor.py:830} INFO - Processing file /opt/airflow/dags/main.py for tasks to queue
[2026-07-30T20:10:32.052+0000] {logging_mixin.py:188} INFO - [2026-07-30T20:10:32.052+0000] {dagbag.py:545} INFO - Filling up the DagBag from /opt/airflow/dags/main.py
[2026-07-30T20:10:32.079+0000] {processor.py:840} INFO - DAG(s) 'produce_json' retrieved from /opt/airflow/dags/main.py
[2026-07-30T20:10:32.100+0000] {logging_mixin.py:188} INFO - [2026-07-30T20:10:32.100+0000] {dag.py:3096} INFO - Sync 1 DAGs
[2026-07-30T20:10:32.116+0000] {logging_mixin.py:188} INFO - [2026-07-30T20:10:32.116+0000] {dag.py:3954} INFO - Setting next_dagrun for produce_json to 2026-07-30 18:00:00+00:00, run_after=2026-07-31 18:00:00+00:00
[2026-07-30T20:10:32.128+0000] {processor.py:183} INFO - Processing /opt/airflow/dags/main.py took 0.083 seconds
[2026-07-30T20:11:02.201+0000] {processor.py:161} INFO - Started process (PID=813) to work on /opt/airflow/dags/main.py
[2026-07-30T20:11:02.203+0000] {processor.py:830} INFO - Processing file /opt/airflow/dags/main.py for tasks to queue
[2026-07-30T20:11:02.204+0000] {logging_mixin.py:188} INFO - [2026-07-30T20:11:02.204+0000] {dagbag.py:545} INFO - Filling up the DagBag from /opt/airflow/dags/main.py
[2026-07-30T20:11:02.222+0000] {processor.py:840} INFO - DAG(s) 'produce_json' retrieved from /opt/airflow/dags/main.py
[2026-07-30T20:11:02.240+0000] {logging_mixin.py:188} INFO - [2026-07-30T20:11:02.240+0000] {dag.py:3096} INFO - Sync 1 DAGs
[2026-07-30T20:11:02.254+0000] {logging_mixin.py:188} INFO - [2026-07-30T20:11:02.254+0000] {dag.py:3954} INFO - Setting next_dagrun for produce_json to 2026-07-30 18:00:00+00:00, run_after=2026-07-31 18:00:00+00:00
[2026-07-30T20:11:02.267+0000] {processor.py:183} INFO - Processing /opt/airflow/dags/main.py took 0.070 seconds
[2026-07-30T20:11:32.331+0000] {processor.py:161} INFO - Started process (PID=820) to work on /opt/airflow/dags/main.py
[2026-07-30T20:11:32.332+0000] {processor.py:830} INFO - Processing file /opt/airflow/dags/main.py for tasks to queue
[2026-07-30T20:11:32.333+0000] {logging_mixin.py:188} INFO - [2026-07-30T20:11:32.333+0000] {dagbag.py:545} INFO - Filling up the DagBag from /opt/airflow/dags/main.py
[2026-07-30T20:11:32.358+0000] {processor.py:840} INFO - DAG(s) 'produce_json' retrieved from /opt/airflow/dags/main.py
[2026-07-30T20:11:32.380+0000] {logging_mixin.py:188} INFO - [2026-07-30T20:11:32.380+0000] {dag.py:3096} INFO - Sync 1 DAGs
[2026-07-30T20:11:32.395+0000] {logging_mixin.py:188} INFO - [2026-07-30T20:11:32.395+0000] {dag.py:3954} INFO - Setting next_dagrun for produce_json to 2026-07-30 18:00:00+00:00, run_after=2026-07-31 18:00:00+00:00
[2026-07-30T20:11:32.408+0000] {processor.py:183} INFO - Processing /opt/airflow/dags/main.py took 0.081 seconds
[2026-07-30T20:12:02.500+0000] {processor.py:161} INFO - Started process (PID=826) to work on /opt/airflow/dags/main.py
[2026-07-30T20:12:02.502+0000] {processor.py:830} INFO - Processing file /opt/airflow/dags/main.py for tasks to queue
[2026-07-30T20:12:02.503+0000] {logging_mixin.py:188} INFO - [2026-07-30T20:12:02.503+0000] {dagbag.py:545} INFO - Filling up the DagBag from /opt/airflow/dags/main.py
[2026-07-30T20:12:02.521+0000] {processor.py:840} INFO - DAG(s) 'produce_json' retrieved from /opt/airflow/dags/main.py
[2026-07-30T20:12:02.545+0000] {logging_mixin.py:188} INFO - [2026-07-30T20:12:02.544+0000] {dag.py:3096} INFO - Sync 1 DAGs
[2026-07-30T20:12:02.564+0000] {logging_mixin.py:188} INFO - [2026-07-30T20:12:02.564+0000] {dag.py:3954} INFO - Setting next_dagrun for produce_json to 2026-07-30 18:00:00+00:00, run_after=2026-07-31 18:00:00+00:00
[2026-07-30T20:12:02.578+0000] {processor.py:183} INFO - Processing /opt/airflow/dags/main.py took 0.082 seconds
[2026-07-30T20:12:32.627+0000] {processor.py:161} INFO - Started process (PID=833) to work on /opt/airflow/dags/main.py
[2026-07-30T20:12:32.627+0000] {processor.py:830} INFO - Processing file /opt/airflow/dags/main.py for tasks to queue
[2026-07-30T20:12:32.629+0000] {logging_mixin.py:188} INFO - [2026-07-30T20:12:32.628+0000] {dagbag.py:545} INFO - Filling up the DagBag from /opt/airflow/dags/main.py
[2026-07-30T20:12:32.645+0000] {processor.py:840} INFO - DAG(s) 'produce_json' retrieved from /opt/airflow/dags/main.py
[2026-07-30T20:12:32.668+0000] {logging_mixin.py:188} INFO - [2026-07-30T20:12:32.668+0000] {dag.py:3096} INFO - Sync 1 DAGs
[2026-07-30T20:12:32.688+0000] {logging_mixin.py:188} INFO - [2026-07-30T20:12:32.687+0000] {dag.py:3954} INFO - Setting next_dagrun for produce_json to 2026-07-30 18:00:00+00:00, run_after=2026-07-31 18:00:00+00:00
[2026-07-30T20:12:32.702+0000] {processor.py:183} INFO - Processing /opt/airflow/dags/main.py took 0.079 seconds
[2026-07-30T20:13:02.786+0000] {processor.py:161} INFO - Started process (PID=840) to work on /opt/airflow/dags/main.py
[2026-07-30T20:13:02.788+0000] {processor.py:830} INFO - Processing file /opt/airflow/dags/main.py for tasks to queue
[2026-07-30T20:13:02.789+0000] {logging_mixin.py:188} INFO - [2026-07-30T20:13:02.789+0000] {dagbag.py:545} INFO - Filling up the DagBag from /opt/airflow/dags/main.py
[2026-07-30T20:13:02.806+0000] {processor.py:840} INFO - DAG(s) 'produce_json' retrieved from /opt/airflow/dags/main.py
[2026-07-30T20:13:02.829+0000] {logging_mixin.py:188} INFO - [2026-07-30T20:13:02.828+0000] {dag.py:3096} INFO - Sync 1 DAGs
[2026-07-30T20:13:02.846+0000] {logging_mixin.py:188} INFO - [2026-07-30T20:13:02.846+0000] {dag.py:3954} INFO - Setting next_dagrun for produce_json to 2026-07-30 18:00:00+00:00, run_after=2026-07-31 18:00:00+00:00
[2026-07-30T20:13:02.860+0000] {processor.py:183} INFO - Processing /opt/airflow/dags/main.py took 0.079 seconds
[2026-07-30T20:13:32.919+0000] {processor.py:161} INFO - Started process (PID=847) to work on /opt/airflow/dags/main.py
[2026-07-30T20:13:32.919+0000] {processor.py:830} INFO - Processing file /opt/airflow/dags/main.py for tasks to queue
[2026-07-30T20:13:32.920+0000] {logging_mixin.py:188} INFO - [2026-07-30T20:13:32.920+0000] {dagbag.py:545} INFO - Filling up the DagBag from /opt/airflow/dags/main.py
[2026-07-30T20:13:32.941+0000] {processor.py:840} INFO - DAG(s) 'produce_json' retrieved from /opt/airflow/dags/main.py
[2026-07-30T20:13:32.963+0000] {logging_mixin.py:188} INFO - [2026-07-30T20:13:32.962+0000] {dag.py:3096} INFO - Sync 1 DAGs
[2026-07-30T20:13:32.981+0000] {logging_mixin.py:188} INFO - [2026-07-30T20:13:32.981+0000] {dag.py:3954} INFO - Setting next_dagrun for produce_json to 2026-07-30 18:00:00+00:00, run_after=2026-07-31 18:00:00+00:00
[2026-07-30T20:13:32.998+0000] {processor.py:183} INFO - Processing /opt/airflow/dags/main.py took 0.083 seconds
[2026-07-30T20:14:03.078+0000] {processor.py:161} INFO - Started process (PID=854) to work on /opt/airflow/dags/main.py
[2026-07-30T20:14:03.079+0000] {processor.py:830} INFO - Processing file /opt/airflow/dags/main.py for tasks to queue
[2026-07-30T20:14:03.080+0000] {logging_mixin.py:188} INFO - [2026-07-30T20:14:03.080+0000] {dagbag.py:545} INFO - Filling up the DagBag from /opt/airflow/dags/main.py
[2026-07-30T20:14:03.098+0000] {processor.py:840} INFO - DAG(s) 'produce_json' retrieved from /opt/airflow/dags/main.py
[2026-07-30T20:14:03.123+0000] {logging_mixin.py:188} INFO - [2026-07-30T20:14:03.123+0000] {dag.py:3096} INFO - Sync 1 DAGs
[2026-07-30T20:14:03.138+0000] {logging_mixin.py:188} INFO - [2026-07-30T20:14:03.138+0000] {dag.py:3954} INFO - Setting next_dagrun for produce_json to 2026-07-30 18:00:00+00:00, run_after=2026-07-31 18:00:00+00:00
[2026-07-30T20:14:03.152+0000] {processor.py:183} INFO - Processing /opt/airflow/dags/main.py took 0.078 seconds
[2026-07-30T20:14:33.239+0000] {processor.py:161} INFO - Started process (PID=861) to work on /opt/airflow/dags/main.py
[2026-07-30T20:14:33.240+0000] {processor.py:830} INFO - Processing file /opt/airflow/dags/main.py for tasks to queue
[2026-07-30T20:14:33.242+0000] {logging_mixin.py:188} INFO - [2026-07-30T20:14:33.242+0000] {dagbag.py:545} INFO - Filling up the DagBag from /opt/airflow/dags/main.py
[2026-07-30T20:14:33.261+0000] {processor.py:840} INFO - DAG(s) 'produce_json' retrieved from /opt/airflow/dags/main.py
[2026-07-30T20:14:33.283+0000] {logging_mixin.py:188} INFO - [2026-07-30T20:14:33.283+0000] {dag.py:3096} INFO - Sync 1 DAGs
[2026-07-30T20:14:33.299+0000] {logging_mixin.py:188} INFO - [2026-07-30T20:14:33.299+0000] {dag.py:3954} INFO - Setting next_dagrun for produce_json to 2026-07-30 18:00:00+00:00, run_after=2026-07-31 18:00:00+00:00
[2026-07-30T20:14:33.313+0000] {processor.py:183} INFO - Processing /opt/airflow/dags/main.py took 0.086 seconds
[2026-07-30T20:15:03.396+0000] {processor.py:161} INFO - Started process (PID=868) to work on /opt/airflow/dags/main.py
[2026-07-30T20:15:03.398+0000] {processor.py:830} INFO - Processing file /opt/airflow/dags/main.py for tasks to queue
[2026-07-30T20:15:03.400+0000] {logging_mixin.py:188} INFO - [2026-07-30T20:15:03.400+0000] {dagbag.py:545} INFO - Filling up the DagBag from /opt/airflow/dags/main.py
[2026-07-30T20:15:03.420+0000] {processor.py:840} INFO - DAG(s) 'produce_json' retrieved from /opt/airflow/dags/main.py
[2026-07-30T20:15:03.440+0000] {logging_mixin.py:188} INFO - [2026-07-30T20:15:03.439+0000] {dag.py:3096} INFO - Sync 1 DAGs
[2026-07-30T20:15:03.459+0000] {logging_mixin.py:188} INFO - [2026-07-30T20:15:03.458+0000] {dag.py:3954} INFO - Setting next_dagrun for produce_json to 2026-07-30 18:00:00+00:00, run_after=2026-07-31 18:00:00+00:00
[2026-07-30T20:15:03.472+0000] {processor.py:183} INFO - Processing /opt/airflow/dags/main.py took 0.082 seconds
[2026-07-30T20:15:33.555+0000] {processor.py:161} INFO - Started process (PID=875) to work on /opt/airflow/dags/main.py
[2026-07-30T20:15:33.555+0000] {processor.py:830} INFO - Processing file /opt/airflow/dags/main.py for tasks to queue
[2026-07-30T20:15:33.556+0000] {logging_mixin.py:188} INFO - [2026-07-30T20:15:33.556+0000] {dagbag.py:545} INFO - Filling up the DagBag from /opt/airflow/dags/main.py
[2026-07-30T20:15:33.574+0000] {processor.py:840} INFO - DAG(s) 'produce_json' retrieved from /opt/airflow/dags/main.py
[2026-07-30T20:15:33.595+0000] {logging_mixin.py:188} INFO - [2026-07-30T20:15:33.595+0000] {dag.py:3096} INFO - Sync 1 DAGs
[2026-07-30T20:15:33.610+0000] {logging_mixin.py:188} INFO - [2026-07-30T20:15:33.610+0000] {dag.py:3954} INFO - Setting next_dagrun for produce_json to 2026-07-30 18:00:00+00:00, run_after=2026-07-31 18:00:00+00:00
[2026-07-30T20:15:33.623+0000] {processor.py:183} INFO - Processing /opt/airflow/dags/main.py took 0.072 seconds
[2026-07-30T20:16:03.672+0000] {processor.py:161} INFO - Started process (PID=882) to work on /opt/airflow/dags/main.py
[2026-07-30T20:16:03.674+0000] {processor.py:830} INFO - Processing file /opt/airflow/dags/main.py for tasks to queue
[2026-07-30T20:16:03.675+0000] {logging_mixin.py:188} INFO - [2026-07-30T20:16:03.675+0000] {dagbag.py:545} INFO - Filling up the DagBag from /opt/airflow/dags/main.py
[2026-07-30T20:16:03.692+0000] {processor.py:840} INFO - DAG(s) 'produce_json' retrieved from /opt/airflow/dags/main.py
[2026-07-30T20:16:03.718+0000] {logging_mixin.py:188} INFO - [2026-07-30T20:16:03.718+0000] {dag.py:3096} INFO - Sync 1 DAGs
[2026-07-30T20:16:03.732+0000] {logging_mixin.py:188} INFO - [2026-07-30T20:16:03.732+0000] {dag.py:3954} INFO - Setting next_dagrun for produce_json to 2026-07-30 18:00:00+00:00, run_after=2026-07-31 18:00:00+00:00
[2026-07-30T20:16:03.745+0000] {processor.py:183} INFO - Processing /opt/airflow/dags/main.py took 0.077 seconds
[2026-07-30T20:16:33.839+0000] {processor.py:161} INFO - Started process (PID=889) to work on /opt/airflow/dags/main.py
[2026-07-30T20:16:33.839+0000] {processor.py:830} INFO - Processing file /opt/airflow/dags/main.py for tasks to queue
[2026-07-30T20:16:33.840+0000] {logging_mixin.py:188} INFO - [2026-07-30T20:16:33.840+0000] {dagbag.py:545} INFO - Filling up the DagBag from /opt/airflow/dags/main.py
[2026-07-30T20:16:33.862+0000] {processor.py:840} INFO - DAG(s) 'produce_json' retrieved from /opt/airflow/dags/main.py
[2026-07-30T20:16:33.886+0000] {logging_mixin.py:188} INFO - [2026-07-30T20:16:33.886+0000] {dag.py:3096} INFO - Sync 1 DAGs
[2026-07-30T20:16:33.903+0000] {logging_mixin.py:188} INFO - [2026-07-30T20:16:33.903+0000] {dag.py:3954} INFO - Setting next_dagrun for produce_json to 2026-07-30 18:00:00+00:00, run_after=2026-07-31 18:00:00+00:00
[2026-07-30T20:16:33.916+0000] {processor.py:183} INFO - Processing /opt/airflow/dags/main.py took 0.086 seconds
[2026-07-30T20:17:03.953+0000] {processor.py:161} INFO - Started process (PID=896) to work on /opt/airflow/dags/main.py
[2026-07-30T20:17:03.955+0000] {processor.py:830} INFO - Processing file /opt/airflow/dags/main.py for tasks to queue
[2026-07-30T20:17:03.956+0000] {logging_mixin.py:188} INFO - [2026-07-30T20:17:03.956+0000] {dagbag.py:545} INFO - Filling up the DagBag from /opt/airflow/dags/main.py
[2026-07-30T20:17:03.974+0000] {processor.py:840} INFO - DAG(s) 'produce_json' retrieved from /opt/airflow/dags/main.py
[2026-07-30T20:17:03.996+0000] {logging_mixin.py:188} INFO - [2026-07-30T20:17:03.995+0000] {dag.py:3096} INFO - Sync 1 DAGs
[2026-07-30T20:17:04.011+0000] {logging_mixin.py:188} INFO - [2026-07-30T20:17:04.011+0000] {dag.py:3954} INFO - Setting next_dagrun for produce_json to 2026-07-30 18:00:00+00:00, run_after=2026-07-31 18:00:00+00:00
[2026-07-30T20:17:04.024+0000] {processor.py:183} INFO - Processing /opt/airflow/dags/main.py took 0.078 seconds
[2026-07-30T20:17:34.137+0000] {processor.py:161} INFO - Started process (PID=903) to work on /opt/airflow/dags/main.py
[2026-07-30T20:17:34.137+0000] {processor.py:830} INFO - Processing file /opt/airflow/dags/main.py for tasks to queue
[2026-07-30T20:17:34.138+0000] {logging_mixin.py:188} INFO - [2026-07-30T20:17:34.138+0000] {dagbag.py:545} INFO - Filling up the DagBag from /opt/airflow/dags/main.py
[2026-07-30T20:17:34.154+0000] {processor.py:840} INFO - DAG(s) 'produce_json' retrieved from /opt/airflow/dags/main.py
[2026-07-30T20:17:34.176+0000] {logging_mixin.py:188} INFO - [2026-07-30T20:17:34.175+0000] {dag.py:3096} INFO - Sync 1 DAGs
[2026-07-30T20:17:34.190+0000] {logging_mixin.py:188} INFO - [2026-07-30T20:17:34.190+0000] {dag.py:3954} INFO - Setting next_dagrun for produce_json to 2026-07-30 18:00:00+00:00, run_after=2026-07-31 18:00:00+00:00
[2026-07-30T20:17:34.203+0000] {processor.py:183} INFO - Processing /opt/airflow/dags/main.py took 0.070 seconds
[2026-07-30T20:18:04.281+0000] {processor.py:161} INFO - Started process (PID=910) to work on /opt/airflow/dags/main.py
[2026-07-30T20:18:04.282+0000] {processor.py:830} INFO - Processing file /opt/airflow/dags/main.py for tasks to queue
[2026-07-30T20:18:04.283+0000] {logging_mixin.py:188} INFO - [2026-07-30T20:18:04.283+0000] {dagbag.py:545} INFO - Filling up the DagBag from /opt/airflow/dags/main.py
[2026-07-30T20:18:04.299+0000] {processor.py:840} INFO - DAG(s) 'produce_json' retrieved from /opt/airflow/dags/main.py
[2026-07-30T20:18:04.318+0000] {logging_mixin.py:188} INFO - [2026-07-30T20:18:04.318+0000] {dag.py:3096} INFO - Sync 1 DAGs
[2026-07-30T20:18:04.332+0000] {logging_mixin.py:188} INFO - [2026-07-30T20:18:04.332+0000] {dag.py:3954} INFO - Setting next_dagrun for produce_json to 2026-07-30 18:00:00+00:00, run_after=2026-07-31 18:00:00+00:00
[2026-07-30T20:18:04.345+0000] {processor.py:183} INFO - Processing /opt/airflow/dags/main.py took 0.069 seconds
[2026-07-30T20:18:34.456+0000] {processor.py:161} INFO - Started process (PID=917) to work on /opt/airflow/dags/main.py
[2026-07-30T20:18:34.457+0000] {processor.py:830} INFO - Processing file /opt/airflow/dags/main.py for tasks to queue
[2026-07-30T20:18:34.458+0000] {logging_mixin.py:188} INFO - [2026-07-30T20:18:34.458+0000] {dagbag.py:545} INFO - Filling up the DagBag from /opt/airflow/dags/main.py
[2026-07-30T20:18:34.474+0000] {processor.py:840} INFO - DAG(s) 'produce_json' retrieved from /opt/airflow/dags/main.py
[2026-07-30T20:18:34.492+0000] {logging_mixin.py:188} INFO - [2026-07-30T20:18:34.492+0000] {dag.py:3096} INFO - Sync 1 DAGs
[2026-07-30T20:18:34.507+0000] {logging_mixin.py:188} INFO - [2026-07-30T20:18:34.507+0000] {dag.py:3954} INFO - Setting next_dagrun for produce_json to 2026-07-30 18:00:00+00:00, run_after=2026-07-31 18:00:00+00:00
[2026-07-30T20:18:34.520+0000] {processor.py:183} INFO - Processing /opt/airflow/dags/main.py took 0.073 seconds
[2026-07-30T20:19:04.572+0000] {processor.py:161} INFO - Started process (PID=924) to work on /opt/airflow/dags/main.py
[2026-07-30T20:19:04.574+0000] {processor.py:830} INFO - Processing file /opt/airflow/dags/main.py for tasks to queue
[2026-07-30T20:19:04.576+0000] {logging_mixin.py:188} INFO - [2026-07-30T20:19:04.576+0000] {dagbag.py:545} INFO - Filling up the DagBag from /opt/airflow/dags/main.py
[2026-07-30T20:19:04.592+0000] {processor.py:840} INFO - DAG(s) 'produce_json' retrieved from /opt/airflow/dags/main.py
[2026-07-30T20:19:04.614+0000] {logging_mixin.py:188} INFO - [2026-07-30T20:19:04.614+0000] {dag.py:3096} INFO - Sync 1 DAGs
[2026-07-30T20:19:04.628+0000] {logging_mixin.py:188} INFO - [2026-07-30T20:19:04.628+0000] {dag.py:3954} INFO - Setting next_dagrun for produce_json to 2026-07-30 18:00:00+00:00, run_after=2026-07-31 18:00:00+00:00
[2026-07-30T20:19:04.641+0000] {processor.py:183} INFO - Processing /opt/airflow/dags/main.py took 0.073 seconds
[2026-07-30T20:19:34.743+0000] {processor.py:161} INFO - Started process (PID=931) to work on /opt/airflow/dags/main.py
[2026-07-30T20:19:34.744+0000] {processor.py:830} INFO - Processing file /opt/airflow/dags/main.py for tasks to queue
[2026-07-30T20:19:34.745+0000] {logging_mixin.py:188} INFO - [2026-07-30T20:19:34.745+0000] {dagbag.py:545} INFO - Filling up the DagBag from /opt/airflow/dags/main.py
[2026-07-30T20:19:34.765+0000] {processor.py:840} INFO - DAG(s) 'produce_json' retrieved from /opt/airflow/dags/main.py
[2026-07-30T20:19:34.789+0000] {logging_mixin.py:188} INFO - [2026-07-30T20:19:34.788+0000] {dag.py:3096} INFO - Sync 1 DAGs
[2026-07-30T20:19:34.803+0000] {logging_mixin.py:188} INFO - [2026-07-30T20:19:34.803+0000] {dag.py:3954} INFO - Setting next_dagrun for produce_json to 2026-07-30 18:00:00+00:00, run_after=2026-07-31 18:00:00+00:00
[2026-07-30T20:19:34.818+0000] {processor.py:183} INFO - Processing /opt/airflow/dags/main.py took 0.078 seconds
[2026-07-30T20:20:04.874+0000] {processor.py:161} INFO - Started process (PID=938) to work on /opt/airflow/dags/main.py
[2026-07-30T20:20:04.876+0000] {processor.py:830} INFO - Processing file /opt/airflow/dags/main.py for tasks to queue
[2026-07-30T20:20:04.879+0000] {logging_mixin.py:188} INFO - [2026-07-30T20:20:04.878+0000] {dagbag.py:545} INFO - Filling up the DagBag from /opt/airflow/dags/main.py
[2026-07-30T20:20:04.898+0000] {processor.py:840} INFO - DAG(s) 'produce_json' retrieved from /opt/airflow/dags/main.py
[2026-07-30T20:20:04.918+0000] {logging_mixin.py:188} INFO - [2026-07-30T20:20:04.918+0000] {dag.py:3096} INFO - Sync 1 DAGs
[2026-07-30T20:20:04.932+0000] {logging_mixin.py:188} INFO - [2026-07-30T20:20:04.932+0000] {dag.py:3954} INFO - Setting next_dagrun for produce_json to 2026-07-30 18:00:00+00:00, run_after=2026-07-31 18:00:00+00:00
[2026-07-30T20:20:04.946+0000] {processor.py:183} INFO - Processing /opt/airflow/dags/main.py took 0.077 seconds
[2026-07-30T20:20:35.042+0000] {processor.py:161} INFO - Started process (PID=945) to work on /opt/airflow/dags/main.py
[2026-07-30T20:20:35.042+0000] {processor.py:830} INFO - Processing file /opt/airflow/dags/main.py for tasks to queue
[2026-07-30T20:20:35.044+0000] {logging_mixin.py:188} INFO - [2026-07-30T20:20:35.043+0000] {dagbag.py:545} INFO - Filling up the DagBag from /opt/airflow/dags/main.py
[2026-07-30T20:20:35.062+0000] {processor.py:840} INFO - DAG(s) 'produce_json' retrieved from /opt/airflow/dags/main.py
[2026-07-30T20:20:35.084+0000] {logging_mixin.py:188} INFO - [2026-07-30T20:20:35.084+0000] {dag.py:3096} INFO - Sync 1 DAGs
[2026-07-30T20:20:35.100+0000] {logging_mixin.py:188} INFO - [2026-07-30T20:20:35.100+0000] {dag.py:3954} INFO - Setting next_dagrun for produce_json to 2026-07-30 18:00:00+00:00, run_after=2026-07-31 18:00:00+00:00
[2026-07-30T20:20:35.114+0000] {processor.py:183} INFO - Processing /opt/airflow/dags/main.py took 0.076 seconds
[2026-07-30T20:21:05.149+0000] {processor.py:161} INFO - Started process (PID=952) to work on /opt/airflow/dags/main.py
[2026-07-30T20:21:05.151+0000] {processor.py:830} INFO - Processing file /opt/airflow/dags/main.py for tasks to queue
[2026-07-30T20:21:05.152+0000] {logging_mixin.py:188} INFO - [2026-07-30T20:21:05.152+0000] {dagbag.py:545} INFO - Filling up the DagBag from /opt/airflow/dags/main.py
[2026-07-30T20:21:05.170+0000] {processor.py:840} INFO - DAG(s) 'produce_json' retrieved from /opt/airflow/dags/main.py
[2026-07-30T20:21:05.194+0000] {logging_mixin.py:188} INFO - [2026-07-30T20:21:05.194+0000] {dag.py:3096} INFO - Sync 1 DAGs
[2026-07-30T20:21:05.215+0000] {logging_mixin.py:188} INFO - [2026-07-30T20:21:05.215+0000] {dag.py:3954} INFO - Setting next_dagrun for produce_json to 2026-07-30 18:00:00+00:00, run_after=2026-07-31 18:00:00+00:00
[2026-07-30T20:21:05.228+0000] {processor.py:183} INFO - Processing /opt/airflow/dags/main.py took 0.083 seconds
[2026-07-30T20:21:35.333+0000] {processor.py:161} INFO - Started process (PID=959) to work on /opt/airflow/dags/main.py
[2026-07-30T20:21:35.335+0000] {processor.py:830} INFO - Processing file /opt/airflow/dags/main.py for tasks to queue
[2026-07-30T20:21:35.336+0000] {logging_mixin.py:188} INFO - [2026-07-30T20:21:35.336+0000] {dagbag.py:545} INFO - Filling up the DagBag from /opt/airflow/dags/main.py
[2026-07-30T20:21:35.357+0000] {processor.py:840} INFO - DAG(s) 'produce_json' retrieved from /opt/airflow/dags/main.py
[2026-07-30T20:21:35.379+0000] {logging_mixin.py:188} INFO - [2026-07-30T20:21:35.379+0000] {dag.py:3096} INFO - Sync 1 DAGs
[2026-07-30T20:21:35.393+0000] {logging_mixin.py:188} INFO - [2026-07-30T20:21:35.393+0000] {dag.py:3954} INFO - Setting next_dagrun for produce_json to 2026-07-30 18:00:00+00:00, run_after=2026-07-31 18:00:00+00:00
[2026-07-30T20:21:35.406+0000] {processor.py:183} INFO - Processing /opt/airflow/dags/main.py took 0.076 seconds
[2026-07-30T20:22:05.495+0000] {processor.py:161} INFO - Started process (PID=966) to work on /opt/airflow/dags/main.py
[2026-07-30T20:22:05.498+0000] {processor.py:830} INFO - Processing file /opt/airflow/dags/main.py for tasks to queue
[2026-07-30T20:22:05.501+0000] {logging_mixin.py:188} INFO - [2026-07-30T20:22:05.500+0000] {dagbag.py:545} INFO - Filling up the DagBag from /opt/airflow/dags/main.py
[2026-07-30T20:22:05.528+0000] {processor.py:840} INFO - DAG(s) 'produce_json' retrieved from /opt/airflow/dags/main.py
[2026-07-30T20:22:05.549+0000] {logging_mixin.py:188} INFO - [2026-07-30T20:22:05.549+0000] {dag.py:3096} INFO - Sync 1 DAGs
[2026-07-30T20:22:05.564+0000] {logging_mixin.py:188} INFO - [2026-07-30T20:22:05.564+0000] {dag.py:3954} INFO - Setting next_dagrun for produce_json to 2026-07-30 18:00:00+00:00, run_after=2026-07-31 18:00:00+00:00
[2026-07-30T20:22:05.577+0000] {processor.py:183} INFO - Processing /opt/airflow/dags/main.py took 0.093 seconds
[2026-07-30T20:22:35.634+0000] {processor.py:161} INFO - Started process (PID=973) to work on /opt/airflow/dags/main.py
[2026-07-30T20:22:35.636+0000] {processor.py:830} INFO - Processing file /opt/airflow/dags/main.py for tasks to queue
[2026-07-30T20:22:35.637+0000] {logging_mixin.py:188} INFO - [2026-07-30T20:22:35.637+0000] {dagbag.py:545} INFO - Filling up the DagBag from /opt/airflow/dags/main.py
[2026-07-30T20:22:35.662+0000] {processor.py:840} INFO - DAG(s) 'produce_json' retrieved from /opt/airflow/dags/main.py
[2026-07-30T20:22:35.685+0000] {logging_mixin.py:188} INFO - [2026-07-30T20:22:35.685+0000] {dag.py:3096} INFO - Sync 1 DAGs
[2026-07-30T20:22:35.699+0000] {logging_mixin.py:188} INFO - [2026-07-30T20:22:35.698+0000] {dag.py:3954} INFO - Setting next_dagrun for produce_json to 2026-07-30 18:00:00+00:00, run_after=2026-07-31 18:00:00+00:00
[2026-07-30T20:22:35.712+0000] {processor.py:183} INFO - Processing /opt/airflow/dags/main.py took 0.081 seconds
[2026-07-30T20:23:05.783+0000] {processor.py:161} INFO - Started process (PID=979) to work on /opt/airflow/dags/main.py
[2026-07-30T20:23:05.786+0000] {processor.py:830} INFO - Processing file /opt/airflow/dags/main.py for tasks to queue
[2026-07-30T20:23:05.787+0000] {logging_mixin.py:188} INFO - [2026-07-30T20:23:05.787+0000] {dagbag.py:545} INFO - Filling up the DagBag from /opt/airflow/dags/main.py
[2026-07-30T20:23:05.807+0000] {processor.py:840} INFO - DAG(s) 'produce_json' retrieved from /opt/airflow/dags/main.py
[2026-07-30T20:23:05.828+0000] {logging_mixin.py:188} INFO - [2026-07-30T20:23:05.827+0000] {dag.py:3096} INFO - Sync 1 DAGs
[2026-07-30T20:23:05.843+0000] {logging_mixin.py:188} INFO - [2026-07-30T20:23:05.843+0000] {dag.py:3954} INFO - Setting next_dagrun for produce_json to 2026-07-30 18:00:00+00:00, run_after=2026-07-31 18:00:00+00:00
[2026-07-30T20:23:05.859+0000] {processor.py:183} INFO - Processing /opt/airflow/dags/main.py took 0.079 seconds
[2026-07-30T20:23:35.922+0000] {processor.py:161} INFO - Started process (PID=986) to work on /opt/airflow/dags/main.py
[2026-07-30T20:23:35.925+0000] {processor.py:830} INFO - Processing file /opt/airflow/dags/main.py for tasks to queue
[2026-07-30T20:23:35.929+0000] {logging_mixin.py:188} INFO - [2026-07-30T20:23:35.928+0000] {dagbag.py:545} INFO - Filling up the DagBag from /opt/airflow/dags/main.py
[2026-07-30T20:23:35.952+0000] {processor.py:840} INFO - DAG(s) 'produce_json' retrieved from /opt/airflow/dags/main.py
[2026-07-30T20:23:35.970+0000] {logging_mixin.py:188} INFO - [2026-07-30T20:23:35.970+0000] {dag.py:3096} INFO - Sync 1 DAGs
[2026-07-30T20:23:35.983+0000] {logging_mixin.py:188} INFO - [2026-07-30T20:23:35.983+0000] {dag.py:3954} INFO - Setting next_dagrun for produce_json to 2026-07-30 18:00:00+00:00, run_after=2026-07-31 18:00:00+00:00
[2026-07-30T20:23:35.994+0000] {processor.py:183} INFO - Processing /opt/airflow/dags/main.py took 0.080 seconds
[2026-07-30T20:24:06.047+0000] {processor.py:161} INFO - Started process (PID=994) to work on /opt/airflow/dags/main.py
[2026-07-30T20:24:06.048+0000] {processor.py:830} INFO - Processing file /opt/airflow/dags/main.py for tasks to queue
[2026-07-30T20:24:06.050+0000] {logging_mixin.py:188} INFO - [2026-07-30T20:24:06.049+0000] {dagbag.py:545} INFO - Filling up the DagBag from /opt/airflow/dags/main.py
[2026-07-30T20:24:06.071+0000] {processor.py:840} INFO - DAG(s) 'produce_json' retrieved from /opt/airflow/dags/main.py
[2026-07-30T20:24:06.093+0000] {logging_mixin.py:188} INFO - [2026-07-30T20:24:06.093+0000] {dag.py:3096} INFO - Sync 1 DAGs
[2026-07-30T20:24:06.108+0000] {logging_mixin.py:188} INFO - [2026-07-30T20:24:06.108+0000] {dag.py:3954} INFO - Setting next_dagrun for produce_json to 2026-07-30 18:00:00+00:00, run_after=2026-07-31 18:00:00+00:00
[2026-07-30T20:24:06.122+0000] {processor.py:183} INFO - Processing /opt/airflow/dags/main.py took 0.080 seconds
[2026-07-30T20:24:36.175+0000] {processor.py:161} INFO - Started process (PID=1001) to work on /opt/airflow/dags/main.py
[2026-07-30T20:24:36.176+0000] {processor.py:830} INFO - Processing file /opt/airflow/dags/main.py for tasks to queue
[2026-07-30T20:24:36.177+0000] {logging_mixin.py:188} INFO - [2026-07-30T20:24:36.177+0000] {dagbag.py:545} INFO - Filling up the DagBag from /opt/airflow/dags/main.py
[2026-07-30T20:24:36.206+0000] {processor.py:840} INFO - DAG(s) 'produce_json' retrieved from /opt/airflow/dags/main.py
[2026-07-30T20:24:36.228+0000] {logging_mixin.py:188} INFO - [2026-07-30T20:24:36.228+0000] {dag.py:3096} INFO - Sync 1 DAGs
[2026-07-30T20:24:36.242+0000] {logging_mixin.py:188} INFO - [2026-07-30T20:24:36.242+0000] {dag.py:3954} INFO - Setting next_dagrun for produce_json to 2026-07-30 18:00:00+00:00, run_after=2026-07-31 18:00:00+00:00
[2026-07-30T20:24:36.256+0000] {processor.py:183} INFO - Processing /opt/airflow/dags/main.py took 0.085 seconds
[2026-07-30T20:25:06.317+0000] {processor.py:161} INFO - Started process (PID=1008) to work on /opt/airflow/dags/main.py
[2026-07-30T20:25:06.317+0000] {processor.py:830} INFO - Processing file /opt/airflow/dags/main.py for tasks to queue
[2026-07-30T20:25:06.318+0000] {logging_mixin.py:188} INFO - [2026-07-30T20:25:06.318+0000] {dagbag.py:545} INFO - Filling up the DagBag from /opt/airflow/dags/main.py
[2026-07-30T20:25:06.343+0000] {processor.py:840} INFO - DAG(s) 'produce_json' retrieved from /opt/airflow/dags/main.py
[2026-07-30T20:25:06.369+0000] {logging_mixin.py:188} INFO - [2026-07-30T20:25:06.368+0000] {dag.py:3096} INFO - Sync 1 DAGs
[2026-07-30T20:25:06.383+0000] {logging_mixin.py:188} INFO - [2026-07-30T20:25:06.383+0000] {dag.py:3954} INFO - Setting next_dagrun for produce_json to 2026-07-30 18:00:00+00:00, run_after=2026-07-31 18:00:00+00:00
[2026-07-30T20:25:06.396+0000] {processor.py:183} INFO - Processing /opt/airflow/dags/main.py took 0.083 seconds
[2026-07-30T20:25:36.510+0000] {processor.py:161} INFO - Started process (PID=1015) to work on /opt/airflow/dags/main.py
[2026-07-30T20:25:36.511+0000] {processor.py:830} INFO - Processing file /opt/airflow/dags/main.py for tasks to queue
[2026-07-30T20:25:36.513+0000] {logging_mixin.py:188} INFO - [2026-07-30T20:25:36.513+0000] {dagbag.py:545} INFO - Filling up the DagBag from /opt/airflow/dags/main.py
[2026-07-30T20:25:36.531+0000] {processor.py:840} INFO - DAG(s) 'produce_json' retrieved from /opt/airflow/dags/main.py
[2026-07-30T20:25:36.551+0000] {logging_mixin.py:188} INFO - [2026-07-30T20:25:36.551+0000] {dag.py:3096} INFO - Sync 1 DAGs
[2026-07-30T20:25:36.565+0000] {logging_mixin.py:188} INFO - [2026-07-30T20:25:36.565+0000] {dag.py:3954} INFO - Setting next_dagrun for produce_json to 2026-07-30 18:00:00+00:00, run_after=2026-07-31 18:00:00+00:00
[2026-07-30T20:25:36.578+0000] {processor.py:183} INFO - Processing /opt/airflow/dags/main.py took 0.076 seconds
[2026-07-30T20:26:06.642+0000] {processor.py:161} INFO - Started process (PID=1022) to work on /opt/airflow/dags/main.py
[2026-07-30T20:26:06.642+0000] {processor.py:830} INFO - Processing file /opt/airflow/dags/main.py for tasks to queue
[2026-07-30T20:26:06.643+0000] {logging_mixin.py:188} INFO - [2026-07-30T20:26:06.643+0000] {dagbag.py:545} INFO - Filling up the DagBag from /opt/airflow/dags/main.py
[2026-07-30T20:26:06.662+0000] {processor.py:840} INFO - DAG(s) 'produce_json' retrieved from /opt/airflow/dags/main.py
[2026-07-30T20:26:06.683+0000] {logging_mixin.py:188} INFO - [2026-07-30T20:26:06.683+0000] {dag.py:3096} INFO - Sync 1 DAGs
[2026-07-30T20:26:06.699+0000] {logging_mixin.py:188} INFO - [2026-07-30T20:26:06.699+0000] {dag.py:3954} INFO - Setting next_dagrun for produce_json to 2026-07-30 18:00:00+00:00, run_after=2026-07-31 18:00:00+00:00
[2026-07-30T20:26:06.711+0000] {processor.py:183} INFO - Processing /opt/airflow/dags/main.py took 0.074 seconds
[2026-07-30T20:26:36.813+0000] {processor.py:161} INFO - Started process (PID=1029) to work on /opt/airflow/dags/main.py
[2026-07-30T20:26:36.814+0000] {processor.py:830} INFO - Processing file /opt/airflow/dags/main.py for tasks to queue
[2026-07-30T20:26:36.815+0000] {logging_mixin.py:188} INFO - [2026-07-30T20:26:36.815+0000] {dagbag.py:545} INFO - Filling up the DagBag from /opt/airflow/dags/main.py
[2026-07-30T20:26:36.835+0000] {processor.py:840} INFO - DAG(s) 'produce_json' retrieved from /opt/airflow/dags/main.py
[2026-07-30T20:26:36.854+0000] {logging_mixin.py:188} INFO - [2026-07-30T20:26:36.854+0000] {dag.py:3096} INFO - Sync 1 DAGs
[2026-07-30T20:26:36.875+0000] {logging_mixin.py:188} INFO - [2026-07-30T20:26:36.875+0000] {dag.py:3954} INFO - Setting next_dagrun for produce_json to 2026-07-30 18:00:00+00:00, run_after=2026-07-31 18:00:00+00:00
[2026-07-30T20:26:36.891+0000] {processor.py:183} INFO - Processing /opt/airflow/dags/main.py took 0.085 seconds
[2026-07-30T20:27:06.950+0000] {processor.py:161} INFO - Started process (PID=1036) to work on /opt/airflow/dags/main.py
[2026-07-30T20:27:06.951+0000] {processor.py:830} INFO - Processing file /opt/airflow/dags/main.py for tasks to queue
[2026-07-30T20:27:06.953+0000] {logging_mixin.py:188} INFO - [2026-07-30T20:27:06.952+0000] {dagbag.py:545} INFO - Filling up the DagBag from /opt/airflow/dags/main.py
[2026-07-30T20:27:06.985+0000] {processor.py:840} INFO - DAG(s) 'produce_json' retrieved from /opt/airflow/dags/main.py
[2026-07-30T20:27:07.005+0000] {logging_mixin.py:188} INFO - [2026-07-30T20:27:07.005+0000] {dag.py:3096} INFO - Sync 1 DAGs
[2026-07-30T20:27:07.020+0000] {logging_mixin.py:188} INFO - [2026-07-30T20:27:07.020+0000] {dag.py:3954} INFO - Setting next_dagrun for produce_json to 2026-07-30 18:00:00+00:00, run_after=2026-07-31 18:00:00+00:00
[2026-07-30T20:27:07.041+0000] {processor.py:183} INFO - Processing /opt/airflow/dags/main.py took 0.101 seconds
[2026-07-30T20:27:37.118+0000] {processor.py:161} INFO - Started process (PID=1042) to work on /opt/airflow/dags/main.py
[2026-07-30T20:27:37.118+0000] {processor.py:830} INFO - Processing file /opt/airflow/dags/main.py for tasks to queue
[2026-07-30T20:27:37.120+0000] {logging_mixin.py:188} INFO - [2026-07-30T20:27:37.120+0000] {dagbag.py:545} INFO - Filling up the DagBag from /opt/airflow/dags/main.py
[2026-07-30T20:27:37.139+0000] {processor.py:840} INFO - DAG(s) 'produce_json' retrieved from /opt/airflow/dags/main.py
[2026-07-30T20:27:37.164+0000] {logging_mixin.py:188} INFO - [2026-07-30T20:27:37.164+0000] {dag.py:3096} INFO - Sync 1 DAGs
[2026-07-30T20:27:37.178+0000] {logging_mixin.py:188} INFO - [2026-07-30T20:27:37.178+0000] {dag.py:3954} INFO - Setting next_dagrun for produce_json to 2026-07-30 18:00:00+00:00, run_after=2026-07-31 18:00:00+00:00
[2026-07-30T20:27:37.191+0000] {processor.py:183} INFO - Processing /opt/airflow/dags/main.py took 0.078 seconds
[2026-07-30T20:28:07.258+0000] {processor.py:161} INFO - Started process (PID=1049) to work on /opt/airflow/dags/main.py
[2026-07-30T20:28:07.259+0000] {processor.py:830} INFO - Processing file /opt/airflow/dags/main.py for tasks to queue
[2026-07-30T20:28:07.262+0000] {logging_mixin.py:188} INFO - [2026-07-30T20:28:07.261+0000] {dagbag.py:545} INFO - Filling up the DagBag from /opt/airflow/dags/main.py
[2026-07-30T20:28:07.283+0000] {processor.py:840} INFO - DAG(s) 'produce_json' retrieved from /opt/airflow/dags/main.py
[2026-07-30T20:28:07.304+0000] {logging_mixin.py:188} INFO - [2026-07-30T20:28:07.304+0000] {dag.py:3096} INFO - Sync 1 DAGs
[2026-07-30T20:28:07.318+0000] {logging_mixin.py:188} INFO - [2026-07-30T20:28:07.318+0000] {dag.py:3954} INFO - Setting next_dagrun for produce_json to 2026-07-30 18:00:00+00:00, run_after=2026-07-31 18:00:00+00:00
[2026-07-30T20:28:07.332+0000] {processor.py:183} INFO - Processing /opt/airflow/dags/main.py took 0.089 seconds
[2026-07-30T20:28:37.377+0000] {processor.py:161} INFO - Started process (PID=1056) to work on /opt/airflow/dags/main.py
[2026-07-30T20:28:37.377+0000] {processor.py:830} INFO - Processing file /opt/airflow/dags/main.py for tasks to queue
[2026-07-30T20:28:37.378+0000] {logging_mixin.py:188} INFO - [2026-07-30T20:28:37.378+0000] {dagbag.py:545} INFO - Filling up the DagBag from /opt/airflow/dags/main.py
[2026-07-30T20:28:37.395+0000] {processor.py:840} INFO - DAG(s) 'produce_json' retrieved from /opt/airflow/dags/main.py
[2026-07-30T20:28:37.418+0000] {logging_mixin.py:188} INFO - [2026-07-30T20:28:37.418+0000] {dag.py:3096} INFO - Sync 1 DAGs
[2026-07-30T20:28:37.436+0000] {logging_mixin.py:188} INFO - [2026-07-30T20:28:37.436+0000] {dag.py:3954} INFO - Setting next_dagrun for produce_json to 2026-07-30 18:00:00+00:00, run_after=2026-07-31 18:00:00+00:00
[2026-07-30T20:28:37.450+0000] {processor.py:183} INFO - Processing /opt/airflow/dags/main.py took 0.077 seconds
[2026-07-30T20:29:07.512+0000] {processor.py:161} INFO - Started process (PID=1063) to work on /opt/airflow/dags/main.py
[2026-07-30T20:29:07.512+0000] {processor.py:830} INFO - Processing file /opt/airflow/dags/main.py for tasks to queue
[2026-07-30T20:29:07.513+0000] {logging_mixin.py:188} INFO - [2026-07-30T20:29:07.513+0000] {dagbag.py:545} INFO - Filling up the DagBag from /opt/airflow/dags/main.py
[2026-07-30T20:29:07.530+0000] {processor.py:840} INFO - DAG(s) 'produce_json' retrieved from /opt/airflow/dags/main.py
[2026-07-30T20:29:07.550+0000] {logging_mixin.py:188} INFO - [2026-07-30T20:29:07.549+0000] {dag.py:3096} INFO - Sync 1 DAGs
[2026-07-30T20:29:07.564+0000] {logging_mixin.py:188} INFO - [2026-07-30T20:29:07.564+0000] {dag.py:3954} INFO - Setting next_dagrun for produce_json to 2026-07-30 18:00:00+00:00, run_after=2026-07-31 18:00:00+00:00
[2026-07-30T20:29:07.577+0000] {processor.py:183} INFO - Processing /opt/airflow/dags/main.py took 0.070 seconds
[2026-07-30T20:29:37.642+0000] {processor.py:161} INFO - Started process (PID=1069) to work on /opt/airflow/dags/main.py
[2026-07-30T20:29:37.643+0000] {processor.py:830} INFO - Processing file /opt/airflow/dags/main.py for tasks to queue
[2026-07-30T20:29:37.644+0000] {logging_mixin.py:188} INFO - [2026-07-30T20:29:37.644+0000] {dagbag.py:545} INFO - Filling up the DagBag from /opt/airflow/dags/main.py
[2026-07-30T20:29:37.666+0000] {processor.py:840} INFO - DAG(s) 'produce_json' retrieved from /opt/airflow/dags/main.py
[2026-07-30T20:29:37.685+0000] {logging_mixin.py:188} INFO - [2026-07-30T20:29:37.685+0000] {dag.py:3096} INFO - Sync 1 DAGs
[2026-07-30T20:29:37.700+0000] {logging_mixin.py:188} INFO - [2026-07-30T20:29:37.699+0000] {dag.py:3954} INFO - Setting next_dagrun for produce_json to 2026-07-30 18:00:00+00:00, run_after=2026-07-31 18:00:00+00:00
[2026-07-30T20:29:37.712+0000] {processor.py:183} INFO - Processing /opt/airflow/dags/main.py took 0.074 seconds
[2026-07-30T20:30:07.812+0000] {processor.py:161} INFO - Started process (PID=1076) to work on /opt/airflow/dags/main.py
[2026-07-30T20:30:07.813+0000] {processor.py:830} INFO - Processing file /opt/airflow/dags/main.py for tasks to queue
[2026-07-30T20:30:07.816+0000] {logging_mixin.py:188} INFO - [2026-07-30T20:30:07.816+0000] {dagbag.py:545} INFO - Filling up the DagBag from /opt/airflow/dags/main.py
[2026-07-30T20:30:07.833+0000] {processor.py:840} INFO - DAG(s) 'produce_json' retrieved from /opt/airflow/dags/main.py
[2026-07-30T20:30:07.853+0000] {logging_mixin.py:188} INFO - [2026-07-30T20:30:07.853+0000] {dag.py:3096} INFO - Sync 1 DAGs
[2026-07-30T20:30:07.867+0000] {logging_mixin.py:188} INFO - [2026-07-30T20:30:07.867+0000] {dag.py:3954} INFO - Setting next_dagrun for produce_json to 2026-07-30 18:00:00+00:00, run_after=2026-07-31 18:00:00+00:00
[2026-07-30T20:30:07.879+0000] {processor.py:183} INFO - Processing /opt/airflow/dags/main.py took 0.075 seconds
[2026-07-30T20:30:37.941+0000] {processor.py:161} INFO - Started process (PID=1083) to work on /opt/airflow/dags/main.py
[2026-07-30T20:30:37.944+0000] {processor.py:830} INFO - Processing file /opt/airflow/dags/main.py for tasks to queue
[2026-07-30T20:30:37.946+0000] {logging_mixin.py:188} INFO - [2026-07-30T20:30:37.946+0000] {dagbag.py:545} INFO - Filling up the DagBag from /opt/airflow/dags/main.py
[2026-07-30T20:30:37.968+0000] {processor.py:840} INFO - DAG(s) 'produce_json' retrieved from /opt/airflow/dags/main.py
[2026-07-30T20:30:37.989+0000] {logging_mixin.py:188} INFO - [2026-07-30T20:30:37.989+0000] {dag.py:3096} INFO - Sync 1 DAGs
[2026-07-30T20:30:38.002+0000] {logging_mixin.py:188} INFO - [2026-07-30T20:30:38.002+0000] {dag.py:3954} INFO - Setting next_dagrun for produce_json to 2026-07-30 18:00:00+00:00, run_after=2026-07-31 18:00:00+00:00
[2026-07-30T20:30:38.014+0000] {processor.py:183} INFO - Processing /opt/airflow/dags/main.py took 0.077 seconds
[2026-07-30T20:31:08.096+0000] {processor.py:161} INFO - Started process (PID=1090) to work on /opt/airflow/dags/main.py
[2026-07-30T20:31:08.097+0000] {processor.py:830} INFO - Processing file /opt/airflow/dags/main.py for tasks to queue
[2026-07-30T20:31:08.098+0000] {logging_mixin.py:188} INFO - [2026-07-30T20:31:08.098+0000] {dagbag.py:545} INFO - Filling up the DagBag from /opt/airflow/dags/main.py
[2026-07-30T20:31:08.116+0000] {processor.py:840} INFO - DAG(s) 'produce_json' retrieved from /opt/airflow/dags/main.py
[2026-07-30T20:31:08.137+0000] {logging_mixin.py:188} INFO - [2026-07-30T20:31:08.137+0000] {dag.py:3096} INFO - Sync 1 DAGs
[2026-07-30T20:31:08.151+0000] {logging_mixin.py:188} INFO - [2026-07-30T20:31:08.151+0000] {dag.py:3954} INFO - Setting next_dagrun for produce_json to 2026-07-30 18:00:00+00:00, run_after=2026-07-31 18:00:00+00:00
[2026-07-30T20:31:08.164+0000] {processor.py:183} INFO - Processing /opt/airflow/dags/main.py took 0.072 seconds
[2026-07-30T20:31:38.250+0000] {processor.py:161} INFO - Started process (PID=1097) to work on /opt/airflow/dags/main.py
[2026-07-30T20:31:38.252+0000] {processor.py:830} INFO - Processing file /opt/airflow/dags/main.py for tasks to queue
[2026-07-30T20:31:38.254+0000] {logging_mixin.py:188} INFO - [2026-07-30T20:31:38.253+0000] {dagbag.py:545} INFO - Filling up the DagBag from /opt/airflow/dags/main.py
[2026-07-30T20:31:38.279+0000] {processor.py:840} INFO - DAG(s) 'produce_json' retrieved from /opt/airflow/dags/main.py
[2026-07-30T20:31:38.299+0000] {logging_mixin.py:188} INFO - [2026-07-30T20:31:38.298+0000] {dag.py:3096} INFO - Sync 1 DAGs
[2026-07-30T20:31:38.315+0000] {logging_mixin.py:188} INFO - [2026-07-30T20:31:38.315+0000] {dag.py:3954} INFO - Setting next_dagrun for produce_json to 2026-07-30 18:00:00+00:00, run_after=2026-07-31 18:00:00+00:00
[2026-07-30T20:31:38.328+0000] {processor.py:183} INFO - Processing /opt/airflow/dags/main.py took 0.082 seconds
[2026-07-30T20:32:08.349+0000] {processor.py:161} INFO - Started process (PID=1104) to work on /opt/airflow/dags/main.py
[2026-07-30T20:32:08.349+0000] {processor.py:830} INFO - Processing file /opt/airflow/dags/main.py for tasks to queue
[2026-07-30T20:32:08.350+0000] {logging_mixin.py:188} INFO - [2026-07-30T20:32:08.350+0000] {dagbag.py:545} INFO - Filling up the DagBag from /opt/airflow/dags/main.py
[2026-07-30T20:32:08.367+0000] {processor.py:840} INFO - DAG(s) 'produce_json' retrieved from /opt/airflow/dags/main.py
[2026-07-30T20:32:08.390+0000] {logging_mixin.py:188} INFO - [2026-07-30T20:32:08.389+0000] {dag.py:3096} INFO - Sync 1 DAGs
[2026-07-30T20:32:08.406+0000] {logging_mixin.py:188} INFO - [2026-07-30T20:32:08.405+0000] {dag.py:3954} INFO - Setting next_dagrun for produce_json to 2026-07-30 18:00:00+00:00, run_after=2026-07-31 18:00:00+00:00
[2026-07-30T20:32:08.419+0000] {processor.py:183} INFO - Processing /opt/airflow/dags/main.py took 0.075 seconds
[2026-07-30T20:32:38.544+0000] {processor.py:161} INFO - Started process (PID=1111) to work on /opt/airflow/dags/main.py
[2026-07-30T20:32:38.546+0000] {processor.py:830} INFO - Processing file /opt/airflow/dags/main.py for tasks to queue
[2026-07-30T20:32:38.550+0000] {logging_mixin.py:188} INFO - [2026-07-30T20:32:38.550+0000] {dagbag.py:545} INFO - Filling up the DagBag from /opt/airflow/dags/main.py
[2026-07-30T20:32:38.567+0000] {processor.py:840} INFO - DAG(s) 'produce_json' retrieved from /opt/airflow/dags/main.py
[2026-07-30T20:32:38.589+0000] {logging_mixin.py:188} INFO - [2026-07-30T20:32:38.589+0000] {dag.py:3096} INFO - Sync 1 DAGs
[2026-07-30T20:32:38.604+0000] {logging_mixin.py:188} INFO - [2026-07-30T20:32:38.604+0000] {dag.py:3954} INFO - Setting next_dagrun for produce_json to 2026-07-30 18:00:00+00:00, run_after=2026-07-31 18:00:00+00:00
[2026-07-30T20:32:38.620+0000] {processor.py:183} INFO - Processing /opt/airflow/dags/main.py took 0.082 seconds
[2026-07-30T20:33:08.711+0000] {processor.py:161} INFO - Started process (PID=1118) to work on /opt/airflow/dags/main.py
[2026-07-30T20:33:08.712+0000] {processor.py:830} INFO - Processing file /opt/airflow/dags/main.py for tasks to queue
[2026-07-30T20:33:08.714+0000] {logging_mixin.py:188} INFO - [2026-07-30T20:33:08.713+0000] {dagbag.py:545} INFO - Filling up the DagBag from /opt/airflow/dags/main.py
[2026-07-30T20:33:08.734+0000] {processor.py:840} INFO - DAG(s) 'produce_json' retrieved from /opt/airflow/dags/main.py
[2026-07-30T20:33:08.760+0000] {logging_mixin.py:188} INFO - [2026-07-30T20:33:08.760+0000] {dag.py:3096} INFO - Sync 1 DAGs
[2026-07-30T20:33:08.785+0000] {logging_mixin.py:188} INFO - [2026-07-30T20:33:08.785+0000] {dag.py:3954} INFO - Setting next_dagrun for produce_json to 2026-07-30 18:00:00+00:00, run_after=2026-07-31 18:00:00+00:00
[2026-07-30T20:33:08.800+0000] {processor.py:183} INFO - Processing /opt/airflow/dags/main.py took 0.098 seconds
[2026-07-30T20:33:38.797+0000] {processor.py:161} INFO - Started process (PID=1124) to work on /opt/airflow/dags/main.py
[2026-07-30T20:33:38.799+0000] {processor.py:830} INFO - Processing file /opt/airflow/dags/main.py for tasks to queue
[2026-07-30T20:33:38.800+0000] {logging_mixin.py:188} INFO - [2026-07-30T20:33:38.800+0000] {dagbag.py:545} INFO - Filling up the DagBag from /opt/airflow/dags/main.py
[2026-07-30T20:33:38.818+0000] {processor.py:840} INFO - DAG(s) 'produce_json' retrieved from /opt/airflow/dags/main.py
[2026-07-30T20:33:38.838+0000] {logging_mixin.py:188} INFO - [2026-07-30T20:33:38.838+0000] {dag.py:3096} INFO - Sync 1 DAGs
[2026-07-30T20:33:38.854+0000] {logging_mixin.py:188} INFO - [2026-07-30T20:33:38.853+0000] {dag.py:3954} INFO - Setting next_dagrun for produce_json to 2026-07-30 18:00:00+00:00, run_after=2026-07-31 18:00:00+00:00
[2026-07-30T20:33:38.870+0000] {processor.py:183} INFO - Processing /opt/airflow/dags/main.py took 0.078 seconds
[2026-07-30T20:34:08.982+0000] {processor.py:161} INFO - Started process (PID=1130) to work on /opt/airflow/dags/main.py
[2026-07-30T20:34:08.982+0000] {processor.py:830} INFO - Processing file /opt/airflow/dags/main.py for tasks to queue
[2026-07-30T20:34:08.983+0000] {logging_mixin.py:188} INFO - [2026-07-30T20:34:08.983+0000] {dagbag.py:545} INFO - Filling up the DagBag from /opt/airflow/dags/main.py
[2026-07-30T20:34:09.000+0000] {processor.py:840} INFO - DAG(s) 'produce_json' retrieved from /opt/airflow/dags/main.py
[2026-07-30T20:34:09.021+0000] {logging_mixin.py:188} INFO - [2026-07-30T20:34:09.021+0000] {dag.py:3096} INFO - Sync 1 DAGs
[2026-07-30T20:34:09.034+0000] {logging_mixin.py:188} INFO - [2026-07-30T20:34:09.034+0000] {dag.py:3954} INFO - Setting next_dagrun for produce_json to 2026-07-30 18:00:00+00:00, run_after=2026-07-31 18:00:00+00:00
[2026-07-30T20:34:09.046+0000] {processor.py:183} INFO - Processing /opt/airflow/dags/main.py took 0.068 seconds
[2026-07-30T20:34:39.130+0000] {processor.py:161} INFO - Started process (PID=1137) to work on /opt/airflow/dags/main.py
[2026-07-30T20:34:39.131+0000] {processor.py:830} INFO - Processing file /opt/airflow/dags/main.py for tasks to queue
[2026-07-30T20:34:39.133+0000] {logging_mixin.py:188} INFO - [2026-07-30T20:34:39.133+0000] {dagbag.py:545} INFO - Filling up the DagBag from /opt/airflow/dags/main.py
[2026-07-30T20:34:39.152+0000] {processor.py:840} INFO - DAG(s) 'produce_json' retrieved from /opt/airflow/dags/main.py
[2026-07-30T20:34:39.173+0000] {logging_mixin.py:188} INFO - [2026-07-30T20:34:39.173+0000] {dag.py:3096} INFO - Sync 1 DAGs
[2026-07-30T20:34:39.192+0000] {logging_mixin.py:188} INFO - [2026-07-30T20:34:39.192+0000] {dag.py:3954} INFO - Setting next_dagrun for produce_json to 2026-07-30 18:00:00+00:00, run_after=2026-07-31 18:00:00+00:00
[2026-07-30T20:34:39.204+0000] {processor.py:183} INFO - Processing /opt/airflow/dags/main.py took 0.079 seconds
[2026-07-30T20:35:09.266+0000] {processor.py:161} INFO - Started process (PID=1144) to work on /opt/airflow/dags/main.py
[2026-07-30T20:35:09.266+0000] {processor.py:830} INFO - Processing file /opt/airflow/dags/main.py for tasks to queue
[2026-07-30T20:35:09.268+0000] {logging_mixin.py:188} INFO - [2026-07-30T20:35:09.268+0000] {dagbag.py:545} INFO - Filling up the DagBag from /opt/airflow/dags/main.py
[2026-07-30T20:35:09.289+0000] {processor.py:840} INFO - DAG(s) 'produce_json' retrieved from /opt/airflow/dags/main.py
[2026-07-30T20:35:09.311+0000] {logging_mixin.py:188} INFO - [2026-07-30T20:35:09.311+0000] {dag.py:3096} INFO - Sync 1 DAGs
[2026-07-30T20:35:09.325+0000] {logging_mixin.py:188} INFO - [2026-07-30T20:35:09.325+0000] {dag.py:3954} INFO - Setting next_dagrun for produce_json to 2026-07-30 18:00:00+00:00, run_after=2026-07-31 18:00:00+00:00
[2026-07-30T20:35:09.342+0000] {processor.py:183} INFO - Processing /opt/airflow/dags/main.py took 0.081 seconds
[2026-07-30T20:35:39.387+0000] {processor.py:161} INFO - Started process (PID=1151) to work on /opt/airflow/dags/main.py
[2026-07-30T20:35:39.389+0000] {processor.py:830} INFO - Processing file /opt/airflow/dags/main.py for tasks to queue
[2026-07-30T20:35:39.391+0000] {logging_mixin.py:188} INFO - [2026-07-30T20:35:39.390+0000] {dagbag.py:545} INFO - Filling up the DagBag from /opt/airflow/dags/main.py
[2026-07-30T20:35:39.408+0000] {processor.py:840} INFO - DAG(s) 'produce_json' retrieved from /opt/airflow/dags/main.py
[2026-07-30T20:35:39.429+0000] {logging_mixin.py:188} INFO - [2026-07-30T20:35:39.429+0000] {dag.py:3096} INFO - Sync 1 DAGs
[2026-07-30T20:35:39.442+0000] {logging_mixin.py:188} INFO - [2026-07-30T20:35:39.442+0000] {dag.py:3954} INFO - Setting next_dagrun for produce_json to 2026-07-30 18:00:00+00:00, run_after=2026-07-31 18:00:00+00:00
[2026-07-30T20:35:39.454+0000] {processor.py:183} INFO - Processing /opt/airflow/dags/main.py took 0.071 seconds
[2026-07-30T20:36:09.530+0000] {processor.py:161} INFO - Started process (PID=1158) to work on /opt/airflow/dags/main.py
[2026-07-30T20:36:09.530+0000] {processor.py:830} INFO - Processing file /opt/airflow/dags/main.py for tasks to queue
[2026-07-30T20:36:09.531+0000] {logging_mixin.py:188} INFO - [2026-07-30T20:36:09.531+0000] {dagbag.py:545} INFO - Filling up the DagBag from /opt/airflow/dags/main.py
[2026-07-30T20:36:09.550+0000] {processor.py:840} INFO - DAG(s) 'produce_json' retrieved from /opt/airflow/dags/main.py
[2026-07-30T20:36:09.570+0000] {logging_mixin.py:188} INFO - [2026-07-30T20:36:09.570+0000] {dag.py:3096} INFO - Sync 1 DAGs
[2026-07-30T20:36:09.584+0000] {logging_mixin.py:188} INFO - [2026-07-30T20:36:09.583+0000] {dag.py:3954} INFO - Setting next_dagrun for produce_json to 2026-07-30 18:00:00+00:00, run_after=2026-07-31 18:00:00+00:00
[2026-07-30T20:36:09.596+0000] {processor.py:183} INFO - Processing /opt/airflow/dags/main.py took 0.070 seconds
[2026-07-30T20:36:39.646+0000] {processor.py:161} INFO - Started process (PID=1165) to work on /opt/airflow/dags/main.py
[2026-07-30T20:36:39.647+0000] {processor.py:830} INFO - Processing file /opt/airflow/dags/main.py for tasks to queue
[2026-07-30T20:36:39.649+0000] {logging_mixin.py:188} INFO - [2026-07-30T20:36:39.649+0000] {dagbag.py:545} INFO - Filling up the DagBag from /opt/airflow/dags/main.py
[2026-07-30T20:36:39.668+0000] {processor.py:840} INFO - DAG(s) 'produce_json' retrieved from /opt/airflow/dags/main.py
[2026-07-30T20:36:39.689+0000] {logging_mixin.py:188} INFO - [2026-07-30T20:36:39.689+0000] {dag.py:3096} INFO - Sync 1 DAGs
[2026-07-30T20:36:39.703+0000] {logging_mixin.py:188} INFO - [2026-07-30T20:36:39.703+0000] {dag.py:3954} INFO - Setting next_dagrun for produce_json to 2026-07-30 18:00:00+00:00, run_after=2026-07-31 18:00:00+00:00
[2026-07-30T20:36:39.716+0000] {processor.py:183} INFO - Processing /opt/airflow/dags/main.py took 0.075 seconds
[2026-07-30T20:37:09.822+0000] {processor.py:161} INFO - Started process (PID=1172) to work on /opt/airflow/dags/main.py
[2026-07-30T20:37:09.823+0000] {processor.py:830} INFO - Processing file /opt/airflow/dags/main.py for tasks to queue
[2026-07-30T20:37:09.824+0000] {logging_mixin.py:188} INFO - [2026-07-30T20:37:09.824+0000] {dagbag.py:545} INFO - Filling up the DagBag from /opt/airflow/dags/main.py
[2026-07-30T20:37:09.843+0000] {processor.py:840} INFO - DAG(s) 'produce_json' retrieved from /opt/airflow/dags/main.py
[2026-07-30T20:37:09.865+0000] {logging_mixin.py:188} INFO - [2026-07-30T20:37:09.865+0000] {dag.py:3096} INFO - Sync 1 DAGs
[2026-07-30T20:37:09.878+0000] {logging_mixin.py:188} INFO - [2026-07-30T20:37:09.878+0000] {dag.py:3954} INFO - Setting next_dagrun for produce_json to 2026-07-30 18:00:00+00:00, run_after=2026-07-31 18:00:00+00:00
[2026-07-30T20:37:09.891+0000] {processor.py:183} INFO - Processing /opt/airflow/dags/main.py took 0.077 seconds
[2026-07-30T20:56:30.248+0000] {processor.py:161} INFO - Started process (PID=1173) to work on /opt/airflow/dags/main.py
[2026-07-30T20:56:30.253+0000] {processor.py:830} INFO - Processing file /opt/airflow/dags/main.py for tasks to queue
[2026-07-30T20:56:30.259+0000] {logging_mixin.py:188} INFO - [2026-07-30T20:56:30.258+0000] {dagbag.py:545} INFO - Filling up the DagBag from /opt/airflow/dags/main.py
[2026-07-30T20:56:30.313+0000] {processor.py:840} INFO - DAG(s) 'produce_json' retrieved from /opt/airflow/dags/main.py
[2026-07-30T20:56:30.336+0000] {logging_mixin.py:188} INFO - [2026-07-30T20:56:30.336+0000] {dag.py:3096} INFO - Sync 1 DAGs
[2026-07-30T20:56:30.370+0000] {logging_mixin.py:188} INFO - [2026-07-30T20:56:30.369+0000] {dag.py:3954} INFO - Setting next_dagrun for produce_json to 2026-07-30 18:00:00+00:00, run_after=2026-07-31 18:00:00+00:00
[2026-07-30T20:56:30.403+0000] {processor.py:183} INFO - Processing /opt/airflow/dags/main.py took 0.171 seconds
[2026-07-30T20:57:00.455+0000] {processor.py:161} INFO - Started process (PID=1180) to work on /opt/airflow/dags/main.py
[2026-07-30T20:57:00.459+0000] {processor.py:830} INFO - Processing file /opt/airflow/dags/main.py for tasks to queue
[2026-07-30T20:57:00.461+0000] {logging_mixin.py:188} INFO - [2026-07-30T20:57:00.461+0000] {dagbag.py:545} INFO - Filling up the DagBag from /opt/airflow/dags/main.py
[2026-07-30T20:57:00.482+0000] {processor.py:840} INFO - DAG(s) 'produce_json' retrieved from /opt/airflow/dags/main.py
[2026-07-30T20:57:00.506+0000] {logging_mixin.py:188} INFO - [2026-07-30T20:57:00.506+0000] {dag.py:3096} INFO - Sync 1 DAGs
[2026-07-30T20:57:00.521+0000] {logging_mixin.py:188} INFO - [2026-07-30T20:57:00.521+0000] {dag.py:3954} INFO - Setting next_dagrun for produce_json to 2026-07-30 18:00:00+00:00, run_after=2026-07-31 18:00:00+00:00
[2026-07-30T20:57:00.540+0000] {processor.py:183} INFO - Processing /opt/airflow/dags/main.py took 0.098 seconds
[2026-07-30T20:57:30.598+0000] {processor.py:161} INFO - Started process (PID=1187) to work on /opt/airflow/dags/main.py
[2026-07-30T20:57:30.600+0000] {processor.py:830} INFO - Processing file /opt/airflow/dags/main.py for tasks to queue
[2026-07-30T20:57:30.601+0000] {logging_mixin.py:188} INFO - [2026-07-30T20:57:30.601+0000] {dagbag.py:545} INFO - Filling up the DagBag from /opt/airflow/dags/main.py
[2026-07-30T20:57:30.622+0000] {processor.py:840} INFO - DAG(s) 'produce_json' retrieved from /opt/airflow/dags/main.py
[2026-07-30T20:57:30.643+0000] {logging_mixin.py:188} INFO - [2026-07-30T20:57:30.643+0000] {dag.py:3096} INFO - Sync 1 DAGs
[2026-07-30T20:57:30.657+0000] {logging_mixin.py:188} INFO - [2026-07-30T20:57:30.657+0000] {dag.py:3954} INFO - Setting next_dagrun for produce_json to 2026-07-30 18:00:00+00:00, run_after=2026-07-31 18:00:00+00:00
[2026-07-30T20:57:30.672+0000] {processor.py:183} INFO - Processing /opt/airflow/dags/main.py took 0.078 seconds
[2026-07-30T20:58:00.790+0000] {processor.py:161} INFO - Started process (PID=1194) to work on /opt/airflow/dags/main.py
[2026-07-30T20:58:00.791+0000] {processor.py:830} INFO - Processing file /opt/airflow/dags/main.py for tasks to queue
[2026-07-30T20:58:00.792+0000] {logging_mixin.py:188} INFO - [2026-07-30T20:58:00.792+0000] {dagbag.py:545} INFO - Filling up the DagBag from /opt/airflow/dags/main.py
[2026-07-30T20:58:00.809+0000] {processor.py:840} INFO - DAG(s) 'produce_json' retrieved from /opt/airflow/dags/main.py
[2026-07-30T20:58:00.828+0000] {logging_mixin.py:188} INFO - [2026-07-30T20:58:00.828+0000] {dag.py:3096} INFO - Sync 1 DAGs
[2026-07-30T20:58:00.842+0000] {logging_mixin.py:188} INFO - [2026-07-30T20:58:00.842+0000] {dag.py:3954} INFO - Setting next_dagrun for produce_json to 2026-07-30 18:00:00+00:00, run_after=2026-07-31 18:00:00+00:00
[2026-07-30T20:58:00.855+0000] {processor.py:183} INFO - Processing /opt/airflow/dags/main.py took 0.069 seconds
[2026-07-30T20:58:30.946+0000] {processor.py:161} INFO - Started process (PID=1201) to work on /opt/airflow/dags/main.py
[2026-07-30T20:58:30.948+0000] {processor.py:830} INFO - Processing file /opt/airflow/dags/main.py for tasks to queue
[2026-07-30T20:58:30.949+0000] {logging_mixin.py:188} INFO - [2026-07-30T20:58:30.949+0000] {dagbag.py:545} INFO - Filling up the DagBag from /opt/airflow/dags/main.py
[2026-07-30T20:58:30.965+0000] {processor.py:840} INFO - DAG(s) 'produce_json' retrieved from /opt/airflow/dags/main.py
[2026-07-30T20:58:30.987+0000] {logging_mixin.py:188} INFO - [2026-07-30T20:58:30.987+0000] {dag.py:3096} INFO - Sync 1 DAGs
[2026-07-30T20:58:31.001+0000] {logging_mixin.py:188} INFO - [2026-07-30T20:58:31.001+0000] {dag.py:3954} INFO - Setting next_dagrun for produce_json to 2026-07-30 18:00:00+00:00, run_after=2026-07-31 18:00:00+00:00
[2026-07-30T20:58:31.013+0000] {processor.py:183} INFO - Processing /opt/airflow/dags/main.py took 0.072 seconds
[2026-07-30T20:59:01.130+0000] {processor.py:161} INFO - Started process (PID=1207) to work on /opt/airflow/dags/main.py
[2026-07-30T20:59:01.131+0000] {processor.py:830} INFO - Processing file /opt/airflow/dags/main.py for tasks to queue
[2026-07-30T20:59:01.132+0000] {logging_mixin.py:188} INFO - [2026-07-30T20:59:01.132+0000] {dagbag.py:545} INFO - Filling up the DagBag from /opt/airflow/dags/main.py
[2026-07-30T20:59:01.149+0000] {processor.py:840} INFO - DAG(s) 'produce_json' retrieved from /opt/airflow/dags/main.py
[2026-07-30T20:59:01.170+0000] {logging_mixin.py:188} INFO - [2026-07-30T20:59:01.170+0000] {dag.py:3096} INFO - Sync 1 DAGs
[2026-07-30T20:59:01.186+0000] {logging_mixin.py:188} INFO - [2026-07-30T20:59:01.186+0000] {dag.py:3954} INFO - Setting next_dagrun for produce_json to 2026-07-30 18:00:00+00:00, run_after=2026-07-31 18:00:00+00:00
[2026-07-30T20:59:01.200+0000] {processor.py:183} INFO - Processing /opt/airflow/dags/main.py took 0.074 seconds
[2026-07-30T20:59:31.283+0000] {processor.py:161} INFO - Started process (PID=1214) to work on /opt/airflow/dags/main.py
[2026-07-30T20:59:31.283+0000] {processor.py:830} INFO - Processing file /opt/airflow/dags/main.py for tasks to queue
[2026-07-30T20:59:31.285+0000] {logging_mixin.py:188} INFO - [2026-07-30T20:59:31.284+0000] {dagbag.py:545} INFO - Filling up the DagBag from /opt/airflow/dags/main.py
[2026-07-30T20:59:31.303+0000] {processor.py:840} INFO - DAG(s) 'produce_json' retrieved from /opt/airflow/dags/main.py
[2026-07-30T20:59:31.324+0000] {logging_mixin.py:188} INFO - [2026-07-30T20:59:31.324+0000] {dag.py:3096} INFO - Sync 1 DAGs
[2026-07-30T20:59:31.338+0000] {logging_mixin.py:188} INFO - [2026-07-30T20:59:31.338+0000] {dag.py:3954} INFO - Setting next_dagrun for produce_json to 2026-07-30 18:00:00+00:00, run_after=2026-07-31 18:00:00+00:00
[2026-07-30T20:59:31.352+0000] {processor.py:183} INFO - Processing /opt/airflow/dags/main.py took 0.073 seconds
[2026-07-30T21:00:01.385+0000] {processor.py:161} INFO - Started process (PID=1221) to work on /opt/airflow/dags/main.py
[2026-07-30T21:00:01.385+0000] {processor.py:830} INFO - Processing file /opt/airflow/dags/main.py for tasks to queue
[2026-07-30T21:00:01.387+0000] {logging_mixin.py:188} INFO - [2026-07-30T21:00:01.387+0000] {dagbag.py:545} INFO - Filling up the DagBag from /opt/airflow/dags/main.py
[2026-07-30T21:00:01.403+0000] {processor.py:840} INFO - DAG(s) 'produce_json' retrieved from /opt/airflow/dags/main.py
[2026-07-30T21:00:01.425+0000] {logging_mixin.py:188} INFO - [2026-07-30T21:00:01.425+0000] {dag.py:3096} INFO - Sync 1 DAGs
[2026-07-30T21:00:01.439+0000] {logging_mixin.py:188} INFO - [2026-07-30T21:00:01.439+0000] {dag.py:3954} INFO - Setting next_dagrun for produce_json to 2026-07-30 18:00:00+00:00, run_after=2026-07-31 18:00:00+00:00
[2026-07-30T21:00:01.451+0000] {processor.py:183} INFO - Processing /opt/airflow/dags/main.py took 0.070 seconds
[2026-07-30T21:00:31.515+0000] {processor.py:161} INFO - Started process (PID=1228) to work on /opt/airflow/dags/main.py
[2026-07-30T21:00:31.517+0000] {processor.py:830} INFO - Processing file /opt/airflow/dags/main.py for tasks to queue
[2026-07-30T21:00:31.519+0000] {logging_mixin.py:188} INFO - [2026-07-30T21:00:31.518+0000] {dagbag.py:545} INFO - Filling up the DagBag from /opt/airflow/dags/main.py
[2026-07-30T21:00:31.535+0000] {processor.py:840} INFO - DAG(s) 'produce_json' retrieved from /opt/airflow/dags/main.py
[2026-07-30T21:00:31.559+0000] {logging_mixin.py:188} INFO - [2026-07-30T21:00:31.559+0000] {dag.py:3096} INFO - Sync 1 DAGs
[2026-07-30T21:00:31.574+0000] {logging_mixin.py:188} INFO - [2026-07-30T21:00:31.574+0000] {dag.py:3954} INFO - Setting next_dagrun for produce_json to 2026-07-30 18:00:00+00:00, run_after=2026-07-31 18:00:00+00:00
[2026-07-30T21:00:31.587+0000] {processor.py:183} INFO - Processing /opt/airflow/dags/main.py took 0.076 seconds
[2026-07-30T21:01:01.658+0000] {processor.py:161} INFO - Started process (PID=1234) to work on /opt/airflow/dags/main.py
[2026-07-30T21:01:01.659+0000] {processor.py:830} INFO - Processing file /opt/airflow/dags/main.py for tasks to queue
[2026-07-30T21:01:01.660+0000] {logging_mixin.py:188} INFO - [2026-07-30T21:01:01.660+0000] {dagbag.py:545} INFO - Filling up the DagBag from /opt/airflow/dags/main.py
[2026-07-30T21:01:01.677+0000] {processor.py:840} INFO - DAG(s) 'produce_json' retrieved from /opt/airflow/dags/main.py
[2026-07-30T21:01:01.700+0000] {logging_mixin.py:188} INFO - [2026-07-30T21:01:01.699+0000] {dag.py:3096} INFO - Sync 1 DAGs
[2026-07-30T21:01:01.717+0000] {logging_mixin.py:188} INFO - [2026-07-30T21:01:01.716+0000] {dag.py:3954} INFO - Setting next_dagrun for produce_json to 2026-07-30 18:00:00+00:00, run_after=2026-07-31 18:00:00+00:00
[2026-07-30T21:01:01.732+0000] {processor.py:183} INFO - Processing /opt/airflow/dags/main.py took 0.079 seconds
[2026-07-30T21:01:31.755+0000] {processor.py:161} INFO - Started process (PID=1241) to work on /opt/airflow/dags/main.py
[2026-07-30T21:01:31.757+0000] {processor.py:830} INFO - Processing file /opt/airflow/dags/main.py for tasks to queue
[2026-07-30T21:01:31.758+0000] {logging_mixin.py:188} INFO - [2026-07-30T21:01:31.758+0000] {dagbag.py:545} INFO - Filling up the DagBag from /opt/airflow/dags/main.py
[2026-07-30T21:01:31.776+0000] {processor.py:840} INFO - DAG(s) 'produce_json' retrieved from /opt/airflow/dags/main.py
[2026-07-30T21:01:31.799+0000] {logging_mixin.py:188} INFO - [2026-07-30T21:01:31.799+0000] {dag.py:3096} INFO - Sync 1 DAGs
[2026-07-30T21:01:31.813+0000] {logging_mixin.py:188} INFO - [2026-07-30T21:01:31.812+0000] {dag.py:3954} INFO - Setting next_dagrun for produce_json to 2026-07-30 18:00:00+00:00, run_after=2026-07-31 18:00:00+00:00
[2026-07-30T21:01:31.826+0000] {processor.py:183} INFO - Processing /opt/airflow/dags/main.py took 0.077 seconds
[2026-07-30T21:02:01.850+0000] {processor.py:161} INFO - Started process (PID=1248) to work on /opt/airflow/dags/main.py
[2026-07-30T21:02:01.850+0000] {processor.py:830} INFO - Processing file /opt/airflow/dags/main.py for tasks to queue
[2026-07-30T21:02:01.852+0000] {logging_mixin.py:188} INFO - [2026-07-30T21:02:01.852+0000] {dagbag.py:545} INFO - Filling up the DagBag from /opt/airflow/dags/main.py
[2026-07-30T21:02:01.874+0000] {processor.py:840} INFO - DAG(s) 'produce_json' retrieved from /opt/airflow/dags/main.py
[2026-07-30T21:02:01.895+0000] {logging_mixin.py:188} INFO - [2026-07-30T21:02:01.895+0000] {dag.py:3096} INFO - Sync 1 DAGs
[2026-07-30T21:02:01.913+0000] {logging_mixin.py:188} INFO - [2026-07-30T21:02:01.913+0000] {dag.py:3954} INFO - Setting next_dagrun for produce_json to 2026-07-30 18:00:00+00:00, run_after=2026-07-31 18:00:00+00:00
[2026-07-30T21:02:01.928+0000] {processor.py:183} INFO - Processing /opt/airflow/dags/main.py took 0.083 seconds
[2026-07-30T21:02:31.961+0000] {processor.py:161} INFO - Started process (PID=1255) to work on /opt/airflow/dags/main.py
[2026-07-30T21:02:31.963+0000] {processor.py:830} INFO - Processing file /opt/airflow/dags/main.py for tasks to queue
[2026-07-30T21:02:31.964+0000] {logging_mixin.py:188} INFO - [2026-07-30T21:02:31.964+0000] {dagbag.py:545} INFO - Filling up the DagBag from /opt/airflow/dags/main.py
[2026-07-30T21:02:31.983+0000] {processor.py:840} INFO - DAG(s) 'produce_json' retrieved from /opt/airflow/dags/main.py
[2026-07-30T21:02:32.008+0000] {logging_mixin.py:188} INFO - [2026-07-30T21:02:32.008+0000] {dag.py:3096} INFO - Sync 1 DAGs
[2026-07-30T21:02:32.024+0000] {logging_mixin.py:188} INFO - [2026-07-30T21:02:32.024+0000] {dag.py:3954} INFO - Setting next_dagrun for produce_json to 2026-07-30 18:00:00+00:00, run_after=2026-07-31 18:00:00+00:00
[2026-07-30T21:02:32.037+0000] {processor.py:183} INFO - Processing /opt/airflow/dags/main.py took 0.081 seconds
[2026-07-30T21:03:02.083+0000] {processor.py:161} INFO - Started process (PID=1262) to work on /opt/airflow/dags/main.py
[2026-07-30T21:03:02.084+0000] {processor.py:830} INFO - Processing file /opt/airflow/dags/main.py for tasks to queue
[2026-07-30T21:03:02.085+0000] {logging_mixin.py:188} INFO - [2026-07-30T21:03:02.085+0000] {dagbag.py:545} INFO - Filling up the DagBag from /opt/airflow/dags/main.py
[2026-07-30T21:03:02.103+0000] {processor.py:840} INFO - DAG(s) 'produce_json' retrieved from /opt/airflow/dags/main.py
[2026-07-30T21:03:02.124+0000] {logging_mixin.py:188} INFO - [2026-07-30T21:03:02.123+0000] {dag.py:3096} INFO - Sync 1 DAGs
[2026-07-30T21:03:02.138+0000] {logging_mixin.py:188} INFO - [2026-07-30T21:03:02.138+0000] {dag.py:3954} INFO - Setting next_dagrun for produce_json to 2026-07-30 18:00:00+00:00, run_after=2026-07-31 18:00:00+00:00
[2026-07-30T21:03:02.152+0000] {processor.py:183} INFO - Processing /opt/airflow/dags/main.py took 0.074 seconds
[2026-07-30T21:03:32.198+0000] {processor.py:161} INFO - Started process (PID=1269) to work on /opt/airflow/dags/main.py
[2026-07-30T21:03:32.200+0000] {processor.py:830} INFO - Processing file /opt/airflow/dags/main.py for tasks to queue
[2026-07-30T21:03:32.201+0000] {logging_mixin.py:188} INFO - [2026-07-30T21:03:32.201+0000] {dagbag.py:545} INFO - Filling up the DagBag from /opt/airflow/dags/main.py
[2026-07-30T21:03:32.219+0000] {processor.py:840} INFO - DAG(s) 'produce_json' retrieved from /opt/airflow/dags/main.py
[2026-07-30T21:03:32.240+0000] {logging_mixin.py:188} INFO - [2026-07-30T21:03:32.239+0000] {dag.py:3096} INFO - Sync 1 DAGs
[2026-07-30T21:03:32.256+0000] {logging_mixin.py:188} INFO - [2026-07-30T21:03:32.256+0000] {dag.py:3954} INFO - Setting next_dagrun for produce_json to 2026-07-30 18:00:00+00:00, run_after=2026-07-31 18:00:00+00:00
[2026-07-30T21:03:32.269+0000] {processor.py:183} INFO - Processing /opt/airflow/dags/main.py took 0.076 seconds
[2026-07-30T21:04:02.319+0000] {processor.py:161} INFO - Started process (PID=1276) to work on /opt/airflow/dags/main.py
[2026-07-30T21:04:02.320+0000] {processor.py:830} INFO - Processing file /opt/airflow/dags/main.py for tasks to queue
[2026-07-30T21:04:02.321+0000] {logging_mixin.py:188} INFO - [2026-07-30T21:04:02.321+0000] {dagbag.py:545} INFO - Filling up the DagBag from /opt/airflow/dags/main.py
[2026-07-30T21:04:02.340+0000] {processor.py:840} INFO - DAG(s) 'produce_json' retrieved from /opt/airflow/dags/main.py
[2026-07-30T21:04:02.363+0000] {logging_mixin.py:188} INFO - [2026-07-30T21:04:02.363+0000] {dag.py:3096} INFO - Sync 1 DAGs
[2026-07-30T21:04:02.377+0000] {logging_mixin.py:188} INFO - [2026-07-30T21:04:02.377+0000] {dag.py:3954} INFO - Setting next_dagrun for produce_json to 2026-07-30 18:00:00+00:00, run_after=2026-07-31 18:00:00+00:00
[2026-07-30T21:04:02.390+0000] {processor.py:183} INFO - Processing /opt/airflow/dags/main.py took 0.076 seconds
[2026-07-30T21:04:32.447+0000] {processor.py:161} INFO - Started process (PID=1283) to work on /opt/airflow/dags/main.py
[2026-07-30T21:04:32.449+0000] {processor.py:830} INFO - Processing file /opt/airflow/dags/main.py for tasks to queue
[2026-07-30T21:04:32.451+0000] {logging_mixin.py:188} INFO - [2026-07-30T21:04:32.450+0000] {dagbag.py:545} INFO - Filling up the DagBag from /opt/airflow/dags/main.py
[2026-07-30T21:04:32.473+0000] {processor.py:840} INFO - DAG(s) 'produce_json' retrieved from /opt/airflow/dags/main.py
[2026-07-30T21:04:32.497+0000] {logging_mixin.py:188} INFO - [2026-07-30T21:04:32.496+0000] {dag.py:3096} INFO - Sync 1 DAGs
[2026-07-30T21:04:32.515+0000] {logging_mixin.py:188} INFO - [2026-07-30T21:04:32.514+0000] {dag.py:3954} INFO - Setting next_dagrun for produce_json to 2026-07-30 18:00:00+00:00, run_after=2026-07-31 18:00:00+00:00
[2026-07-30T21:04:32.528+0000] {processor.py:183} INFO - Processing /opt/airflow/dags/main.py took 0.085 seconds
[2026-07-30T21:05:02.544+0000] {processor.py:161} INFO - Started process (PID=1290) to work on /opt/airflow/dags/main.py
[2026-07-30T21:05:02.545+0000] {processor.py:830} INFO - Processing file /opt/airflow/dags/main.py for tasks to queue
[2026-07-30T21:05:02.546+0000] {logging_mixin.py:188} INFO - [2026-07-30T21:05:02.545+0000] {dagbag.py:545} INFO - Filling up the DagBag from /opt/airflow/dags/main.py
[2026-07-30T21:05:02.563+0000] {processor.py:840} INFO - DAG(s) 'produce_json' retrieved from /opt/airflow/dags/main.py
[2026-07-30T21:05:02.586+0000] {logging_mixin.py:188} INFO - [2026-07-30T21:05:02.586+0000] {dag.py:3096} INFO - Sync 1 DAGs
[2026-07-30T21:05:02.602+0000] {logging_mixin.py:188} INFO - [2026-07-30T21:05:02.601+0000] {dag.py:3954} INFO - Setting next_dagrun for produce_json to 2026-07-30 18:00:00+00:00, run_after=2026-07-31 18:00:00+00:00
[2026-07-30T21:05:02.615+0000] {processor.py:183} INFO - Processing /opt/airflow/dags/main.py took 0.076 seconds
[2026-07-30T21:05:32.662+0000] {processor.py:161} INFO - Started process (PID=1298) to work on /opt/airflow/dags/main.py
[2026-07-30T21:05:32.664+0000] {processor.py:830} INFO - Processing file /opt/airflow/dags/main.py for tasks to queue
[2026-07-30T21:05:32.665+0000] {logging_mixin.py:188} INFO - [2026-07-30T21:05:32.665+0000] {dagbag.py:545} INFO - Filling up the DagBag from /opt/airflow/dags/main.py
[2026-07-30T21:05:32.686+0000] {processor.py:840} INFO - DAG(s) 'produce_json' retrieved from /opt/airflow/dags/main.py
[2026-07-30T21:05:32.708+0000] {logging_mixin.py:188} INFO - [2026-07-30T21:05:32.707+0000] {dag.py:3096} INFO - Sync 1 DAGs
[2026-07-30T21:05:32.724+0000] {logging_mixin.py:188} INFO - [2026-07-30T21:05:32.724+0000] {dag.py:3954} INFO - Setting next_dagrun for produce_json to 2026-07-30 18:00:00+00:00, run_after=2026-07-31 18:00:00+00:00
[2026-07-30T21:05:32.738+0000] {processor.py:183} INFO - Processing /opt/airflow/dags/main.py took 0.081 seconds
[2026-07-30T21:06:02.780+0000] {processor.py:161} INFO - Started process (PID=1310) to work on /opt/airflow/dags/main.py
[2026-07-30T21:06:02.781+0000] {processor.py:830} INFO - Processing file /opt/airflow/dags/main.py for tasks to queue
[2026-07-30T21:06:02.782+0000] {logging_mixin.py:188} INFO - [2026-07-30T21:06:02.781+0000] {dagbag.py:545} INFO - Filling up the DagBag from /opt/airflow/dags/main.py
[2026-07-30T21:06:02.802+0000] {processor.py:840} INFO - DAG(s) 'produce_json' retrieved from /opt/airflow/dags/main.py
[2026-07-30T21:06:02.823+0000] {logging_mixin.py:188} INFO - [2026-07-30T21:06:02.822+0000] {dag.py:3096} INFO - Sync 1 DAGs
[2026-07-30T21:06:02.836+0000] {logging_mixin.py:188} INFO - [2026-07-30T21:06:02.836+0000] {dag.py:3954} INFO - Setting next_dagrun for produce_json to 2026-07-30 18:00:00+00:00, run_after=2026-07-31 18:00:00+00:00
[2026-07-30T21:06:02.848+0000] {processor.py:183} INFO - Processing /opt/airflow/dags/main.py took 0.072 seconds
[2026-07-30T21:06:32.862+0000] {processor.py:161} INFO - Started process (PID=1317) to work on /opt/airflow/dags/main.py
[2026-07-30T21:06:32.864+0000] {processor.py:830} INFO - Processing file /opt/airflow/dags/main.py for tasks to queue
[2026-07-30T21:06:32.865+0000] {logging_mixin.py:188} INFO - [2026-07-30T21:06:32.865+0000] {dagbag.py:545} INFO - Filling up the DagBag from /opt/airflow/dags/main.py
[2026-07-30T21:06:32.890+0000] {processor.py:840} INFO - DAG(s) 'produce_json' retrieved from /opt/airflow/dags/main.py
[2026-07-30T21:06:32.910+0000] {logging_mixin.py:188} INFO - [2026-07-30T21:06:32.910+0000] {dag.py:3096} INFO - Sync 1 DAGs
[2026-07-30T21:06:32.925+0000] {logging_mixin.py:188} INFO - [2026-07-30T21:06:32.925+0000] {dag.py:3954} INFO - Setting next_dagrun for produce_json to 2026-07-30 18:00:00+00:00, run_after=2026-07-31 18:00:00+00:00
[2026-07-30T21:06:32.938+0000] {processor.py:183} INFO - Processing /opt/airflow/dags/main.py took 0.080 seconds
[2026-07-30T21:07:02.962+0000] {processor.py:161} INFO - Started process (PID=1324) to work on /opt/airflow/dags/main.py
[2026-07-30T21:07:02.963+0000] {processor.py:830} INFO - Processing file /opt/airflow/dags/main.py for tasks to queue
[2026-07-30T21:07:02.965+0000] {logging_mixin.py:188} INFO - [2026-07-30T21:07:02.964+0000] {dagbag.py:545} INFO - Filling up the DagBag from /opt/airflow/dags/main.py
[2026-07-30T21:07:02.987+0000] {processor.py:840} INFO - DAG(s) 'produce_json' retrieved from /opt/airflow/dags/main.py
[2026-07-30T21:07:03.006+0000] {logging_mixin.py:188} INFO - [2026-07-30T21:07:03.006+0000] {dag.py:3096} INFO - Sync 1 DAGs
[2026-07-30T21:07:03.021+0000] {logging_mixin.py:188} INFO - [2026-07-30T21:07:03.021+0000] {dag.py:3954} INFO - Setting next_dagrun for produce_json to 2026-07-30 18:00:00+00:00, run_after=2026-07-31 18:00:00+00:00
[2026-07-30T21:07:03.033+0000] {processor.py:183} INFO - Processing /opt/airflow/dags/main.py took 0.075 seconds
[2026-07-30T21:07:33.062+0000] {processor.py:161} INFO - Started process (PID=1331) to work on /opt/airflow/dags/main.py
[2026-07-30T21:07:33.064+0000] {processor.py:830} INFO - Processing file /opt/airflow/dags/main.py for tasks to queue
[2026-07-30T21:07:33.066+0000] {logging_mixin.py:188} INFO - [2026-07-30T21:07:33.066+0000] {dagbag.py:545} INFO - Filling up the DagBag from /opt/airflow/dags/main.py
[2026-07-30T21:07:33.085+0000] {processor.py:840} INFO - DAG(s) 'produce_json' retrieved from /opt/airflow/dags/main.py
[2026-07-30T21:07:33.109+0000] {logging_mixin.py:188} INFO - [2026-07-30T21:07:33.108+0000] {dag.py:3096} INFO - Sync 1 DAGs
[2026-07-30T21:07:33.127+0000] {logging_mixin.py:188} INFO - [2026-07-30T21:07:33.126+0000] {dag.py:3954} INFO - Setting next_dagrun for produce_json to 2026-07-30 18:00:00+00:00, run_after=2026-07-31 18:00:00+00:00
[2026-07-30T21:07:33.141+0000] {processor.py:183} INFO - Processing /opt/airflow/dags/main.py took 0.083 seconds
[2026-07-30T21:08:03.198+0000] {processor.py:161} INFO - Started process (PID=1338) to work on /opt/airflow/dags/main.py
[2026-07-30T21:08:03.198+0000] {processor.py:830} INFO - Processing file /opt/airflow/dags/main.py for tasks to queue
[2026-07-30T21:08:03.200+0000] {logging_mixin.py:188} INFO - [2026-07-30T21:08:03.200+0000] {dagbag.py:545} INFO - Filling up the DagBag from /opt/airflow/dags/main.py
[2026-07-30T21:08:03.228+0000] {processor.py:840} INFO - DAG(s) 'produce_json' retrieved from /opt/airflow/dags/main.py
[2026-07-30T21:08:03.250+0000] {logging_mixin.py:188} INFO - [2026-07-30T21:08:03.250+0000] {dag.py:3096} INFO - Sync 1 DAGs
[2026-07-30T21:08:03.267+0000] {logging_mixin.py:188} INFO - [2026-07-30T21:08:03.267+0000] {dag.py:3954} INFO - Setting next_dagrun for produce_json to 2026-07-30 18:00:00+00:00, run_after=2026-07-31 18:00:00+00:00
[2026-07-30T21:08:03.284+0000] {processor.py:183} INFO - Processing /opt/airflow/dags/main.py took 0.092 seconds
[2026-07-30T21:08:33.334+0000] {processor.py:161} INFO - Started process (PID=1345) to work on /opt/airflow/dags/main.py
[2026-07-30T21:08:33.336+0000] {processor.py:830} INFO - Processing file /opt/airflow/dags/main.py for tasks to queue
[2026-07-30T21:08:33.338+0000] {logging_mixin.py:188} INFO - [2026-07-30T21:08:33.337+0000] {dagbag.py:545} INFO - Filling up the DagBag from /opt/airflow/dags/main.py
[2026-07-30T21:08:33.353+0000] {processor.py:840} INFO - DAG(s) 'produce_json' retrieved from /opt/airflow/dags/main.py
[2026-07-30T21:08:33.377+0000] {logging_mixin.py:188} INFO - [2026-07-30T21:08:33.377+0000] {dag.py:3096} INFO - Sync 1 DAGs
[2026-07-30T21:08:33.393+0000] {logging_mixin.py:188} INFO - [2026-07-30T21:08:33.392+0000] {dag.py:3954} INFO - Setting next_dagrun for produce_json to 2026-07-30 18:00:00+00:00, run_after=2026-07-31 18:00:00+00:00
[2026-07-30T21:08:33.406+0000] {processor.py:183} INFO - Processing /opt/airflow/dags/main.py took 0.077 seconds
[2026-07-30T21:09:03.445+0000] {processor.py:161} INFO - Started process (PID=1352) to work on /opt/airflow/dags/main.py
[2026-07-30T21:09:03.445+0000] {processor.py:830} INFO - Processing file /opt/airflow/dags/main.py for tasks to queue
[2026-07-30T21:09:03.447+0000] {logging_mixin.py:188} INFO - [2026-07-30T21:09:03.447+0000] {dagbag.py:545} INFO - Filling up the DagBag from /opt/airflow/dags/main.py
[2026-07-30T21:09:03.463+0000] {processor.py:840} INFO - DAG(s) 'produce_json' retrieved from /opt/airflow/dags/main.py
[2026-07-30T21:09:03.488+0000] {logging_mixin.py:188} INFO - [2026-07-30T21:09:03.488+0000] {dag.py:3096} INFO - Sync 1 DAGs
[2026-07-30T21:09:03.502+0000] {logging_mixin.py:188} INFO - [2026-07-30T21:09:03.502+0000] {dag.py:3954} INFO - Setting next_dagrun for produce_json to 2026-07-30 18:00:00+00:00, run_after=2026-07-31 18:00:00+00:00
[2026-07-30T21:09:03.516+0000] {processor.py:183} INFO - Processing /opt/airflow/dags/main.py took 0.076 seconds
[2026-07-30T21:09:33.553+0000] {processor.py:161} INFO - Started process (PID=1359) to work on /opt/airflow/dags/main.py
[2026-07-30T21:09:33.554+0000] {processor.py:830} INFO - Processing file /opt/airflow/dags/main.py for tasks to queue
[2026-07-30T21:09:33.557+0000] {logging_mixin.py:188} INFO - [2026-07-30T21:09:33.557+0000] {dagbag.py:545} INFO - Filling up the DagBag from /opt/airflow/dags/main.py
[2026-07-30T21:09:33.576+0000] {processor.py:840} INFO - DAG(s) 'produce_json' retrieved from /opt/airflow/dags/main.py
[2026-07-30T21:09:33.601+0000] {logging_mixin.py:188} INFO - [2026-07-30T21:09:33.600+0000] {dag.py:3096} INFO - Sync 1 DAGs
[2026-07-30T21:09:33.617+0000] {logging_mixin.py:188} INFO - [2026-07-30T21:09:33.617+0000] {dag.py:3954} INFO - Setting next_dagrun for produce_json to 2026-07-30 18:00:00+00:00, run_after=2026-07-31 18:00:00+00:00
[2026-07-30T21:09:33.632+0000] {processor.py:183} INFO - Processing /opt/airflow/dags/main.py took 0.084 seconds
[2026-07-30T21:10:03.666+0000] {processor.py:161} INFO - Started process (PID=1366) to work on /opt/airflow/dags/main.py
[2026-07-30T21:10:03.667+0000] {processor.py:830} INFO - Processing file /opt/airflow/dags/main.py for tasks to queue
[2026-07-30T21:10:03.668+0000] {logging_mixin.py:188} INFO - [2026-07-30T21:10:03.668+0000] {dagbag.py:545} INFO - Filling up the DagBag from /opt/airflow/dags/main.py
[2026-07-30T21:10:03.687+0000] {processor.py:840} INFO - DAG(s) 'produce_json' retrieved from /opt/airflow/dags/main.py
[2026-07-30T21:10:03.711+0000] {logging_mixin.py:188} INFO - [2026-07-30T21:10:03.711+0000] {dag.py:3096} INFO - Sync 1 DAGs
[2026-07-30T21:10:03.727+0000] {logging_mixin.py:188} INFO - [2026-07-30T21:10:03.727+0000] {dag.py:3954} INFO - Setting next_dagrun for produce_json to 2026-07-30 18:00:00+00:00, run_after=2026-07-31 18:00:00+00:00
[2026-07-30T21:10:03.740+0000] {processor.py:183} INFO - Processing /opt/airflow/dags/main.py took 0.079 seconds
[2026-07-30T21:10:33.781+0000] {processor.py:161} INFO - Started process (PID=1373) to work on /opt/airflow/dags/main.py
[2026-07-30T21:10:33.783+0000] {processor.py:830} INFO - Processing file /opt/airflow/dags/main.py for tasks to queue
[2026-07-30T21:10:33.784+0000] {logging_mixin.py:188} INFO - [2026-07-30T21:10:33.784+0000] {dagbag.py:545} INFO - Filling up the DagBag from /opt/airflow/dags/main.py
[2026-07-30T21:10:33.803+0000] {processor.py:840} INFO - DAG(s) 'produce_json' retrieved from /opt/airflow/dags/main.py
[2026-07-30T21:10:33.826+0000] {logging_mixin.py:188} INFO - [2026-07-30T21:10:33.825+0000] {dag.py:3096} INFO - Sync 1 DAGs
[2026-07-30T21:10:33.841+0000] {logging_mixin.py:188} INFO - [2026-07-30T21:10:33.841+0000] {dag.py:3954} INFO - Setting next_dagrun for produce_json to 2026-07-30 18:00:00+00:00, run_after=2026-07-31 18:00:00+00:00
[2026-07-30T21:10:33.854+0000] {processor.py:183} INFO - Processing /opt/airflow/dags/main.py took 0.079 seconds
[2026-07-30T21:11:03.883+0000] {processor.py:161} INFO - Started process (PID=1380) to work on /opt/airflow/dags/main.py
[2026-07-30T21:11:03.884+0000] {processor.py:830} INFO - Processing file /opt/airflow/dags/main.py for tasks to queue
[2026-07-30T21:11:03.885+0000] {logging_mixin.py:188} INFO - [2026-07-30T21:11:03.885+0000] {dagbag.py:545} INFO - Filling up the DagBag from /opt/airflow/dags/main.py
[2026-07-30T21:11:03.914+0000] {processor.py:840} INFO - DAG(s) 'produce_json' retrieved from /opt/airflow/dags/main.py
[2026-07-30T21:11:03.941+0000] {logging_mixin.py:188} INFO - [2026-07-30T21:11:03.941+0000] {dag.py:3096} INFO - Sync 1 DAGs
[2026-07-30T21:11:03.957+0000] {logging_mixin.py:188} INFO - [2026-07-30T21:11:03.957+0000] {dag.py:3954} INFO - Setting next_dagrun for produce_json to 2026-07-30 18:00:00+00:00, run_after=2026-07-31 18:00:00+00:00
[2026-07-30T21:11:03.970+0000] {processor.py:183} INFO - Processing /opt/airflow/dags/main.py took 0.091 seconds
[2026-07-30T21:11:33.994+0000] {processor.py:161} INFO - Started process (PID=1387) to work on /opt/airflow/dags/main.py
[2026-07-30T21:11:33.996+0000] {processor.py:830} INFO - Processing file /opt/airflow/dags/main.py for tasks to queue
[2026-07-30T21:11:33.998+0000] {logging_mixin.py:188} INFO - [2026-07-30T21:11:33.998+0000] {dagbag.py:545} INFO - Filling up the DagBag from /opt/airflow/dags/main.py
[2026-07-30T21:11:34.014+0000] {processor.py:840} INFO - DAG(s) 'produce_json' retrieved from /opt/airflow/dags/main.py
[2026-07-30T21:11:34.033+0000] {logging_mixin.py:188} INFO - [2026-07-30T21:11:34.033+0000] {dag.py:3096} INFO - Sync 1 DAGs
[2026-07-30T21:11:34.048+0000] {logging_mixin.py:188} INFO - [2026-07-30T21:11:34.047+0000] {dag.py:3954} INFO - Setting next_dagrun for produce_json to 2026-07-30 18:00:00+00:00, run_after=2026-07-31 18:00:00+00:00
[2026-07-30T21:11:34.060+0000] {processor.py:183} INFO - Processing /opt/airflow/dags/main.py took 0.072 seconds
[2026-07-30T21:12:04.087+0000] {processor.py:161} INFO - Started process (PID=1394) to work on /opt/airflow/dags/main.py
[2026-07-30T21:12:04.087+0000] {processor.py:830} INFO - Processing file /opt/airflow/dags/main.py for tasks to queue
[2026-07-30T21:12:04.088+0000] {logging_mixin.py:188} INFO - [2026-07-30T21:12:04.088+0000] {dagbag.py:545} INFO - Filling up the DagBag from /opt/airflow/dags/main.py
[2026-07-30T21:12:04.105+0000] {processor.py:840} INFO - DAG(s) 'produce_json' retrieved from /opt/airflow/dags/main.py
[2026-07-30T21:12:04.125+0000] {logging_mixin.py:188} INFO - [2026-07-30T21:12:04.124+0000] {dag.py:3096} INFO - Sync 1 DAGs
[2026-07-30T21:12:04.140+0000] {logging_mixin.py:188} INFO - [2026-07-30T21:12:04.140+0000] {dag.py:3954} INFO - Setting next_dagrun for produce_json to 2026-07-30 18:00:00+00:00, run_after=2026-07-31 18:00:00+00:00
[2026-07-30T21:12:04.152+0000] {processor.py:183} INFO - Processing /opt/airflow/dags/main.py took 0.070 seconds
[2026-07-30T21:12:34.194+0000] {processor.py:161} INFO - Started process (PID=1401) to work on /opt/airflow/dags/main.py
[2026-07-30T21:12:34.197+0000] {processor.py:830} INFO - Processing file /opt/airflow/dags/main.py for tasks to queue
[2026-07-30T21:12:34.202+0000] {logging_mixin.py:188} INFO - [2026-07-30T21:12:34.201+0000] {dagbag.py:545} INFO - Filling up the DagBag from /opt/airflow/dags/main.py
[2026-07-30T21:12:34.222+0000] {processor.py:840} INFO - DAG(s) 'produce_json' retrieved from /opt/airflow/dags/main.py
[2026-07-30T21:12:34.242+0000] {logging_mixin.py:188} INFO - [2026-07-30T21:12:34.241+0000] {dag.py:3096} INFO - Sync 1 DAGs
[2026-07-30T21:12:34.254+0000] {logging_mixin.py:188} INFO - [2026-07-30T21:12:34.254+0000] {dag.py:3954} INFO - Setting next_dagrun for produce_json to 2026-07-30 18:00:00+00:00, run_after=2026-07-31 18:00:00+00:00
[2026-07-30T21:12:34.266+0000] {processor.py:183} INFO - Processing /opt/airflow/dags/main.py took 0.081 seconds
[2026-07-30T21:13:04.321+0000] {processor.py:161} INFO - Started process (PID=1408) to work on /opt/airflow/dags/main.py
[2026-07-30T21:13:04.321+0000] {processor.py:830} INFO - Processing file /opt/airflow/dags/main.py for tasks to queue
[2026-07-30T21:13:04.323+0000] {logging_mixin.py:188} INFO - [2026-07-30T21:13:04.323+0000] {dagbag.py:545} INFO - Filling up the DagBag from /opt/airflow/dags/main.py
[2026-07-30T21:13:04.338+0000] {processor.py:840} INFO - DAG(s) 'produce_json' retrieved from /opt/airflow/dags/main.py
[2026-07-30T21:13:04.357+0000] {logging_mixin.py:188} INFO - [2026-07-30T21:13:04.357+0000] {dag.py:3096} INFO - Sync 1 DAGs
[2026-07-30T21:13:04.369+0000] {logging_mixin.py:188} INFO - [2026-07-30T21:13:04.369+0000] {dag.py:3954} INFO - Setting next_dagrun for produce_json to 2026-07-30 18:00:00+00:00, run_after=2026-07-31 18:00:00+00:00
[2026-07-30T21:13:04.380+0000] {processor.py:183} INFO - Processing /opt/airflow/dags/main.py took 0.063 seconds
[2026-07-30T21:13:34.518+0000] {processor.py:161} INFO - Started process (PID=1415) to work on /opt/airflow/dags/main.py
[2026-07-30T21:13:34.521+0000] {processor.py:830} INFO - Processing file /opt/airflow/dags/main.py for tasks to queue
[2026-07-30T21:13:34.523+0000] {logging_mixin.py:188} INFO - [2026-07-30T21:13:34.522+0000] {dagbag.py:545} INFO - Filling up the DagBag from /opt/airflow/dags/main.py
[2026-07-30T21:13:34.543+0000] {processor.py:840} INFO - DAG(s) 'produce_json' retrieved from /opt/airflow/dags/main.py
[2026-07-30T21:13:34.561+0000] {logging_mixin.py:188} INFO - [2026-07-30T21:13:34.561+0000] {dag.py:3096} INFO - Sync 1 DAGs
[2026-07-30T21:13:34.575+0000] {logging_mixin.py:188} INFO - [2026-07-30T21:13:34.575+0000] {dag.py:3954} INFO - Setting next_dagrun for produce_json to 2026-07-30 18:00:00+00:00, run_after=2026-07-31 18:00:00+00:00
[2026-07-30T21:13:34.587+0000] {processor.py:183} INFO - Processing /opt/airflow/dags/main.py took 0.080 seconds
[2026-07-30T21:14:04.699+0000] {processor.py:161} INFO - Started process (PID=1422) to work on /opt/airflow/dags/main.py
[2026-07-30T21:14:04.700+0000] {processor.py:830} INFO - Processing file /opt/airflow/dags/main.py for tasks to queue
[2026-07-30T21:14:04.702+0000] {logging_mixin.py:188} INFO - [2026-07-30T21:14:04.702+0000] {dagbag.py:545} INFO - Filling up the DagBag from /opt/airflow/dags/main.py
[2026-07-30T21:14:04.724+0000] {processor.py:840} INFO - DAG(s) 'produce_json' retrieved from /opt/airflow/dags/main.py
[2026-07-30T21:14:04.743+0000] {logging_mixin.py:188} INFO - [2026-07-30T21:14:04.743+0000] {dag.py:3096} INFO - Sync 1 DAGs
[2026-07-30T21:14:04.756+0000] {logging_mixin.py:188} INFO - [2026-07-30T21:14:04.756+0000] {dag.py:3954} INFO - Setting next_dagrun for produce_json to 2026-07-30 18:00:00+00:00, run_after=2026-07-31 18:00:00+00:00
[2026-07-30T21:14:04.768+0000] {processor.py:183} INFO - Processing /opt/airflow/dags/main.py took 0.083 seconds
[2026-07-30T21:14:34.880+0000] {processor.py:161} INFO - Started process (PID=1429) to work on /opt/airflow/dags/main.py
[2026-07-30T21:14:34.882+0000] {processor.py:830} INFO - Processing file /opt/airflow/dags/main.py for tasks to queue
[2026-07-30T21:14:34.884+0000] {logging_mixin.py:188} INFO - [2026-07-30T21:14:34.884+0000] {dagbag.py:545} INFO - Filling up the DagBag from /opt/airflow/dags/main.py
[2026-07-30T21:14:34.902+0000] {processor.py:840} INFO - DAG(s) 'produce_json' retrieved from /opt/airflow/dags/main.py
[2026-07-30T21:14:34.924+0000] {logging_mixin.py:188} INFO - [2026-07-30T21:14:34.924+0000] {dag.py:3096} INFO - Sync 1 DAGs
[2026-07-30T21:14:34.937+0000] {logging_mixin.py:188} INFO - [2026-07-30T21:14:34.936+0000] {dag.py:3954} INFO - Setting next_dagrun for produce_json to 2026-07-30 18:00:00+00:00, run_after=2026-07-31 18:00:00+00:00
[2026-07-30T21:14:34.948+0000] {processor.py:183} INFO - Processing /opt/airflow/dags/main.py took 0.080 seconds
[2026-07-30T21:15:05.047+0000] {processor.py:161} INFO - Started process (PID=1436) to work on /opt/airflow/dags/main.py
[2026-07-30T21:15:05.049+0000] {processor.py:830} INFO - Processing file /opt/airflow/dags/main.py for tasks to queue
[2026-07-30T21:15:05.052+0000] {logging_mixin.py:188} INFO - [2026-07-30T21:15:05.051+0000] {dagbag.py:545} INFO - Filling up the DagBag from /opt/airflow/dags/main.py
[2026-07-30T21:15:05.072+0000] {processor.py:840} INFO - DAG(s) 'produce_json' retrieved from /opt/airflow/dags/main.py
[2026-07-30T21:15:05.092+0000] {logging_mixin.py:188} INFO - [2026-07-30T21:15:05.092+0000] {dag.py:3096} INFO - Sync 1 DAGs
[2026-07-30T21:15:05.105+0000] {logging_mixin.py:188} INFO - [2026-07-30T21:15:05.104+0000] {dag.py:3954} INFO - Setting next_dagrun for produce_json to 2026-07-30 18:00:00+00:00, run_after=2026-07-31 18:00:00+00:00
[2026-07-30T21:15:05.115+0000] {processor.py:183} INFO - Processing /opt/airflow/dags/main.py took 0.079 seconds
[2026-07-30T21:15:35.228+0000] {processor.py:161} INFO - Started process (PID=1442) to work on /opt/airflow/dags/main.py
[2026-07-30T21:15:35.230+0000] {processor.py:830} INFO - Processing file /opt/airflow/dags/main.py for tasks to queue
[2026-07-30T21:15:35.234+0000] {logging_mixin.py:188} INFO - [2026-07-30T21:15:35.234+0000] {dagbag.py:545} INFO - Filling up the DagBag from /opt/airflow/dags/main.py
[2026-07-30T21:15:35.262+0000] {processor.py:840} INFO - DAG(s) 'produce_json' retrieved from /opt/airflow/dags/main.py
[2026-07-30T21:15:35.281+0000] {logging_mixin.py:188} INFO - [2026-07-30T21:15:35.281+0000] {dag.py:3096} INFO - Sync 1 DAGs
[2026-07-30T21:15:35.296+0000] {logging_mixin.py:188} INFO - [2026-07-30T21:15:35.296+0000] {dag.py:3954} INFO - Setting next_dagrun for produce_json to 2026-07-30 18:00:00+00:00, run_after=2026-07-31 18:00:00+00:00
[2026-07-30T21:15:35.310+0000] {processor.py:183} INFO - Processing /opt/airflow/dags/main.py took 0.091 seconds
[2026-07-30T21:16:05.413+0000] {processor.py:161} INFO - Started process (PID=1449) to work on /opt/airflow/dags/main.py
[2026-07-30T21:16:05.417+0000] {processor.py:830} INFO - Processing file /opt/airflow/dags/main.py for tasks to queue
[2026-07-30T21:16:05.420+0000] {logging_mixin.py:188} INFO - [2026-07-30T21:16:05.420+0000] {dagbag.py:545} INFO - Filling up the DagBag from /opt/airflow/dags/main.py
[2026-07-30T21:16:05.451+0000] {processor.py:840} INFO - DAG(s) 'produce_json' retrieved from /opt/airflow/dags/main.py
[2026-07-30T21:16:05.469+0000] {logging_mixin.py:188} INFO - [2026-07-30T21:16:05.469+0000] {dag.py:3096} INFO - Sync 1 DAGs
[2026-07-30T21:16:05.481+0000] {logging_mixin.py:188} INFO - [2026-07-30T21:16:05.481+0000] {dag.py:3954} INFO - Setting next_dagrun for produce_json to 2026-07-30 18:00:00+00:00, run_after=2026-07-31 18:00:00+00:00
[2026-07-30T21:16:05.493+0000] {processor.py:183} INFO - Processing /opt/airflow/dags/main.py took 0.092 seconds
[2026-07-30T21:16:35.632+0000] {processor.py:161} INFO - Started process (PID=1456) to work on /opt/airflow/dags/main.py
[2026-07-30T21:16:35.633+0000] {processor.py:830} INFO - Processing file /opt/airflow/dags/main.py for tasks to queue
[2026-07-30T21:16:35.635+0000] {logging_mixin.py:188} INFO - [2026-07-30T21:16:35.635+0000] {dagbag.py:545} INFO - Filling up the DagBag from /opt/airflow/dags/main.py
[2026-07-30T21:16:35.652+0000] {processor.py:840} INFO - DAG(s) 'produce_json' retrieved from /opt/airflow/dags/main.py
[2026-07-30T21:16:35.669+0000] {logging_mixin.py:188} INFO - [2026-07-30T21:16:35.669+0000] {dag.py:3096} INFO - Sync 1 DAGs
[2026-07-30T21:16:35.682+0000] {logging_mixin.py:188} INFO - [2026-07-30T21:16:35.682+0000] {dag.py:3954} INFO - Setting next_dagrun for produce_json to 2026-07-30 18:00:00+00:00, run_after=2026-07-31 18:00:00+00:00
[2026-07-30T21:16:35.694+0000] {processor.py:183} INFO - Processing /opt/airflow/dags/main.py took 0.067 seconds
[2026-07-30T21:17:05.779+0000] {processor.py:161} INFO - Started process (PID=1462) to work on /opt/airflow/dags/main.py
[2026-07-30T21:17:05.780+0000] {processor.py:830} INFO - Processing file /opt/airflow/dags/main.py for tasks to queue
[2026-07-30T21:17:05.782+0000] {logging_mixin.py:188} INFO - [2026-07-30T21:17:05.782+0000] {dagbag.py:545} INFO - Filling up the DagBag from /opt/airflow/dags/main.py
[2026-07-30T21:17:05.804+0000] {processor.py:840} INFO - DAG(s) 'produce_json' retrieved from /opt/airflow/dags/main.py
[2026-07-30T21:17:05.823+0000] {logging_mixin.py:188} INFO - [2026-07-30T21:17:05.823+0000] {dag.py:3096} INFO - Sync 1 DAGs
[2026-07-30T21:17:05.838+0000] {logging_mixin.py:188} INFO - [2026-07-30T21:17:05.838+0000] {dag.py:3954} INFO - Setting next_dagrun for produce_json to 2026-07-30 18:00:00+00:00, run_after=2026-07-31 18:00:00+00:00
[2026-07-30T21:17:05.849+0000] {processor.py:183} INFO - Processing /opt/airflow/dags/main.py took 0.075 seconds
[2026-07-30T21:17:35.967+0000] {processor.py:161} INFO - Started process (PID=1469) to work on /opt/airflow/dags/main.py
[2026-07-30T21:17:35.970+0000] {processor.py:830} INFO - Processing file /opt/airflow/dags/main.py for tasks to queue
[2026-07-30T21:17:35.971+0000] {logging_mixin.py:188} INFO - [2026-07-30T21:17:35.971+0000] {dagbag.py:545} INFO - Filling up the DagBag from /opt/airflow/dags/main.py
[2026-07-30T21:17:35.988+0000] {processor.py:840} INFO - DAG(s) 'produce_json' retrieved from /opt/airflow/dags/main.py
[2026-07-30T21:17:36.011+0000] {logging_mixin.py:188} INFO - [2026-07-30T21:17:36.011+0000] {dag.py:3096} INFO - Sync 1 DAGs
[2026-07-30T21:17:36.023+0000] {logging_mixin.py:188} INFO - [2026-07-30T21:17:36.023+0000] {dag.py:3954} INFO - Setting next_dagrun for produce_json to 2026-07-30 18:00:00+00:00, run_after=2026-07-31 18:00:00+00:00
[2026-07-30T21:17:36.035+0000] {processor.py:183} INFO - Processing /opt/airflow/dags/main.py took 0.075 seconds
[2026-07-30T21:18:06.118+0000] {processor.py:161} INFO - Started process (PID=1476) to work on /opt/airflow/dags/main.py
[2026-07-30T21:18:06.118+0000] {processor.py:830} INFO - Processing file /opt/airflow/dags/main.py for tasks to queue
[2026-07-30T21:18:06.119+0000] {logging_mixin.py:188} INFO - [2026-07-30T21:18:06.119+0000] {dagbag.py:545} INFO - Filling up the DagBag from /opt/airflow/dags/main.py
[2026-07-30T21:18:06.135+0000] {processor.py:840} INFO - DAG(s) 'produce_json' retrieved from /opt/airflow/dags/main.py
[2026-07-30T21:18:06.153+0000] {logging_mixin.py:188} INFO - [2026-07-30T21:18:06.153+0000] {dag.py:3096} INFO - Sync 1 DAGs
[2026-07-30T21:18:06.165+0000] {logging_mixin.py:188} INFO - [2026-07-30T21:18:06.165+0000] {dag.py:3954} INFO - Setting next_dagrun for produce_json to 2026-07-30 18:00:00+00:00, run_after=2026-07-31 18:00:00+00:00
[2026-07-30T21:18:06.177+0000] {processor.py:183} INFO - Processing /opt/airflow/dags/main.py took 0.064 seconds
[2026-07-30T21:18:36.292+0000] {processor.py:161} INFO - Started process (PID=1483) to work on /opt/airflow/dags/main.py
[2026-07-30T21:18:36.294+0000] {processor.py:830} INFO - Processing file /opt/airflow/dags/main.py for tasks to queue
[2026-07-30T21:18:36.295+0000] {logging_mixin.py:188} INFO - [2026-07-30T21:18:36.295+0000] {dagbag.py:545} INFO - Filling up the DagBag from /opt/airflow/dags/main.py
[2026-07-30T21:18:36.311+0000] {processor.py:840} INFO - DAG(s) 'produce_json' retrieved from /opt/airflow/dags/main.py
[2026-07-30T21:18:36.329+0000] {logging_mixin.py:188} INFO - [2026-07-30T21:18:36.329+0000] {dag.py:3096} INFO - Sync 1 DAGs
[2026-07-30T21:18:36.344+0000] {logging_mixin.py:188} INFO - [2026-07-30T21:18:36.343+0000] {dag.py:3954} INFO - Setting next_dagrun for produce_json to 2026-07-30 18:00:00+00:00, run_after=2026-07-31 18:00:00+00:00
[2026-07-30T21:18:36.355+0000] {processor.py:183} INFO - Processing /opt/airflow/dags/main.py took 0.073 seconds
[2026-07-30T21:19:06.445+0000] {processor.py:161} INFO - Started process (PID=1490) to work on /opt/airflow/dags/main.py
[2026-07-30T21:19:06.447+0000] {processor.py:830} INFO - Processing file /opt/airflow/dags/main.py for tasks to queue
[2026-07-30T21:19:06.448+0000] {logging_mixin.py:188} INFO - [2026-07-30T21:19:06.448+0000] {dagbag.py:545} INFO - Filling up the DagBag from /opt/airflow/dags/main.py
[2026-07-30T21:19:06.464+0000] {processor.py:840} INFO - DAG(s) 'produce_json' retrieved from /opt/airflow/dags/main.py
[2026-07-30T21:19:06.481+0000] {logging_mixin.py:188} INFO - [2026-07-30T21:19:06.481+0000] {dag.py:3096} INFO - Sync 1 DAGs
[2026-07-30T21:19:06.493+0000] {logging_mixin.py:188} INFO - [2026-07-30T21:19:06.492+0000] {dag.py:3954} INFO - Setting next_dagrun for produce_json to 2026-07-30 18:00:00+00:00, run_after=2026-07-31 18:00:00+00:00
[2026-07-30T21:19:06.504+0000] {processor.py:183} INFO - Processing /opt/airflow/dags/main.py took 0.063 seconds
[2026-07-30T21:19:36.585+0000] {processor.py:161} INFO - Started process (PID=1497) to work on /opt/airflow/dags/main.py
[2026-07-30T21:19:36.586+0000] {processor.py:830} INFO - Processing file /opt/airflow/dags/main.py for tasks to queue
[2026-07-30T21:19:36.588+0000] {logging_mixin.py:188} INFO - [2026-07-30T21:19:36.587+0000] {dagbag.py:545} INFO - Filling up the DagBag from /opt/airflow/dags/main.py
[2026-07-30T21:19:36.606+0000] {processor.py:840} INFO - DAG(s) 'produce_json' retrieved from /opt/airflow/dags/main.py
[2026-07-30T21:19:36.623+0000] {logging_mixin.py:188} INFO - [2026-07-30T21:19:36.623+0000] {dag.py:3096} INFO - Sync 1 DAGs
[2026-07-30T21:19:36.636+0000] {logging_mixin.py:188} INFO - [2026-07-30T21:19:36.636+0000] {dag.py:3954} INFO - Setting next_dagrun for produce_json to 2026-07-30 18:00:00+00:00, run_after=2026-07-31 18:00:00+00:00
[2026-07-30T21:19:36.647+0000] {processor.py:183} INFO - Processing /opt/airflow/dags/main.py took 0.067 seconds
[2026-07-30T21:20:06.719+0000] {processor.py:161} INFO - Started process (PID=1504) to work on /opt/airflow/dags/main.py
[2026-07-30T21:20:06.722+0000] {processor.py:830} INFO - Processing file /opt/airflow/dags/main.py for tasks to queue
[2026-07-30T21:20:06.724+0000] {logging_mixin.py:188} INFO - [2026-07-30T21:20:06.724+0000] {dagbag.py:545} INFO - Filling up the DagBag from /opt/airflow/dags/main.py
[2026-07-30T21:20:06.741+0000] {processor.py:840} INFO - DAG(s) 'produce_json' retrieved from /opt/airflow/dags/main.py
[2026-07-30T21:20:06.759+0000] {logging_mixin.py:188} INFO - [2026-07-30T21:20:06.759+0000] {dag.py:3096} INFO - Sync 1 DAGs
[2026-07-30T21:20:06.774+0000] {logging_mixin.py:188} INFO - [2026-07-30T21:20:06.774+0000] {dag.py:3954} INFO - Setting next_dagrun for produce_json to 2026-07-30 18:00:00+00:00, run_after=2026-07-31 18:00:00+00:00
[2026-07-30T21:20:06.786+0000] {processor.py:183} INFO - Processing /opt/airflow/dags/main.py took 0.071 seconds
[2026-07-30T21:20:36.878+0000] {processor.py:161} INFO - Started process (PID=1511) to work on /opt/airflow/dags/main.py
[2026-07-30T21:20:36.880+0000] {processor.py:830} INFO - Processing file /opt/airflow/dags/main.py for tasks to queue
[2026-07-30T21:20:36.881+0000] {logging_mixin.py:188} INFO - [2026-07-30T21:20:36.881+0000] {dagbag.py:545} INFO - Filling up the DagBag from /opt/airflow/dags/main.py
[2026-07-30T21:20:36.898+0000] {processor.py:840} INFO - DAG(s) 'produce_json' retrieved from /opt/airflow/dags/main.py
[2026-07-30T21:20:36.916+0000] {logging_mixin.py:188} INFO - [2026-07-30T21:20:36.916+0000] {dag.py:3096} INFO - Sync 1 DAGs
[2026-07-30T21:20:36.928+0000] {logging_mixin.py:188} INFO - [2026-07-30T21:20:36.928+0000] {dag.py:3954} INFO - Setting next_dagrun for produce_json to 2026-07-30 18:00:00+00:00, run_after=2026-07-31 18:00:00+00:00
[2026-07-30T21:20:36.937+0000] {processor.py:183} INFO - Processing /opt/airflow/dags/main.py took 0.066 seconds
[2026-07-30T21:21:07.031+0000] {processor.py:161} INFO - Started process (PID=1518) to work on /opt/airflow/dags/main.py
[2026-07-30T21:21:07.033+0000] {processor.py:830} INFO - Processing file /opt/airflow/dags/main.py for tasks to queue
[2026-07-30T21:21:07.036+0000] {logging_mixin.py:188} INFO - [2026-07-30T21:21:07.036+0000] {dagbag.py:545} INFO - Filling up the DagBag from /opt/airflow/dags/main.py
[2026-07-30T21:21:07.054+0000] {processor.py:840} INFO - DAG(s) 'produce_json' retrieved from /opt/airflow/dags/main.py
[2026-07-30T21:21:07.072+0000] {logging_mixin.py:188} INFO - [2026-07-30T21:21:07.072+0000] {dag.py:3096} INFO - Sync 1 DAGs
[2026-07-30T21:21:07.085+0000] {logging_mixin.py:188} INFO - [2026-07-30T21:21:07.085+0000] {dag.py:3954} INFO - Setting next_dagrun for produce_json to 2026-07-30 18:00:00+00:00, run_after=2026-07-31 18:00:00+00:00
[2026-07-30T21:21:07.097+0000] {processor.py:183} INFO - Processing /opt/airflow/dags/main.py took 0.071 seconds
[2026-07-30T21:21:37.227+0000] {processor.py:161} INFO - Started process (PID=1525) to work on /opt/airflow/dags/main.py
[2026-07-30T21:21:37.230+0000] {processor.py:830} INFO - Processing file /opt/airflow/dags/main.py for tasks to queue
[2026-07-30T21:21:37.233+0000] {logging_mixin.py:188} INFO - [2026-07-30T21:21:37.233+0000] {dagbag.py:545} INFO - Filling up the DagBag from /opt/airflow/dags/main.py
[2026-07-30T21:21:37.251+0000] {processor.py:840} INFO - DAG(s) 'produce_json' retrieved from /opt/airflow/dags/main.py
[2026-07-30T21:21:37.272+0000] {logging_mixin.py:188} INFO - [2026-07-30T21:21:37.271+0000] {dag.py:3096} INFO - Sync 1 DAGs
[2026-07-30T21:21:37.283+0000] {logging_mixin.py:188} INFO - [2026-07-30T21:21:37.283+0000] {dag.py:3954} INFO - Setting next_dagrun for produce_json to 2026-07-30 18:00:00+00:00, run_after=2026-07-31 18:00:00+00:00
[2026-07-30T21:21:37.299+0000] {processor.py:183} INFO - Processing /opt/airflow/dags/main.py took 0.079 seconds
[2026-07-30T21:22:07.375+0000] {processor.py:161} INFO - Started process (PID=1532) to work on /opt/airflow/dags/main.py
[2026-07-30T21:22:07.375+0000] {processor.py:830} INFO - Processing file /opt/airflow/dags/main.py for tasks to queue
[2026-07-30T21:22:07.376+0000] {logging_mixin.py:188} INFO - [2026-07-30T21:22:07.376+0000] {dagbag.py:545} INFO - Filling up the DagBag from /opt/airflow/dags/main.py
[2026-07-30T21:22:07.394+0000] {processor.py:840} INFO - DAG(s) 'produce_json' retrieved from /opt/airflow/dags/main.py
[2026-07-30T21:22:07.417+0000] {logging_mixin.py:188} INFO - [2026-07-30T21:22:07.416+0000] {dag.py:3096} INFO - Sync 1 DAGs
[2026-07-30T21:22:07.430+0000] {logging_mixin.py:188} INFO - [2026-07-30T21:22:07.430+0000] {dag.py:3954} INFO - Setting next_dagrun for produce_json to 2026-07-30 18:00:00+00:00, run_after=2026-07-31 18:00:00+00:00
[2026-07-30T21:22:07.441+0000] {processor.py:183} INFO - Processing /opt/airflow/dags/main.py took 0.075 seconds
[2026-07-30T21:22:37.553+0000] {processor.py:161} INFO - Started process (PID=1538) to work on /opt/airflow/dags/main.py
[2026-07-30T21:22:37.555+0000] {processor.py:830} INFO - Processing file /opt/airflow/dags/main.py for tasks to queue
[2026-07-30T21:22:37.558+0000] {logging_mixin.py:188} INFO - [2026-07-30T21:22:37.558+0000] {dagbag.py:545} INFO - Filling up the DagBag from /opt/airflow/dags/main.py
[2026-07-30T21:22:37.577+0000] {processor.py:840} INFO - DAG(s) 'produce_json' retrieved from /opt/airflow/dags/main.py
[2026-07-30T21:22:37.596+0000] {logging_mixin.py:188} INFO - [2026-07-30T21:22:37.596+0000] {dag.py:3096} INFO - Sync 1 DAGs
[2026-07-30T21:22:37.609+0000] {logging_mixin.py:188} INFO - [2026-07-30T21:22:37.609+0000] {dag.py:3954} INFO - Setting next_dagrun for produce_json to 2026-07-30 18:00:00+00:00, run_after=2026-07-31 18:00:00+00:00
[2026-07-30T21:22:37.620+0000] {processor.py:183} INFO - Processing /opt/airflow/dags/main.py took 0.079 seconds
[2026-07-30T21:23:07.720+0000] {processor.py:161} INFO - Started process (PID=1545) to work on /opt/airflow/dags/main.py
[2026-07-30T21:23:07.723+0000] {processor.py:830} INFO - Processing file /opt/airflow/dags/main.py for tasks to queue
[2026-07-30T21:23:07.726+0000] {logging_mixin.py:188} INFO - [2026-07-30T21:23:07.725+0000] {dagbag.py:545} INFO - Filling up the DagBag from /opt/airflow/dags/main.py
[2026-07-30T21:23:07.744+0000] {processor.py:840} INFO - DAG(s) 'produce_json' retrieved from /opt/airflow/dags/main.py
[2026-07-30T21:23:07.763+0000] {logging_mixin.py:188} INFO - [2026-07-30T21:23:07.763+0000] {dag.py:3096} INFO - Sync 1 DAGs
[2026-07-30T21:23:07.775+0000] {logging_mixin.py:188} INFO - [2026-07-30T21:23:07.775+0000] {dag.py:3954} INFO - Setting next_dagrun for produce_json to 2026-07-30 18:00:00+00:00, run_after=2026-07-31 18:00:00+00:00
[2026-07-30T21:23:07.785+0000] {processor.py:183} INFO - Processing /opt/airflow/dags/main.py took 0.075 seconds
[2026-07-30T21:23:37.877+0000] {processor.py:161} INFO - Started process (PID=1552) to work on /opt/airflow/dags/main.py
[2026-07-30T21:23:37.881+0000] {processor.py:830} INFO - Processing file /opt/airflow/dags/main.py for tasks to queue
[2026-07-30T21:23:37.882+0000] {logging_mixin.py:188} INFO - [2026-07-30T21:23:37.882+0000] {dagbag.py:545} INFO - Filling up the DagBag from /opt/airflow/dags/main.py
[2026-07-30T21:23:37.899+0000] {processor.py:840} INFO - DAG(s) 'produce_json' retrieved from /opt/airflow/dags/main.py
[2026-07-30T21:23:37.918+0000] {logging_mixin.py:188} INFO - [2026-07-30T21:23:37.918+0000] {dag.py:3096} INFO - Sync 1 DAGs
[2026-07-30T21:23:37.930+0000] {logging_mixin.py:188} INFO - [2026-07-30T21:23:37.930+0000] {dag.py:3954} INFO - Setting next_dagrun for produce_json to 2026-07-30 18:00:00+00:00, run_after=2026-07-31 18:00:00+00:00
[2026-07-30T21:23:37.940+0000] {processor.py:183} INFO - Processing /opt/airflow/dags/main.py took 0.069 seconds
[2026-07-30T21:24:08.045+0000] {processor.py:161} INFO - Started process (PID=1558) to work on /opt/airflow/dags/main.py
[2026-07-30T21:24:08.046+0000] {processor.py:830} INFO - Processing file /opt/airflow/dags/main.py for tasks to queue
[2026-07-30T21:24:08.051+0000] {logging_mixin.py:188} INFO - [2026-07-30T21:24:08.050+0000] {dagbag.py:545} INFO - Filling up the DagBag from /opt/airflow/dags/main.py
[2026-07-30T21:24:08.079+0000] {processor.py:840} INFO - DAG(s) 'produce_json' retrieved from /opt/airflow/dags/main.py
[2026-07-30T21:24:08.099+0000] {logging_mixin.py:188} INFO - [2026-07-30T21:24:08.099+0000] {dag.py:3096} INFO - Sync 1 DAGs
[2026-07-30T21:24:08.112+0000] {logging_mixin.py:188} INFO - [2026-07-30T21:24:08.112+0000] {dag.py:3954} INFO - Setting next_dagrun for produce_json to 2026-07-30 18:00:00+00:00, run_after=2026-07-31 18:00:00+00:00
[2026-07-30T21:24:08.124+0000] {processor.py:183} INFO - Processing /opt/airflow/dags/main.py took 0.086 seconds
[2026-07-30T21:24:38.191+0000] {processor.py:161} INFO - Started process (PID=1565) to work on /opt/airflow/dags/main.py
[2026-07-30T21:24:38.193+0000] {processor.py:830} INFO - Processing file /opt/airflow/dags/main.py for tasks to queue
[2026-07-30T21:24:38.194+0000] {logging_mixin.py:188} INFO - [2026-07-30T21:24:38.194+0000] {dagbag.py:545} INFO - Filling up the DagBag from /opt/airflow/dags/main.py
[2026-07-30T21:24:38.211+0000] {processor.py:840} INFO - DAG(s) 'produce_json' retrieved from /opt/airflow/dags/main.py
[2026-07-30T21:24:38.231+0000] {logging_mixin.py:188} INFO - [2026-07-30T21:24:38.231+0000] {dag.py:3096} INFO - Sync 1 DAGs
[2026-07-30T21:24:38.243+0000] {logging_mixin.py:188} INFO - [2026-07-30T21:24:38.243+0000] {dag.py:3954} INFO - Setting next_dagrun for produce_json to 2026-07-30 18:00:00+00:00, run_after=2026-07-31 18:00:00+00:00
[2026-07-30T21:24:38.258+0000] {processor.py:183} INFO - Processing /opt/airflow/dags/main.py took 0.072 seconds
[2026-07-30T21:25:08.378+0000] {processor.py:161} INFO - Started process (PID=1572) to work on /opt/airflow/dags/main.py
[2026-07-30T21:25:08.378+0000] {processor.py:830} INFO - Processing file /opt/airflow/dags/main.py for tasks to queue
[2026-07-30T21:25:08.379+0000] {logging_mixin.py:188} INFO - [2026-07-30T21:25:08.379+0000] {dagbag.py:545} INFO - Filling up the DagBag from /opt/airflow/dags/main.py
[2026-07-30T21:25:08.398+0000] {processor.py:840} INFO - DAG(s) 'produce_json' retrieved from /opt/airflow/dags/main.py
[2026-07-30T21:25:08.419+0000] {logging_mixin.py:188} INFO - [2026-07-30T21:25:08.419+0000] {dag.py:3096} INFO - Sync 1 DAGs
[2026-07-30T21:25:08.436+0000] {logging_mixin.py:188} INFO - [2026-07-30T21:25:08.436+0000] {dag.py:3954} INFO - Setting next_dagrun for produce_json to 2026-07-30 18:00:00+00:00, run_after=2026-07-31 18:00:00+00:00
[2026-07-30T21:25:08.449+0000] {processor.py:183} INFO - Processing /opt/airflow/dags/main.py took 0.076 seconds
[2026-07-30T21:25:38.534+0000] {processor.py:161} INFO - Started process (PID=1579) to work on /opt/airflow/dags/main.py
[2026-07-30T21:25:38.535+0000] {processor.py:830} INFO - Processing file /opt/airflow/dags/main.py for tasks to queue
[2026-07-30T21:25:38.536+0000] {logging_mixin.py:188} INFO - [2026-07-30T21:25:38.536+0000] {dagbag.py:545} INFO - Filling up the DagBag from /opt/airflow/dags/main.py
[2026-07-30T21:25:38.556+0000] {processor.py:840} INFO - DAG(s) 'produce_json' retrieved from /opt/airflow/dags/main.py
[2026-07-30T21:25:38.575+0000] {logging_mixin.py:188} INFO - [2026-07-30T21:25:38.575+0000] {dag.py:3096} INFO - Sync 1 DAGs
[2026-07-30T21:25:38.591+0000] {logging_mixin.py:188} INFO - [2026-07-30T21:25:38.591+0000] {dag.py:3954} INFO - Setting next_dagrun for produce_json to 2026-07-30 18:00:00+00:00, run_after=2026-07-31 18:00:00+00:00
[2026-07-30T21:25:38.603+0000] {processor.py:183} INFO - Processing /opt/airflow/dags/main.py took 0.073 seconds
[2026-07-30T21:26:08.743+0000] {processor.py:161} INFO - Started process (PID=1586) to work on /opt/airflow/dags/main.py
[2026-07-30T21:26:08.743+0000] {processor.py:830} INFO - Processing file /opt/airflow/dags/main.py for tasks to queue
[2026-07-30T21:26:08.745+0000] {logging_mixin.py:188} INFO - [2026-07-30T21:26:08.744+0000] {dagbag.py:545} INFO - Filling up the DagBag from /opt/airflow/dags/main.py
[2026-07-30T21:26:08.761+0000] {processor.py:840} INFO - DAG(s) 'produce_json' retrieved from /opt/airflow/dags/main.py
[2026-07-30T21:26:08.780+0000] {logging_mixin.py:188} INFO - [2026-07-30T21:26:08.780+0000] {dag.py:3096} INFO - Sync 1 DAGs
[2026-07-30T21:26:08.794+0000] {logging_mixin.py:188} INFO - [2026-07-30T21:26:08.794+0000] {dag.py:3954} INFO - Setting next_dagrun for produce_json to 2026-07-30 18:00:00+00:00, run_after=2026-07-31 18:00:00+00:00
[2026-07-30T21:26:08.806+0000] {processor.py:183} INFO - Processing /opt/airflow/dags/main.py took 0.074 seconds
[2026-07-30T21:26:38.918+0000] {processor.py:161} INFO - Started process (PID=1593) to work on /opt/airflow/dags/main.py
[2026-07-30T21:26:38.921+0000] {processor.py:830} INFO - Processing file /opt/airflow/dags/main.py for tasks to queue
[2026-07-30T21:26:38.923+0000] {logging_mixin.py:188} INFO - [2026-07-30T21:26:38.923+0000] {dagbag.py:545} INFO - Filling up the DagBag from /opt/airflow/dags/main.py
[2026-07-30T21:26:38.942+0000] {processor.py:840} INFO - DAG(s) 'produce_json' retrieved from /opt/airflow/dags/main.py
[2026-07-30T21:26:38.961+0000] {logging_mixin.py:188} INFO - [2026-07-30T21:26:38.961+0000] {dag.py:3096} INFO - Sync 1 DAGs
[2026-07-30T21:26:38.975+0000] {logging_mixin.py:188} INFO - [2026-07-30T21:26:38.975+0000] {dag.py:3954} INFO - Setting next_dagrun for produce_json to 2026-07-30 18:00:00+00:00, run_after=2026-07-31 18:00:00+00:00
[2026-07-30T21:26:38.986+0000] {processor.py:183} INFO - Processing /opt/airflow/dags/main.py took 0.086 seconds
[2026-07-30T21:27:09.064+0000] {processor.py:161} INFO - Started process (PID=1600) to work on /opt/airflow/dags/main.py
[2026-07-30T21:27:09.065+0000] {processor.py:830} INFO - Processing file /opt/airflow/dags/main.py for tasks to queue
[2026-07-30T21:27:09.066+0000] {logging_mixin.py:188} INFO - [2026-07-30T21:27:09.066+0000] {dagbag.py:545} INFO - Filling up the DagBag from /opt/airflow/dags/main.py
[2026-07-30T21:27:09.083+0000] {processor.py:840} INFO - DAG(s) 'produce_json' retrieved from /opt/airflow/dags/main.py
[2026-07-30T21:27:09.102+0000] {logging_mixin.py:188} INFO - [2026-07-30T21:27:09.101+0000] {dag.py:3096} INFO - Sync 1 DAGs
[2026-07-30T21:27:09.116+0000] {logging_mixin.py:188} INFO - [2026-07-30T21:27:09.116+0000] {dag.py:3954} INFO - Setting next_dagrun for produce_json to 2026-07-30 18:00:00+00:00, run_after=2026-07-31 18:00:00+00:00
[2026-07-30T21:27:09.129+0000] {processor.py:183} INFO - Processing /opt/airflow/dags/main.py took 0.069 seconds
[2026-07-30T21:27:40.106+0000] {processor.py:161} INFO - Started process (PID=1607) to work on /opt/airflow/dags/main.py
[2026-07-30T21:27:40.108+0000] {processor.py:830} INFO - Processing file /opt/airflow/dags/main.py for tasks to queue
[2026-07-30T21:27:40.109+0000] {logging_mixin.py:188} INFO - [2026-07-30T21:27:40.109+0000] {dagbag.py:545} INFO - Filling up the DagBag from /opt/airflow/dags/main.py
[2026-07-30T21:27:40.127+0000] {processor.py:840} INFO - DAG(s) 'produce_json' retrieved from /opt/airflow/dags/main.py
[2026-07-30T21:27:40.146+0000] {logging_mixin.py:188} INFO - [2026-07-30T21:27:40.145+0000] {dag.py:3096} INFO - Sync 1 DAGs
[2026-07-30T21:27:40.160+0000] {logging_mixin.py:188} INFO - [2026-07-30T21:27:40.159+0000] {dag.py:3954} INFO - Setting next_dagrun for produce_json to 2026-07-30 18:00:00+00:00, run_after=2026-07-31 18:00:00+00:00
[2026-07-30T21:27:40.174+0000] {processor.py:183} INFO - Processing /opt/airflow/dags/main.py took 0.073 seconds
[2026-07-30T21:28:10.206+0000] {processor.py:161} INFO - Started process (PID=1613) to work on /opt/airflow/dags/main.py
[2026-07-30T21:28:10.207+0000] {processor.py:830} INFO - Processing file /opt/airflow/dags/main.py for tasks to queue
[2026-07-30T21:28:10.208+0000] {logging_mixin.py:188} INFO - [2026-07-30T21:28:10.208+0000] {dagbag.py:545} INFO - Filling up the DagBag from /opt/airflow/dags/main.py
[2026-07-30T21:28:10.224+0000] {processor.py:840} INFO - DAG(s) 'produce_json' retrieved from /opt/airflow/dags/main.py
[2026-07-30T21:28:10.249+0000] {logging_mixin.py:188} INFO - [2026-07-30T21:28:10.248+0000] {dag.py:3096} INFO - Sync 1 DAGs
[2026-07-30T21:28:10.266+0000] {logging_mixin.py:188} INFO - [2026-07-30T21:28:10.265+0000] {dag.py:3954} INFO - Setting next_dagrun for produce_json to 2026-07-30 18:00:00+00:00, run_after=2026-07-31 18:00:00+00:00
[2026-07-30T21:28:10.280+0000] {processor.py:183} INFO - Processing /opt/airflow/dags/main.py took 0.078 seconds
[2026-07-30T21:28:40.317+0000] {processor.py:161} INFO - Started process (PID=1620) to work on /opt/airflow/dags/main.py
[2026-07-30T21:28:40.319+0000] {processor.py:830} INFO - Processing file /opt/airflow/dags/main.py for tasks to queue
[2026-07-30T21:28:40.320+0000] {logging_mixin.py:188} INFO - [2026-07-30T21:28:40.320+0000] {dagbag.py:545} INFO - Filling up the DagBag from /opt/airflow/dags/main.py
[2026-07-30T21:28:40.341+0000] {processor.py:840} INFO - DAG(s) 'produce_json' retrieved from /opt/airflow/dags/main.py
[2026-07-30T21:28:40.363+0000] {logging_mixin.py:188} INFO - [2026-07-30T21:28:40.363+0000] {dag.py:3096} INFO - Sync 1 DAGs
[2026-07-30T21:28:40.378+0000] {logging_mixin.py:188} INFO - [2026-07-30T21:28:40.378+0000] {dag.py:3954} INFO - Setting next_dagrun for produce_json to 2026-07-30 18:00:00+00:00, run_after=2026-07-31 18:00:00+00:00
[2026-07-30T21:28:40.392+0000] {processor.py:183} INFO - Processing /opt/airflow/dags/main.py took 0.079 seconds
[2026-07-30T21:29:10.431+0000] {processor.py:161} INFO - Started process (PID=1626) to work on /opt/airflow/dags/main.py
[2026-07-30T21:29:10.432+0000] {processor.py:830} INFO - Processing file /opt/airflow/dags/main.py for tasks to queue
[2026-07-30T21:29:10.434+0000] {logging_mixin.py:188} INFO - [2026-07-30T21:29:10.434+0000] {dagbag.py:545} INFO - Filling up the DagBag from /opt/airflow/dags/main.py
[2026-07-30T21:29:10.454+0000] {processor.py:840} INFO - DAG(s) 'produce_json' retrieved from /opt/airflow/dags/main.py
[2026-07-30T21:29:10.478+0000] {logging_mixin.py:188} INFO - [2026-07-30T21:29:10.478+0000] {dag.py:3096} INFO - Sync 1 DAGs
[2026-07-30T21:29:10.494+0000] {logging_mixin.py:188} INFO - [2026-07-30T21:29:10.494+0000] {dag.py:3954} INFO - Setting next_dagrun for produce_json to 2026-07-30 18:00:00+00:00, run_after=2026-07-31 18:00:00+00:00
[2026-07-30T21:29:10.511+0000] {processor.py:183} INFO - Processing /opt/airflow/dags/main.py took 0.085 seconds
[2026-07-30T21:29:40.558+0000] {processor.py:161} INFO - Started process (PID=1633) to work on /opt/airflow/dags/main.py
[2026-07-30T21:29:40.560+0000] {processor.py:830} INFO - Processing file /opt/airflow/dags/main.py for tasks to queue
[2026-07-30T21:29:40.562+0000] {logging_mixin.py:188} INFO - [2026-07-30T21:29:40.562+0000] {dagbag.py:545} INFO - Filling up the DagBag from /opt/airflow/dags/main.py
[2026-07-30T21:29:40.578+0000] {processor.py:840} INFO - DAG(s) 'produce_json' retrieved from /opt/airflow/dags/main.py
[2026-07-30T21:29:40.601+0000] {logging_mixin.py:188} INFO - [2026-07-30T21:29:40.601+0000] {dag.py:3096} INFO - Sync 1 DAGs
[2026-07-30T21:29:40.615+0000] {logging_mixin.py:188} INFO - [2026-07-30T21:29:40.615+0000] {dag.py:3954} INFO - Setting next_dagrun for produce_json to 2026-07-30 18:00:00+00:00, run_after=2026-07-31 18:00:00+00:00
[2026-07-30T21:29:40.634+0000] {processor.py:183} INFO - Processing /opt/airflow/dags/main.py took 0.081 seconds
[2026-07-30T21:30:10.672+0000] {processor.py:161} INFO - Started process (PID=1640) to work on /opt/airflow/dags/main.py
[2026-07-30T21:30:10.673+0000] {processor.py:830} INFO - Processing file /opt/airflow/dags/main.py for tasks to queue
[2026-07-30T21:30:10.674+0000] {logging_mixin.py:188} INFO - [2026-07-30T21:30:10.674+0000] {dagbag.py:545} INFO - Filling up the DagBag from /opt/airflow/dags/main.py
[2026-07-30T21:30:10.693+0000] {processor.py:840} INFO - DAG(s) 'produce_json' retrieved from /opt/airflow/dags/main.py
[2026-07-30T21:30:10.715+0000] {logging_mixin.py:188} INFO - [2026-07-30T21:30:10.715+0000] {dag.py:3096} INFO - Sync 1 DAGs
[2026-07-30T21:30:10.732+0000] {logging_mixin.py:188} INFO - [2026-07-30T21:30:10.731+0000] {dag.py:3954} INFO - Setting next_dagrun for produce_json to 2026-07-30 18:00:00+00:00, run_after=2026-07-31 18:00:00+00:00
[2026-07-30T21:30:10.746+0000] {processor.py:183} INFO - Processing /opt/airflow/dags/main.py took 0.078 seconds
[2026-07-30T21:30:40.787+0000] {processor.py:161} INFO - Started process (PID=1647) to work on /opt/airflow/dags/main.py
[2026-07-30T21:30:40.790+0000] {processor.py:830} INFO - Processing file /opt/airflow/dags/main.py for tasks to queue
[2026-07-30T21:30:40.791+0000] {logging_mixin.py:188} INFO - [2026-07-30T21:30:40.791+0000] {dagbag.py:545} INFO - Filling up the DagBag from /opt/airflow/dags/main.py
[2026-07-30T21:30:40.810+0000] {processor.py:840} INFO - DAG(s) 'produce_json' retrieved from /opt/airflow/dags/main.py
[2026-07-30T21:30:40.835+0000] {logging_mixin.py:188} INFO - [2026-07-30T21:30:40.835+0000] {dag.py:3096} INFO - Sync 1 DAGs
[2026-07-30T21:30:40.851+0000] {logging_mixin.py:188} INFO - [2026-07-30T21:30:40.851+0000] {dag.py:3954} INFO - Setting next_dagrun for produce_json to 2026-07-30 18:00:00+00:00, run_after=2026-07-31 18:00:00+00:00
[2026-07-30T21:30:40.866+0000] {processor.py:183} INFO - Processing /opt/airflow/dags/main.py took 0.084 seconds
[2026-07-30T21:31:10.934+0000] {processor.py:161} INFO - Started process (PID=1654) to work on /opt/airflow/dags/main.py
[2026-07-30T21:31:10.935+0000] {processor.py:830} INFO - Processing file /opt/airflow/dags/main.py for tasks to queue
[2026-07-30T21:31:10.940+0000] {logging_mixin.py:188} INFO - [2026-07-30T21:31:10.939+0000] {dagbag.py:545} INFO - Filling up the DagBag from /opt/airflow/dags/main.py
[2026-07-30T21:31:10.974+0000] {processor.py:840} INFO - DAG(s) 'produce_json' retrieved from /opt/airflow/dags/main.py
[2026-07-30T21:31:10.998+0000] {logging_mixin.py:188} INFO - [2026-07-30T21:31:10.998+0000] {dag.py:3096} INFO - Sync 1 DAGs
[2026-07-30T21:31:11.012+0000] {logging_mixin.py:188} INFO - [2026-07-30T21:31:11.012+0000] {dag.py:3954} INFO - Setting next_dagrun for produce_json to 2026-07-30 18:00:00+00:00, run_after=2026-07-31 18:00:00+00:00
[2026-07-30T21:31:11.025+0000] {processor.py:183} INFO - Processing /opt/airflow/dags/main.py took 0.102 seconds
[2026-07-30T21:31:41.078+0000] {processor.py:161} INFO - Started process (PID=1661) to work on /opt/airflow/dags/main.py
[2026-07-30T21:31:41.080+0000] {processor.py:830} INFO - Processing file /opt/airflow/dags/main.py for tasks to queue
[2026-07-30T21:31:41.081+0000] {logging_mixin.py:188} INFO - [2026-07-30T21:31:41.081+0000] {dagbag.py:545} INFO - Filling up the DagBag from /opt/airflow/dags/main.py
[2026-07-30T21:31:41.099+0000] {processor.py:840} INFO - DAG(s) 'produce_json' retrieved from /opt/airflow/dags/main.py
[2026-07-30T21:31:41.122+0000] {logging_mixin.py:188} INFO - [2026-07-30T21:31:41.122+0000] {dag.py:3096} INFO - Sync 1 DAGs
[2026-07-30T21:31:41.136+0000] {logging_mixin.py:188} INFO - [2026-07-30T21:31:41.136+0000] {dag.py:3954} INFO - Setting next_dagrun for produce_json to 2026-07-30 18:00:00+00:00, run_after=2026-07-31 18:00:00+00:00
[2026-07-30T21:31:41.149+0000] {processor.py:183} INFO - Processing /opt/airflow/dags/main.py took 0.083 seconds
[2026-07-30T21:32:11.285+0000] {processor.py:161} INFO - Started process (PID=1668) to work on /opt/airflow/dags/main.py
[2026-07-30T21:32:11.286+0000] {processor.py:830} INFO - Processing file /opt/airflow/dags/main.py for tasks to queue
[2026-07-30T21:32:11.288+0000] {logging_mixin.py:188} INFO - [2026-07-30T21:32:11.288+0000] {dagbag.py:545} INFO - Filling up the DagBag from /opt/airflow/dags/main.py
[2026-07-30T21:32:11.311+0000] {processor.py:840} INFO - DAG(s) 'produce_json' retrieved from /opt/airflow/dags/main.py
[2026-07-30T21:32:11.333+0000] {logging_mixin.py:188} INFO - [2026-07-30T21:32:11.333+0000] {dag.py:3096} INFO - Sync 1 DAGs
[2026-07-30T21:32:11.348+0000] {logging_mixin.py:188} INFO - [2026-07-30T21:32:11.348+0000] {dag.py:3954} INFO - Setting next_dagrun for produce_json to 2026-07-30 18:00:00+00:00, run_after=2026-07-31 18:00:00+00:00
[2026-07-30T21:32:11.360+0000] {processor.py:183} INFO - Processing /opt/airflow/dags/main.py took 0.092 seconds
[2026-07-30T21:32:41.382+0000] {processor.py:161} INFO - Started process (PID=1675) to work on /opt/airflow/dags/main.py
[2026-07-30T21:32:41.383+0000] {processor.py:830} INFO - Processing file /opt/airflow/dags/main.py for tasks to queue
[2026-07-30T21:32:41.384+0000] {logging_mixin.py:188} INFO - [2026-07-30T21:32:41.384+0000] {dagbag.py:545} INFO - Filling up the DagBag from /opt/airflow/dags/main.py
[2026-07-30T21:32:41.400+0000] {processor.py:840} INFO - DAG(s) 'produce_json' retrieved from /opt/airflow/dags/main.py
[2026-07-30T21:32:41.419+0000] {logging_mixin.py:188} INFO - [2026-07-30T21:32:41.419+0000] {dag.py:3096} INFO - Sync 1 DAGs
[2026-07-30T21:32:41.432+0000] {logging_mixin.py:188} INFO - [2026-07-30T21:32:41.432+0000] {dag.py:3954} INFO - Setting next_dagrun for produce_json to 2026-07-30 18:00:00+00:00, run_after=2026-07-31 18:00:00+00:00
[2026-07-30T21:32:41.443+0000] {processor.py:183} INFO - Processing /opt/airflow/dags/main.py took 0.065 seconds
[2026-07-30T21:33:11.498+0000] {processor.py:161} INFO - Started process (PID=1681) to work on /opt/airflow/dags/main.py
[2026-07-30T21:33:11.500+0000] {processor.py:830} INFO - Processing file /opt/airflow/dags/main.py for tasks to queue
[2026-07-30T21:33:11.501+0000] {logging_mixin.py:188} INFO - [2026-07-30T21:33:11.501+0000] {dagbag.py:545} INFO - Filling up the DagBag from /opt/airflow/dags/main.py
[2026-07-30T21:33:11.519+0000] {processor.py:840} INFO - DAG(s) 'produce_json' retrieved from /opt/airflow/dags/main.py
[2026-07-30T21:33:11.540+0000] {logging_mixin.py:188} INFO - [2026-07-30T21:33:11.539+0000] {dag.py:3096} INFO - Sync 1 DAGs
[2026-07-30T21:33:11.554+0000] {logging_mixin.py:188} INFO - [2026-07-30T21:33:11.554+0000] {dag.py:3954} INFO - Setting next_dagrun for produce_json to 2026-07-30 18:00:00+00:00, run_after=2026-07-31 18:00:00+00:00
[2026-07-30T21:33:11.566+0000] {processor.py:183} INFO - Processing /opt/airflow/dags/main.py took 0.073 seconds
[2026-07-30T21:33:41.610+0000] {processor.py:161} INFO - Started process (PID=1688) to work on /opt/airflow/dags/main.py
[2026-07-30T21:33:41.611+0000] {processor.py:830} INFO - Processing file /opt/airflow/dags/main.py for tasks to queue
[2026-07-30T21:33:41.613+0000] {logging_mixin.py:188} INFO - [2026-07-30T21:33:41.613+0000] {dagbag.py:545} INFO - Filling up the DagBag from /opt/airflow/dags/main.py
[2026-07-30T21:33:41.631+0000] {processor.py:840} INFO - DAG(s) 'produce_json' retrieved from /opt/airflow/dags/main.py
[2026-07-30T21:33:41.654+0000] {logging_mixin.py:188} INFO - [2026-07-30T21:33:41.653+0000] {dag.py:3096} INFO - Sync 1 DAGs
[2026-07-30T21:33:41.669+0000] {logging_mixin.py:188} INFO - [2026-07-30T21:33:41.668+0000] {dag.py:3954} INFO - Setting next_dagrun for produce_json to 2026-07-30 18:00:00+00:00, run_after=2026-07-31 18:00:00+00:00
[2026-07-30T21:33:41.681+0000] {processor.py:183} INFO - Processing /opt/airflow/dags/main.py took 0.083 seconds
[2026-07-30T21:34:11.729+0000] {processor.py:161} INFO - Started process (PID=1695) to work on /opt/airflow/dags/main.py
[2026-07-30T21:34:11.731+0000] {processor.py:830} INFO - Processing file /opt/airflow/dags/main.py for tasks to queue
[2026-07-30T21:34:11.732+0000] {logging_mixin.py:188} INFO - [2026-07-30T21:34:11.732+0000] {dagbag.py:545} INFO - Filling up the DagBag from /opt/airflow/dags/main.py
[2026-07-30T21:34:11.747+0000] {processor.py:840} INFO - DAG(s) 'produce_json' retrieved from /opt/airflow/dags/main.py
[2026-07-30T21:34:11.770+0000] {logging_mixin.py:188} INFO - [2026-07-30T21:34:11.769+0000] {dag.py:3096} INFO - Sync 1 DAGs
[2026-07-30T21:34:11.784+0000] {logging_mixin.py:188} INFO - [2026-07-30T21:34:11.784+0000] {dag.py:3954} INFO - Setting next_dagrun for produce_json to 2026-07-30 18:00:00+00:00, run_after=2026-07-31 18:00:00+00:00
[2026-07-30T21:34:11.800+0000] {processor.py:183} INFO - Processing /opt/airflow/dags/main.py took 0.076 seconds
[2026-07-30T21:34:41.819+0000] {processor.py:161} INFO - Started process (PID=1701) to work on /opt/airflow/dags/main.py
[2026-07-30T21:34:41.819+0000] {processor.py:830} INFO - Processing file /opt/airflow/dags/main.py for tasks to queue
[2026-07-30T21:34:41.820+0000] {logging_mixin.py:188} INFO - [2026-07-30T21:34:41.820+0000] {dagbag.py:545} INFO - Filling up the DagBag from /opt/airflow/dags/main.py
[2026-07-30T21:34:41.841+0000] {processor.py:840} INFO - DAG(s) 'produce_json' retrieved from /opt/airflow/dags/main.py
[2026-07-30T21:34:41.864+0000] {logging_mixin.py:188} INFO - [2026-07-30T21:34:41.864+0000] {dag.py:3096} INFO - Sync 1 DAGs
[2026-07-30T21:34:41.878+0000] {logging_mixin.py:188} INFO - [2026-07-30T21:34:41.878+0000] {dag.py:3954} INFO - Setting next_dagrun for produce_json to 2026-07-30 18:00:00+00:00, run_after=2026-07-31 18:00:00+00:00
[2026-07-30T21:34:41.891+0000] {processor.py:183} INFO - Processing /opt/airflow/dags/main.py took 0.077 seconds
[2026-07-30T21:35:11.953+0000] {processor.py:161} INFO - Started process (PID=1708) to work on /opt/airflow/dags/main.py
[2026-07-30T21:35:11.956+0000] {processor.py:830} INFO - Processing file /opt/airflow/dags/main.py for tasks to queue
[2026-07-30T21:35:11.958+0000] {logging_mixin.py:188} INFO - [2026-07-30T21:35:11.958+0000] {dagbag.py:545} INFO - Filling up the DagBag from /opt/airflow/dags/main.py
[2026-07-30T21:35:11.988+0000] {processor.py:840} INFO - DAG(s) 'produce_json' retrieved from /opt/airflow/dags/main.py
[2026-07-30T21:35:12.011+0000] {logging_mixin.py:188} INFO - [2026-07-30T21:35:12.011+0000] {dag.py:3096} INFO - Sync 1 DAGs
[2026-07-30T21:35:12.025+0000] {logging_mixin.py:188} INFO - [2026-07-30T21:35:12.025+0000] {dag.py:3954} INFO - Setting next_dagrun for produce_json to 2026-07-30 18:00:00+00:00, run_after=2026-07-31 18:00:00+00:00
[2026-07-30T21:35:12.039+0000] {processor.py:183} INFO - Processing /opt/airflow/dags/main.py took 0.096 seconds
[2026-07-30T21:35:42.136+0000] {processor.py:161} INFO - Started process (PID=1715) to work on /opt/airflow/dags/main.py
[2026-07-30T21:35:42.136+0000] {processor.py:830} INFO - Processing file /opt/airflow/dags/main.py for tasks to queue
[2026-07-30T21:35:42.137+0000] {logging_mixin.py:188} INFO - [2026-07-30T21:35:42.137+0000] {dagbag.py:545} INFO - Filling up the DagBag from /opt/airflow/dags/main.py
[2026-07-30T21:35:42.158+0000] {processor.py:840} INFO - DAG(s) 'produce_json' retrieved from /opt/airflow/dags/main.py
[2026-07-30T21:35:42.181+0000] {logging_mixin.py:188} INFO - [2026-07-30T21:35:42.181+0000] {dag.py:3096} INFO - Sync 1 DAGs
[2026-07-30T21:35:42.201+0000] {logging_mixin.py:188} INFO - [2026-07-30T21:35:42.200+0000] {dag.py:3954} INFO - Setting next_dagrun for produce_json to 2026-07-30 18:00:00+00:00, run_after=2026-07-31 18:00:00+00:00
[2026-07-30T21:35:42.215+0000] {processor.py:183} INFO - Processing /opt/airflow/dags/main.py took 0.087 seconds
[2026-07-30T21:36:12.262+0000] {processor.py:161} INFO - Started process (PID=1722) to work on /opt/airflow/dags/main.py
[2026-07-30T21:36:12.264+0000] {processor.py:830} INFO - Processing file /opt/airflow/dags/main.py for tasks to queue
[2026-07-30T21:36:12.266+0000] {logging_mixin.py:188} INFO - [2026-07-30T21:36:12.265+0000] {dagbag.py:545} INFO - Filling up the DagBag from /opt/airflow/dags/main.py
[2026-07-30T21:36:12.283+0000] {processor.py:840} INFO - DAG(s) 'produce_json' retrieved from /opt/airflow/dags/main.py
[2026-07-30T21:36:12.303+0000] {logging_mixin.py:188} INFO - [2026-07-30T21:36:12.303+0000] {dag.py:3096} INFO - Sync 1 DAGs
[2026-07-30T21:36:12.316+0000] {logging_mixin.py:188} INFO - [2026-07-30T21:36:12.316+0000] {dag.py:3954} INFO - Setting next_dagrun for produce_json to 2026-07-30 18:00:00+00:00, run_after=2026-07-31 18:00:00+00:00
[2026-07-30T21:36:12.330+0000] {processor.py:183} INFO - Processing /opt/airflow/dags/main.py took 0.072 seconds
[2026-07-30T21:36:42.351+0000] {processor.py:161} INFO - Started process (PID=1729) to work on /opt/airflow/dags/main.py
[2026-07-30T21:36:42.352+0000] {processor.py:830} INFO - Processing file /opt/airflow/dags/main.py for tasks to queue
[2026-07-30T21:36:42.353+0000] {logging_mixin.py:188} INFO - [2026-07-30T21:36:42.353+0000] {dagbag.py:545} INFO - Filling up the DagBag from /opt/airflow/dags/main.py
[2026-07-30T21:36:42.372+0000] {processor.py:840} INFO - DAG(s) 'produce_json' retrieved from /opt/airflow/dags/main.py
[2026-07-30T21:36:42.396+0000] {logging_mixin.py:188} INFO - [2026-07-30T21:36:42.395+0000] {dag.py:3096} INFO - Sync 1 DAGs
[2026-07-30T21:36:42.410+0000] {logging_mixin.py:188} INFO - [2026-07-30T21:36:42.410+0000] {dag.py:3954} INFO - Setting next_dagrun for produce_json to 2026-07-30 18:00:00+00:00, run_after=2026-07-31 18:00:00+00:00
[2026-07-30T21:36:42.423+0000] {processor.py:183} INFO - Processing /opt/airflow/dags/main.py took 0.076 seconds
[2026-07-30T21:37:12.522+0000] {processor.py:161} INFO - Started process (PID=1736) to work on /opt/airflow/dags/main.py
[2026-07-30T21:37:12.524+0000] {processor.py:830} INFO - Processing file /opt/airflow/dags/main.py for tasks to queue
[2026-07-30T21:37:12.525+0000] {logging_mixin.py:188} INFO - [2026-07-30T21:37:12.525+0000] {dagbag.py:545} INFO - Filling up the DagBag from /opt/airflow/dags/main.py
[2026-07-30T21:37:12.542+0000] {processor.py:840} INFO - DAG(s) 'produce_json' retrieved from /opt/airflow/dags/main.py
[2026-07-30T21:37:12.563+0000] {logging_mixin.py:188} INFO - [2026-07-30T21:37:12.563+0000] {dag.py:3096} INFO - Sync 1 DAGs
[2026-07-30T21:37:12.579+0000] {logging_mixin.py:188} INFO - [2026-07-30T21:37:12.578+0000] {dag.py:3954} INFO - Setting next_dagrun for produce_json to 2026-07-30 18:00:00+00:00, run_after=2026-07-31 18:00:00+00:00
[2026-07-30T21:37:12.591+0000] {processor.py:183} INFO - Processing /opt/airflow/dags/main.py took 0.076 seconds
[2026-07-30T21:37:42.638+0000] {processor.py:161} INFO - Started process (PID=1742) to work on /opt/airflow/dags/main.py
[2026-07-30T21:37:42.639+0000] {processor.py:830} INFO - Processing file /opt/airflow/dags/main.py for tasks to queue
[2026-07-30T21:37:42.641+0000] {logging_mixin.py:188} INFO - [2026-07-30T21:37:42.640+0000] {dagbag.py:545} INFO - Filling up the DagBag from /opt/airflow/dags/main.py
[2026-07-30T21:37:42.662+0000] {processor.py:840} INFO - DAG(s) 'produce_json' retrieved from /opt/airflow/dags/main.py
[2026-07-30T21:37:42.694+0000] {logging_mixin.py:188} INFO - [2026-07-30T21:37:42.694+0000] {dag.py:3096} INFO - Sync 1 DAGs
[2026-07-30T21:37:42.710+0000] {logging_mixin.py:188} INFO - [2026-07-30T21:37:42.710+0000] {dag.py:3954} INFO - Setting next_dagrun for produce_json to 2026-07-30 18:00:00+00:00, run_after=2026-07-31 18:00:00+00:00
[2026-07-30T21:37:42.723+0000] {processor.py:183} INFO - Processing /opt/airflow/dags/main.py took 0.090 seconds
[2026-07-30T21:38:12.759+0000] {processor.py:161} INFO - Started process (PID=1749) to work on /opt/airflow/dags/main.py
[2026-07-30T21:38:12.761+0000] {processor.py:830} INFO - Processing file /opt/airflow/dags/main.py for tasks to queue
[2026-07-30T21:38:12.763+0000] {logging_mixin.py:188} INFO - [2026-07-30T21:38:12.762+0000] {dagbag.py:545} INFO - Filling up the DagBag from /opt/airflow/dags/main.py
[2026-07-30T21:38:12.783+0000] {processor.py:840} INFO - DAG(s) 'produce_json' retrieved from /opt/airflow/dags/main.py
[2026-07-30T21:38:12.810+0000] {logging_mixin.py:188} INFO - [2026-07-30T21:38:12.810+0000] {dag.py:3096} INFO - Sync 1 DAGs
[2026-07-30T21:38:12.825+0000] {logging_mixin.py:188} INFO - [2026-07-30T21:38:12.825+0000] {dag.py:3954} INFO - Setting next_dagrun for produce_json to 2026-07-30 18:00:00+00:00, run_after=2026-07-31 18:00:00+00:00
[2026-07-30T21:38:12.837+0000] {processor.py:183} INFO - Processing /opt/airflow/dags/main.py took 0.083 seconds
[2026-07-30T21:38:42.868+0000] {processor.py:161} INFO - Started process (PID=1756) to work on /opt/airflow/dags/main.py
[2026-07-30T21:38:42.868+0000] {processor.py:830} INFO - Processing file /opt/airflow/dags/main.py for tasks to queue
[2026-07-30T21:38:42.870+0000] {logging_mixin.py:188} INFO - [2026-07-30T21:38:42.870+0000] {dagbag.py:545} INFO - Filling up the DagBag from /opt/airflow/dags/main.py
[2026-07-30T21:38:42.888+0000] {processor.py:840} INFO - DAG(s) 'produce_json' retrieved from /opt/airflow/dags/main.py
[2026-07-30T21:38:42.915+0000] {logging_mixin.py:188} INFO - [2026-07-30T21:38:42.914+0000] {dag.py:3096} INFO - Sync 1 DAGs
[2026-07-30T21:38:42.929+0000] {logging_mixin.py:188} INFO - [2026-07-30T21:38:42.929+0000] {dag.py:3954} INFO - Setting next_dagrun for produce_json to 2026-07-30 18:00:00+00:00, run_after=2026-07-31 18:00:00+00:00
[2026-07-30T21:38:42.942+0000] {processor.py:183} INFO - Processing /opt/airflow/dags/main.py took 0.080 seconds
[2026-07-30T21:39:12.987+0000] {processor.py:161} INFO - Started process (PID=1763) to work on /opt/airflow/dags/main.py
[2026-07-30T21:39:12.989+0000] {processor.py:830} INFO - Processing file /opt/airflow/dags/main.py for tasks to queue
[2026-07-30T21:39:12.990+0000] {logging_mixin.py:188} INFO - [2026-07-30T21:39:12.990+0000] {dagbag.py:545} INFO - Filling up the DagBag from /opt/airflow/dags/main.py
[2026-07-30T21:39:13.010+0000] {processor.py:840} INFO - DAG(s) 'produce_json' retrieved from /opt/airflow/dags/main.py
[2026-07-30T21:39:13.050+0000] {logging_mixin.py:188} INFO - [2026-07-30T21:39:13.050+0000] {dag.py:3096} INFO - Sync 1 DAGs
[2026-07-30T21:39:13.068+0000] {logging_mixin.py:188} INFO - [2026-07-30T21:39:13.068+0000] {dag.py:3954} INFO - Setting next_dagrun for produce_json to 2026-07-30 18:00:00+00:00, run_after=2026-07-31 18:00:00+00:00
[2026-07-30T21:39:13.081+0000] {processor.py:183} INFO - Processing /opt/airflow/dags/main.py took 0.099 seconds
[2026-07-30T21:39:43.127+0000] {processor.py:161} INFO - Started process (PID=1770) to work on /opt/airflow/dags/main.py
[2026-07-30T21:39:43.128+0000] {processor.py:830} INFO - Processing file /opt/airflow/dags/main.py for tasks to queue
[2026-07-30T21:39:43.130+0000] {logging_mixin.py:188} INFO - [2026-07-30T21:39:43.129+0000] {dagbag.py:545} INFO - Filling up the DagBag from /opt/airflow/dags/main.py
[2026-07-30T21:39:43.152+0000] {processor.py:840} INFO - DAG(s) 'produce_json' retrieved from /opt/airflow/dags/main.py
[2026-07-30T21:39:43.179+0000] {logging_mixin.py:188} INFO - [2026-07-30T21:39:43.179+0000] {dag.py:3096} INFO - Sync 1 DAGs
[2026-07-30T21:39:43.193+0000] {logging_mixin.py:188} INFO - [2026-07-30T21:39:43.192+0000] {dag.py:3954} INFO - Setting next_dagrun for produce_json to 2026-07-30 18:00:00+00:00, run_after=2026-07-31 18:00:00+00:00
[2026-07-30T21:39:43.205+0000] {processor.py:183} INFO - Processing /opt/airflow/dags/main.py took 0.082 seconds
[2026-07-30T21:40:13.249+0000] {processor.py:161} INFO - Started process (PID=1777) to work on /opt/airflow/dags/main.py
[2026-07-30T21:40:13.250+0000] {processor.py:830} INFO - Processing file /opt/airflow/dags/main.py for tasks to queue
[2026-07-30T21:40:13.252+0000] {logging_mixin.py:188} INFO - [2026-07-30T21:40:13.251+0000] {dagbag.py:545} INFO - Filling up the DagBag from /opt/airflow/dags/main.py
[2026-07-30T21:40:13.268+0000] {processor.py:840} INFO - DAG(s) 'produce_json' retrieved from /opt/airflow/dags/main.py
[2026-07-30T21:40:13.292+0000] {logging_mixin.py:188} INFO - [2026-07-30T21:40:13.292+0000] {dag.py:3096} INFO - Sync 1 DAGs
[2026-07-30T21:40:13.309+0000] {logging_mixin.py:188} INFO - [2026-07-30T21:40:13.309+0000] {dag.py:3954} INFO - Setting next_dagrun for produce_json to 2026-07-30 18:00:00+00:00, run_after=2026-07-31 18:00:00+00:00
[2026-07-30T21:40:13.322+0000] {processor.py:183} INFO - Processing /opt/airflow/dags/main.py took 0.078 seconds
[2026-07-30T21:40:43.362+0000] {processor.py:161} INFO - Started process (PID=1784) to work on /opt/airflow/dags/main.py
[2026-07-30T21:40:43.362+0000] {processor.py:830} INFO - Processing file /opt/airflow/dags/main.py for tasks to queue
[2026-07-30T21:40:43.364+0000] {logging_mixin.py:188} INFO - [2026-07-30T21:40:43.363+0000] {dagbag.py:545} INFO - Filling up the DagBag from /opt/airflow/dags/main.py
[2026-07-30T21:40:43.386+0000] {processor.py:840} INFO - DAG(s) 'produce_json' retrieved from /opt/airflow/dags/main.py
[2026-07-30T21:40:43.419+0000] {logging_mixin.py:188} INFO - [2026-07-30T21:40:43.419+0000] {dag.py:3096} INFO - Sync 1 DAGs
[2026-07-30T21:40:43.435+0000] {logging_mixin.py:188} INFO - [2026-07-30T21:40:43.434+0000] {dag.py:3954} INFO - Setting next_dagrun for produce_json to 2026-07-30 18:00:00+00:00, run_after=2026-07-31 18:00:00+00:00
[2026-07-30T21:40:43.448+0000] {processor.py:183} INFO - Processing /opt/airflow/dags/main.py took 0.091 seconds
[2026-07-30T21:41:13.496+0000] {processor.py:161} INFO - Started process (PID=1791) to work on /opt/airflow/dags/main.py
[2026-07-30T21:41:13.497+0000] {processor.py:830} INFO - Processing file /opt/airflow/dags/main.py for tasks to queue
[2026-07-30T21:41:13.498+0000] {logging_mixin.py:188} INFO - [2026-07-30T21:41:13.498+0000] {dagbag.py:545} INFO - Filling up the DagBag from /opt/airflow/dags/main.py
[2026-07-30T21:41:13.526+0000] {processor.py:840} INFO - DAG(s) 'produce_json' retrieved from /opt/airflow/dags/main.py
[2026-07-30T21:41:13.555+0000] {logging_mixin.py:188} INFO - [2026-07-30T21:41:13.555+0000] {dag.py:3096} INFO - Sync 1 DAGs
[2026-07-30T21:41:13.570+0000] {logging_mixin.py:188} INFO - [2026-07-30T21:41:13.570+0000] {dag.py:3954} INFO - Setting next_dagrun for produce_json to 2026-07-30 18:00:00+00:00, run_after=2026-07-31 18:00:00+00:00
[2026-07-30T21:41:13.585+0000] {processor.py:183} INFO - Processing /opt/airflow/dags/main.py took 0.094 seconds
[2026-07-30T21:41:43.646+0000] {processor.py:161} INFO - Started process (PID=1798) to work on /opt/airflow/dags/main.py
[2026-07-30T21:41:43.647+0000] {processor.py:830} INFO - Processing file /opt/airflow/dags/main.py for tasks to queue
[2026-07-30T21:41:43.649+0000] {logging_mixin.py:188} INFO - [2026-07-30T21:41:43.648+0000] {dagbag.py:545} INFO - Filling up the DagBag from /opt/airflow/dags/main.py
[2026-07-30T21:41:43.672+0000] {processor.py:840} INFO - DAG(s) 'produce_json' retrieved from /opt/airflow/dags/main.py
[2026-07-30T21:41:43.697+0000] {logging_mixin.py:188} INFO - [2026-07-30T21:41:43.696+0000] {dag.py:3096} INFO - Sync 1 DAGs
[2026-07-30T21:41:43.716+0000] {logging_mixin.py:188} INFO - [2026-07-30T21:41:43.716+0000] {dag.py:3954} INFO - Setting next_dagrun for produce_json to 2026-07-30 18:00:00+00:00, run_after=2026-07-31 18:00:00+00:00
[2026-07-30T21:41:43.741+0000] {processor.py:183} INFO - Processing /opt/airflow/dags/main.py took 0.101 seconds
[2026-07-30T21:42:13.823+0000] {processor.py:161} INFO - Started process (PID=1804) to work on /opt/airflow/dags/main.py
[2026-07-30T21:42:13.825+0000] {processor.py:830} INFO - Processing file /opt/airflow/dags/main.py for tasks to queue
[2026-07-30T21:42:13.828+0000] {logging_mixin.py:188} INFO - [2026-07-30T21:42:13.827+0000] {dagbag.py:545} INFO - Filling up the DagBag from /opt/airflow/dags/main.py
[2026-07-30T21:42:13.847+0000] {processor.py:840} INFO - DAG(s) 'produce_json' retrieved from /opt/airflow/dags/main.py
[2026-07-30T21:42:13.869+0000] {logging_mixin.py:188} INFO - [2026-07-30T21:42:13.869+0000] {dag.py:3096} INFO - Sync 1 DAGs
[2026-07-30T21:42:13.885+0000] {logging_mixin.py:188} INFO - [2026-07-30T21:42:13.884+0000] {dag.py:3954} INFO - Setting next_dagrun for produce_json to 2026-07-30 18:00:00+00:00, run_after=2026-07-31 18:00:00+00:00
[2026-07-30T21:42:13.898+0000] {processor.py:183} INFO - Processing /opt/airflow/dags/main.py took 0.079 seconds
[2026-07-30T21:42:43.956+0000] {processor.py:161} INFO - Started process (PID=1811) to work on /opt/airflow/dags/main.py
[2026-07-30T21:42:43.956+0000] {processor.py:830} INFO - Processing file /opt/airflow/dags/main.py for tasks to queue
[2026-07-30T21:42:43.958+0000] {logging_mixin.py:188} INFO - [2026-07-30T21:42:43.957+0000] {dagbag.py:545} INFO - Filling up the DagBag from /opt/airflow/dags/main.py
[2026-07-30T21:42:43.982+0000] {processor.py:840} INFO - DAG(s) 'produce_json' retrieved from /opt/airflow/dags/main.py
[2026-07-30T21:42:44.004+0000] {logging_mixin.py:188} INFO - [2026-07-30T21:42:44.003+0000] {dag.py:3096} INFO - Sync 1 DAGs
[2026-07-30T21:42:44.018+0000] {logging_mixin.py:188} INFO - [2026-07-30T21:42:44.018+0000] {dag.py:3954} INFO - Setting next_dagrun for produce_json to 2026-07-30 18:00:00+00:00, run_after=2026-07-31 18:00:00+00:00
[2026-07-30T21:42:44.034+0000] {processor.py:183} INFO - Processing /opt/airflow/dags/main.py took 0.084 seconds
[2026-07-30T21:43:14.097+0000] {processor.py:161} INFO - Started process (PID=1818) to work on /opt/airflow/dags/main.py
[2026-07-30T21:43:14.099+0000] {processor.py:830} INFO - Processing file /opt/airflow/dags/main.py for tasks to queue
[2026-07-30T21:43:14.100+0000] {logging_mixin.py:188} INFO - [2026-07-30T21:43:14.100+0000] {dagbag.py:545} INFO - Filling up the DagBag from /opt/airflow/dags/main.py
[2026-07-30T21:43:14.125+0000] {processor.py:840} INFO - DAG(s) 'produce_json' retrieved from /opt/airflow/dags/main.py
[2026-07-30T21:43:14.147+0000] {logging_mixin.py:188} INFO - [2026-07-30T21:43:14.147+0000] {dag.py:3096} INFO - Sync 1 DAGs
[2026-07-30T21:43:14.088+0000] {logging_mixin.py:188} INFO - [2026-07-30T21:43:14.087+0000] {dag.py:3954} INFO - Setting next_dagrun for produce_json to 2026-07-30 18:00:00+00:00, run_after=2026-07-31 18:00:00+00:00
[2026-07-30T21:43:14.101+0000] {processor.py:183} INFO - Processing /opt/airflow/dags/main.py took 0.086 seconds
[2026-07-30T21:44:21.262+0000] {processor.py:161} INFO - Started process (PID=36) to work on /opt/airflow/dags/main.py
[2026-07-30T21:44:21.263+0000] {processor.py:830} INFO - Processing file /opt/airflow/dags/main.py for tasks to queue
[2026-07-30T21:44:21.264+0000] {logging_mixin.py:188} INFO - [2026-07-30T21:44:21.264+0000] {dagbag.py:545} INFO - Filling up the DagBag from /opt/airflow/dags/main.py
[2026-07-30T21:44:21.305+0000] {processor.py:840} INFO - DAG(s) 'produce_json' retrieved from /opt/airflow/dags/main.py
[2026-07-30T21:44:21.457+0000] {logging_mixin.py:188} INFO - [2026-07-30T21:44:21.456+0000] {dag.py:3096} INFO - Sync 1 DAGs
[2026-07-30T21:44:21.475+0000] {logging_mixin.py:188} INFO - [2026-07-30T21:44:21.475+0000] {dag.py:3954} INFO - Setting next_dagrun for produce_json to 2026-07-30 18:00:00+00:00, run_after=2026-07-31 18:00:00+00:00
[2026-07-30T21:44:21.493+0000] {processor.py:183} INFO - Processing /opt/airflow/dags/main.py took 0.237 seconds
[2026-07-30T21:44:51.570+0000] {processor.py:161} INFO - Started process (PID=43) to work on /opt/airflow/dags/main.py
[2026-07-30T21:44:51.572+0000] {processor.py:830} INFO - Processing file /opt/airflow/dags/main.py for tasks to queue
[2026-07-30T21:44:51.575+0000] {logging_mixin.py:188} INFO - [2026-07-30T21:44:51.574+0000] {dagbag.py:545} INFO - Filling up the DagBag from /opt/airflow/dags/main.py
[2026-07-30T21:44:51.602+0000] {processor.py:840} INFO - DAG(s) 'produce_json' retrieved from /opt/airflow/dags/main.py
[2026-07-30T21:44:51.630+0000] {logging_mixin.py:188} INFO - [2026-07-30T21:44:51.629+0000] {dag.py:3096} INFO - Sync 1 DAGs
[2026-07-30T21:44:51.649+0000] {logging_mixin.py:188} INFO - [2026-07-30T21:44:51.649+0000] {dag.py:3954} INFO - Setting next_dagrun for produce_json to 2026-07-30 18:00:00+00:00, run_after=2026-07-31 18:00:00+00:00
[2026-07-30T21:44:51.664+0000] {processor.py:183} INFO - Processing /opt/airflow/dags/main.py took 0.100 seconds
[2026-07-30T21:45:21.770+0000] {processor.py:161} INFO - Started process (PID=50) to work on /opt/airflow/dags/main.py
[2026-07-30T21:45:21.772+0000] {processor.py:830} INFO - Processing file /opt/airflow/dags/main.py for tasks to queue
[2026-07-30T21:45:21.774+0000] {logging_mixin.py:188} INFO - [2026-07-30T21:45:21.774+0000] {dagbag.py:545} INFO - Filling up the DagBag from /opt/airflow/dags/main.py
[2026-07-30T21:45:21.793+0000] {processor.py:840} INFO - DAG(s) 'produce_json' retrieved from /opt/airflow/dags/main.py
[2026-07-30T21:45:21.814+0000] {logging_mixin.py:188} INFO - [2026-07-30T21:45:21.814+0000] {dag.py:3096} INFO - Sync 1 DAGs
[2026-07-30T21:45:21.829+0000] {logging_mixin.py:188} INFO - [2026-07-30T21:45:21.829+0000] {dag.py:3954} INFO - Setting next_dagrun for produce_json to 2026-07-30 18:00:00+00:00, run_after=2026-07-31 18:00:00+00:00
[2026-07-30T21:45:21.841+0000] {processor.py:183} INFO - Processing /opt/airflow/dags/main.py took 0.076 seconds
